0.00.157.993 I srv  llama_server: initializing ...
0.00.158.005 I cmn  common_param: common_params_print_info: verbosity = 3 (adjust with the `-lv N` CLI arg)
0.00.158.260 W srv  llama_server: security: no API key is set and CORS allows all origins (see https://github.com/ggml-org/llama.cpp/pull/25655)
0.00.159.654 I srv    load_model: loading model '/home/cchild/.bongo/models/Swift-1.5-Qwen3.8-Flash-Next-GSQ-RCO-GGUF/iq2_xs/Swift-Qwen3.8-Flash-Next-GSQ-RCO-IQ2_XS-00001-of-00002.gguf'
0.00.457.884 W common_fit_params: failed to fit params to free device memory: n_gpu_layers already set by user to 99, abort
GGML_VK_HOST_COPY #1 bytes=1048576 total=1048576
GGML_VK_HOST_COPY #2 bytes=1048576 total=2097152
GGML_VK_HOST_COPY #3 bytes=1048576 total=3145728
GGML_VK_HOST_COPY #4 bytes=1048576 total=4194304
GGML_VK_HOST_COPY #100 bytes=1048576 total=104857600
GGML_VK_HOST_COPY #200 bytes=1048576 total=209715200
GGML_VK_HOST_COPY #300 bytes=1048576 total=314572800
GGML_VK_HOST_COPY #400 bytes=1048576 total=418455552
GGML_VK_HOST_COPY #500 bytes=1048576 total=523313152
GGML_VK_HOST_COPY #600 bytes=1048576 total=627384320
GGML_VK_HOST_COPY #700 bytes=1048576 total=732241920
GGML_VK_HOST_COPY #800 bytes=1048576 total=837099520
GGML_VK_HOST_COPY #900 bytes=1048576 total=941170688
GGML_VK_HOST_COPY #1000 bytes=1048576 total=1046028288
GGML_VK_HOST_COPY #1100 bytes=1048576 total=1150099456
GGML_VK_HOST_COPY #1200 bytes=1048576 total=1254957056
GGML_VK_HOST_COPY #1300 bytes=1048576 total=1359814656
GGML_VK_HOST_COPY #1400 bytes=1048576 total=1463885824
GGML_VK_HOST_COPY #1500 bytes=1048576 total=1568743424
GGML_VK_HOST_COPY #1600 bytes=1048576 total=1673601024
GGML_VK_HOST_COPY #1700 bytes=1048576 total=1777672192
GGML_VK_HOST_COPY #1800 bytes=1048576 total=1882529792
GGML_VK_HOST_COPY #1900 bytes=1048576 total=1986600960
GGML_VK_HOST_COPY #2000 bytes=1048576 total=2091458560
GGML_VK_HOST_COPY #2100 bytes=1048576 total=2196316160
GGML_VK_HOST_COPY #2200 bytes=1048576 total=2300387328
GGML_VK_HOST_COPY #2300 bytes=1048576 total=2405244928
GGML_VK_HOST_COPY #2400 bytes=1048576 total=2509316096
GGML_VK_HOST_COPY #2500 bytes=1048576 total=2614173696
GGML_VK_HOST_COPY #2600 bytes=1048576 total=2719031296
GGML_VK_HOST_COPY #2700 bytes=1048576 total=2823102464
GGML_VK_HOST_COPY #2800 bytes=1048576 total=2927960064
GGML_VK_HOST_COPY #2900 bytes=1048576 total=3032031232
GGML_VK_HOST_COPY #3000 bytes=1048576 total=3136888832
GGML_VK_HOST_COPY #3100 bytes=1048576 total=3241746432
GGML_VK_HOST_COPY #3200 bytes=1048576 total=3345817600
GGML_VK_HOST_COPY #3300 bytes=1048576 total=3450675200
GGML_VK_HOST_COPY #3400 bytes=1048576 total=3555532800
GGML_VK_HOST_COPY #3500 bytes=1048576 total=3659603968
GGML_VK_HOST_COPY #3600 bytes=1048576 total=3764461568
GGML_VK_HOST_COPY #3700 bytes=1048576 total=3868532736
GGML_VK_HOST_COPY #3800 bytes=1048576 total=3973390336
GGML_VK_HOST_COPY #3900 bytes=1048576 total=4078247936
GGML_VK_HOST_COPY #4000 bytes=1048576 total=4182319104
GGML_VK_HOST_COPY #4100 bytes=1048576 total=4287176704
GGML_VK_HOST_COPY #4200 bytes=1048576 total=4391247872
GGML_VK_HOST_COPY #4300 bytes=1048576 total=4496105472
GGML_VK_HOST_COPY #4400 bytes=1048576 total=4600963072
GGML_VK_HOST_COPY #4500 bytes=1048576 total=4705034240
GGML_VK_HOST_COPY #4600 bytes=1048576 total=4809891840
GGML_VK_HOST_COPY #4700 bytes=1048576 total=4913963008
GGML_VK_HOST_COPY #4800 bytes=1048576 total=5018820608
GGML_VK_HOST_COPY #4900 bytes=1048576 total=5123678208
GGML_VK_HOST_COPY #5000 bytes=1048576 total=5227749376
GGML_VK_HOST_COPY #5100 bytes=1048576 total=5332606976
GGML_VK_HOST_COPY #5200 bytes=1048576 total=5437464576
GGML_VK_HOST_COPY #5300 bytes=1048576 total=5541535744
GGML_VK_HOST_COPY #5400 bytes=1048576 total=5646393344
GGML_VK_HOST_COPY #5500 bytes=1048576 total=5750464512
GGML_VK_HOST_COPY #5600 bytes=1048576 total=5855322112
GGML_VK_HOST_COPY #5700 bytes=1048576 total=5960179712
GGML_VK_HOST_COPY #5800 bytes=1048576 total=6064250880
GGML_VK_HOST_COPY #5900 bytes=1048576 total=6169108480
GGML_VK_HOST_COPY #6000 bytes=1048576 total=6273179648
GGML_VK_HOST_COPY #6100 bytes=1048576 total=6378037248
GGML_VK_HOST_COPY #6200 bytes=1048576 total=6482894848
GGML_VK_HOST_COPY #6300 bytes=1048576 total=6586966016
GGML_VK_HOST_COPY #6400 bytes=1048576 total=6691823616
GGML_VK_HOST_COPY #6500 bytes=1048576 total=6795894784
GGML_VK_HOST_COPY #6600 bytes=1048576 total=6900752384
GGML_VK_HOST_COPY #6700 bytes=1048576 total=7005609984
GGML_VK_HOST_COPY #6800 bytes=1048576 total=7109681152
GGML_VK_HOST_COPY #6900 bytes=1048576 total=7214538752
GGML_VK_HOST_COPY #7000 bytes=1048576 total=7319396352
GGML_VK_HOST_COPY #7100 bytes=1048576 total=7423467520
GGML_VK_HOST_COPY #7200 bytes=1048576 total=7528325120
GGML_VK_HOST_COPY #7300 bytes=1048576 total=7632396288
GGML_VK_HOST_COPY #7400 bytes=1048576 total=7737253888
GGML_VK_HOST_COPY #7500 bytes=1048576 total=7842111488
GGML_VK_HOST_COPY #7600 bytes=1048576 total=7946182656
GGML_VK_HOST_COPY #7700 bytes=1048576 total=8051040256
GGML_VK_HOST_COPY #7800 bytes=1048576 total=8155111424
GGML_VK_HOST_COPY #7900 bytes=1048576 total=8259969024
GGML_VK_HOST_COPY #8000 bytes=1048576 total=8364826624
GGML_VK_HOST_COPY #8100 bytes=1048576 total=8468897792
GGML_VK_HOST_COPY #8200 bytes=1048576 total=8573755392
GGML_VK_HOST_COPY #8300 bytes=1048576 total=8677826560
GGML_VK_HOST_COPY #8400 bytes=1048576 total=8782684160
GGML_VK_HOST_COPY #8500 bytes=1048576 total=8887541760
GGML_VK_HOST_COPY #8600 bytes=1048576 total=8991612928
GGML_VK_HOST_COPY #8700 bytes=1048576 total=9096470528
GGML_VK_HOST_COPY #8800 bytes=1048576 total=9201328128
GGML_VK_HOST_COPY #8900 bytes=1048576 total=9305399296
GGML_VK_HOST_COPY #9000 bytes=1048576 total=9410256896
GGML_VK_HOST_COPY #9100 bytes=1048576 total=9514328064
GGML_VK_HOST_COPY #9200 bytes=1048576 total=9619185664
GGML_VK_HOST_COPY #9300 bytes=1048576 total=9724043264
GGML_VK_HOST_COPY #9400 bytes=1048576 total=9828114432
GGML_VK_HOST_COPY #9500 bytes=1048576 total=9932972032
GGML_VK_HOST_COPY #9600 bytes=1048576 total=10037043200
GGML_VK_HOST_COPY #9700 bytes=1048576 total=10141900800
GGML_VK_HOST_COPY #9800 bytes=1048576 total=10246758400
GGML_VK_HOST_COPY #9900 bytes=1048576 total=10350829568
GGML_VK_HOST_COPY #10000 bytes=1048576 total=10455687168
GGML_VK_HOST_COPY #10100 bytes=1048576 total=10559758336
GGML_VK_HOST_COPY #10200 bytes=1048576 total=10664615936
GGML_VK_HOST_COPY #10300 bytes=1048576 total=10769473536
GGML_VK_HOST_COPY #10400 bytes=1048576 total=10873544704
GGML_VK_HOST_COPY #10500 bytes=1048576 total=10978402304
GGML_VK_HOST_COPY #10600 bytes=1048576 total=11083259904
GGML_VK_HOST_COPY #10700 bytes=1048576 total=11187331072
GGML_VK_HOST_COPY #10800 bytes=1048576 total=11292188672
GGML_VK_HOST_COPY #10900 bytes=1048576 total=11396259840
GGML_VK_HOST_COPY #11000 bytes=1048576 total=11501117440
GGML_VK_HOST_COPY #11100 bytes=1048576 total=11605975040
GGML_VK_HOST_COPY #11200 bytes=1048576 total=11710046208
GGML_VK_HOST_COPY #11300 bytes=1048576 total=11814903808
GGML_VK_HOST_COPY #11400 bytes=1048576 total=11918974976
GGML_VK_HOST_COPY #11500 bytes=1048576 total=12023832576
GGML_VK_HOST_COPY #11600 bytes=1048576 total=12128690176
GGML_VK_HOST_COPY #11700 bytes=1048576 total=12232761344
GGML_VK_HOST_COPY #11800 bytes=1048576 total=12337618944
GGML_VK_HOST_COPY #11900 bytes=1048576 total=12441690112
GGML_VK_HOST_COPY #12000 bytes=1048576 total=12546547712
GGML_VK_HOST_COPY #12100 bytes=1048576 total=12651405312
GGML_VK_HOST_COPY #12200 bytes=1048576 total=12755476480
GGML_VK_HOST_COPY #12300 bytes=1048576 total=12860334080
GGML_VK_HOST_COPY #12400 bytes=1048576 total=12965191680
GGML_VK_HOST_COPY #12500 bytes=1048576 total=13069262848
GGML_VK_HOST_COPY #12600 bytes=1048576 total=13174120448
GGML_VK_HOST_COPY #12700 bytes=1048576 total=13278191616
GGML_VK_HOST_COPY #12800 bytes=1048576 total=13383049216
GGML_VK_HOST_COPY #12900 bytes=1048576 total=13487906816
GGML_VK_HOST_COPY #13000 bytes=1048576 total=13591977984
GGML_VK_HOST_COPY #13100 bytes=1048576 total=13696835584
GGML_VK_HOST_COPY #13200 bytes=1048576 total=13800906752
GGML_VK_HOST_COPY #13300 bytes=1048576 total=13905764352
GGML_VK_HOST_COPY #13400 bytes=1048576 total=14010621952
GGML_VK_HOST_COPY #13500 bytes=1048576 total=14114693120
GGML_VK_HOST_COPY #13600 bytes=1048576 total=14219550720
GGML_VK_HOST_COPY #13700 bytes=1048576 total=14323621888
GGML_VK_HOST_COPY #13800 bytes=1048576 total=14428479488
GGML_VK_HOST_COPY #13900 bytes=1048576 total=14533337088
GGML_VK_HOST_COPY #14000 bytes=1048576 total=14638194688
GGML_VK_HOST_COPY #14100 bytes=1048576 total=14743052288
GGML_VK_HOST_COPY #14200 bytes=1048576 total=14847909888
GGML_VK_HOST_COPY #14300 bytes=1048576 total=14952767488
GGML_VK_HOST_COPY #14400 bytes=1048576 total=15057625088
GGML_VK_HOST_COPY #14500 bytes=1048576 total=15162482688
GGML_VK_HOST_COPY #14600 bytes=1048576 total=15267340288
GGML_VK_HOST_COPY #14700 bytes=1048576 total=15372197888
GGML_VK_HOST_COPY #14800 bytes=1048576 total=15477055488
GGML_VK_HOST_COPY #14900 bytes=1048576 total=15581913088
GGML_VK_HOST_COPY #15000 bytes=1048576 total=15686770688
GGML_VK_HOST_COPY #15100 bytes=1048576 total=15791628288
GGML_VK_HOST_COPY #15200 bytes=1048576 total=15896485888
GGML_VK_HOST_COPY #15300 bytes=1048576 total=16001343488
GGML_VK_HOST_COPY #15400 bytes=1048576 total=16106201088
GGML_VK_HOST_COPY #15500 bytes=1048576 total=16211058688
GGML_VK_HOST_COPY #15600 bytes=1048576 total=16315916288
GGML_VK_HOST_COPY #15700 bytes=1048576 total=16420773888
GGML_VK_HOST_COPY #15800 bytes=1048576 total=16525631488
GGML_VK_HOST_COPY #15900 bytes=1048576 total=16630489088
GGML_VK_HOST_COPY #16000 bytes=1048576 total=16735346688
GGML_VK_HOST_COPY #16100 bytes=1048576 total=16840204288
GGML_VK_HOST_COPY #16200 bytes=1048576 total=16945061888
GGML_VK_HOST_COPY #16300 bytes=1048576 total=17049919488
GGML_VK_HOST_COPY #16400 bytes=1048576 total=17154777088
GGML_VK_HOST_COPY #16500 bytes=1048576 total=17259634688
GGML_VK_HOST_COPY #16600 bytes=1048576 total=17364492288
GGML_VK_HOST_COPY #16700 bytes=1048576 total=17469349888
GGML_VK_HOST_COPY #16800 bytes=1048576 total=17574207488
GGML_VK_HOST_COPY #16900 bytes=1048576 total=17679065088
GGML_VK_HOST_COPY #17000 bytes=1048576 total=17783922688
GGML_VK_HOST_COPY #17100 bytes=1048576 total=17888780288
GGML_VK_HOST_COPY #17200 bytes=1048576 total=17993637888
GGML_VK_HOST_COPY #17300 bytes=1048576 total=18098495488
GGML_VK_HOST_COPY #17400 bytes=1048576 total=18203353088
GGML_VK_HOST_COPY #17500 bytes=1048576 total=18308210688
GGML_VK_HOST_COPY #17600 bytes=1048576 total=18413068288
GGML_VK_HOST_COPY #17700 bytes=1048576 total=18517925888
GGML_VK_HOST_COPY #17800 bytes=1048576 total=18622783488
GGML_VK_HOST_COPY #17900 bytes=1048576 total=18727641088
GGML_VK_HOST_COPY #18000 bytes=1048576 total=18832498688
GGML_VK_HOST_COPY #18100 bytes=1048576 total=18937356288
GGML_VK_HOST_COPY #18200 bytes=1048576 total=19042213888
GGML_VK_HOST_COPY #18300 bytes=1048576 total=19147071488
GGML_VK_HOST_COPY #18400 bytes=1048576 total=19251929088
GGML_VK_HOST_COPY #18500 bytes=1048576 total=19356786688
GGML_VK_HOST_COPY #18600 bytes=1048576 total=19461644288
GGML_VK_HOST_COPY #18700 bytes=1048576 total=19566501888
GGML_VK_HOST_COPY #18800 bytes=1048576 total=19671359488
GGML_VK_HOST_COPY #18900 bytes=1048576 total=19776217088
GGML_VK_HOST_COPY #19000 bytes=1048576 total=19881074688
GGML_VK_HOST_COPY #19100 bytes=1048576 total=19985932288
GGML_VK_HOST_COPY #19200 bytes=1048576 total=20090789888
GGML_VK_HOST_COPY #19300 bytes=1048576 total=20195647488
GGML_VK_HOST_COPY #19400 bytes=1048576 total=20300505088
GGML_VK_HOST_COPY #19500 bytes=1048576 total=20405362688
GGML_VK_HOST_COPY #19600 bytes=1048576 total=20510220288
GGML_VK_HOST_COPY #19700 bytes=1048576 total=20615077888
GGML_VK_HOST_COPY #19800 bytes=1048576 total=20719935488
GGML_VK_HOST_COPY #19900 bytes=1048576 total=20824793088
GGML_VK_HOST_COPY #20000 bytes=1048576 total=20929650688
GGML_VK_HOST_COPY #20100 bytes=1048576 total=21034508288
GGML_VK_HOST_COPY #20200 bytes=1048576 total=21139365888
GGML_VK_HOST_COPY #20300 bytes=1048576 total=21244223488
GGML_VK_HOST_COPY #20400 bytes=1048576 total=21349081088
GGML_VK_HOST_COPY #20500 bytes=1048576 total=21453938688
GGML_VK_HOST_COPY #20600 bytes=1048576 total=21558796288
GGML_VK_HOST_COPY #20700 bytes=1048576 total=21663653888
GGML_VK_HOST_COPY #20800 bytes=1048576 total=21768511488
GGML_VK_HOST_COPY #20900 bytes=1048576 total=21873369088
GGML_VK_HOST_COPY #21000 bytes=1048576 total=21978226688
GGML_VK_HOST_COPY #21100 bytes=1048576 total=22082297856
GGML_VK_HOST_COPY #21200 bytes=1048576 total=22187155456
GGML_VK_HOST_COPY #21300 bytes=1048576 total=22292013056
GGML_VK_HOST_COPY #21400 bytes=1048576 total=22396084224
GGML_VK_HOST_COPY #21500 bytes=1048576 total=22500941824
GGML_VK_HOST_COPY #21600 bytes=1048576 total=22605012992
GGML_VK_HOST_COPY #21700 bytes=1048576 total=22709870592
GGML_VK_HOST_COPY #21800 bytes=1048576 total=22813941760
GGML_VK_HOST_COPY #21900 bytes=1048576 total=22918799360
GGML_VK_HOST_COPY #22000 bytes=1048576 total=23022870528
GGML_VK_HOST_COPY #22100 bytes=1048576 total=23127728128
GGML_VK_HOST_COPY #22200 bytes=1048576 total=23231799296
GGML_VK_HOST_COPY #22300 bytes=1048576 total=23336656896
GGML_VK_HOST_COPY #22400 bytes=1048576 total=23440728064
GGML_VK_HOST_COPY #22500 bytes=1048576 total=23545585664
GGML_VK_HOST_COPY #22600 bytes=1048576 total=23649656832
GGML_VK_HOST_COPY #22700 bytes=1048576 total=23754514432
GGML_VK_HOST_COPY #22800 bytes=1048576 total=23858585600
GGML_VK_HOST_COPY #22900 bytes=1048576 total=23963443200
GGML_VK_HOST_COPY #23000 bytes=1048576 total=24067514368
GGML_VK_HOST_COPY #23100 bytes=1048576 total=24172371968
GGML_VK_HOST_COPY #23200 bytes=1048576 total=24277229568
GGML_VK_HOST_COPY #23300 bytes=1048576 total=24382087168
GGML_VK_HOST_COPY #23400 bytes=1048576 total=24486813696
GGML_VK_HOST_COPY #23500 bytes=1048576 total=24591278080
GGML_VK_HOST_COPY #23600 bytes=1048576 total=24692924416
GGML_VK_HOST_COPY #23700 bytes=1048576 total=24792506368
GGML_VK_HOST_COPY #23800 bytes=1048576 total=24891334656
GGML_VK_HOST_COPY #23900 bytes=1048576 total=24990916608
GGML_VK_HOST_COPY #24000 bytes=1048576 total=25090498560
GGML_VK_HOST_COPY #24100 bytes=1048576 total=25191022592
GGML_VK_HOST_COPY #24200 bytes=1048576 total=25293856768
GGML_VK_HOST_COPY #24300 bytes=1048576 total=25398321152
GGML_VK_HOST_COPY #24400 bytes=1048576 total=25502752768
GGML_VK_HOST_COPY #24500 bytes=1048576 total=25607217152
GGML_VK_HOST_COPY #24600 bytes=1048576 total=25711648768
GGML_VK_HOST_COPY #24700 bytes=1048576 total=25809461248
GGML_VK_HOST_COPY #24800 bytes=1048576 total=25904537600
GGML_VK_HOST_COPY #24900 bytes=262144 total=25997598720
GGML_VK_HOST_COPY #25000 bytes=1048576 total=26091446272
GGML_VK_HOST_COPY #25100 bytes=1048576 total=26185293824
GGML_VK_HOST_COPY #25200 bytes=1048576 total=26279141376
GGML_VK_HOST_COPY #25300 bytes=1048576 total=26372202496
GGML_VK_HOST_COPY #25400 bytes=1048576 total=26466050048
GGML_VK_HOST_COPY #25500 bytes=1048576 total=26559897600
GGML_VK_HOST_COPY #25600 bytes=262144 total=26652958720
GGML_VK_HOST_COPY #25700 bytes=1048576 total=26746806272
GGML_VK_HOST_COPY #25800 bytes=1048576 total=26840653824
GGML_VK_HOST_COPY #25900 bytes=1048576 total=26934501376
GGML_VK_HOST_COPY #26000 bytes=1048576 total=27027562496
GGML_VK_HOST_COPY #26100 bytes=1048576 total=27121410048
GGML_VK_HOST_COPY #26200 bytes=1048576 total=27226267648
GGML_VK_HOST_COPY #26300 bytes=1048576 total=27331125248
GGML_VK_HOST_COPY #26400 bytes=1048576 total=27422678016
GGML_VK_HOST_COPY #26500 bytes=870400 total=27502090240
GGML_VK_HOST_COPY #26600 bytes=245760 total=27567761920
GGML_VK_HOST_COPY #26700 bytes=81920 total=27588078080
GGML_VK_HOST_COPY #26800 bytes=40960 total=27595819520
GGML_VK_HOST_COPY #26900 bytes=10240 total=27599577600
GGML_VK_HOST_COPY #27000 bytes=512 total=27600001024
1.07.826.968 I cmn          init: llama threadpool init, n_threads = 8
GGML_VK_HOST_COPY #27100 bytes=204800 total=27601459200
GGML_SCHED_UPLOAD_STATS layers=0 copies=0 bytes=0 branch_ms=0.00 id_ms=0.00 wait_ms=0.16
GGML_SCHED_UPLOAD_STATS layers=0 copies=0 bytes=0 branch_ms=0.00 id_ms=0.00 wait_ms=0.20
1.08.068.599 I srv    load_model: initializing, n_slots = 1, n_ctx_slot = 131072, kv_unified = 'false'
1.08.073.201 W srv          init: chat template supports preserving reasoning, it is enabled by default (may use more tokens, disable via --no-reasoning-preserve)
1.08.073.246 I srv  llama_server: model loaded
1.08.073.253 I srv  llama_server: listening on http://127.0.0.1:8080
1.08.073.254 W srv  llama_server: notice: server default port will be changed to :9931 in a future release (ref: https://github.com/ggml-org/llama.cpp/pull/26508)
1.10.219.832 I slot get_availabl: id  0 | task -1 | selected slot by LRU, t_last = -1
1.10.219.868 I slot launch_slot_: id  0 | task 0 | processing task, is_child = 0
GGML_VK_HOST_COPY #27200 bytes=1574912 total=27695827968
GGML_VK_HOST_COPY #27300 bytes=525312 total=27801888768
GGML_VK_HOST_COPY #27400 bytes=461312 total=27911200768
GGML_VK_HOST_COPY #27500 bytes=461312 total=28017235968
GGML_VK_HOST_COPY #27600 bytes=1690112 total=28108276736
GGML_VK_HOST_COPY #27700 bytes=422912 total=28189428736
GGML_VK_HOST_COPY #27800 bytes=461312 total=28278913536
GGML_VK_HOST_COPY #27900 bytes=1382912 total=28369742336
GGML_VK_HOST_COPY #28000 bytes=1574912 total=28483303936
GGML_VK_HOST_COPY #28100 bytes=2099712 total=28607732224
GGML_VK_HOST_COPY #28200 bytes=461312 total=28723686912
GGML_VK_HOST_COPY #28300 bytes=1574912 total=28838144000
GGML_VK_HOST_COPY #28400 bytes=1050112 total=28931609600
GGML_VK_HOST_COPY #28500 bytes=525312 total=29029798400
GGML_VK_HOST_COPY #28600 bytes=461312 total=29117875200
GGML_VK_HOST_COPY #28700 bytes=1267712 total=29196876800
GGML_VK_HOST_COPY #28800 bytes=1267712 total=29275071488
GGML_VK_HOST_COPY #28900 bytes=845312 total=29351154688
GGML_VK_HOST_COPY #29000 bytes=461312 total=29433650176
GGML_VK_HOST_COPY #29100 bytes=3149312 total=29538686464
GGML_VK_HOST_COPY #29200 bytes=525312 total=29657342464
GGML_VK_HOST_COPY #29300 bytes=922112 total=29772440064
GGML_VK_HOST_COPY #29400 bytes=461312 total=29874328064
GGML_VK_HOST_COPY #29500 bytes=525312 total=30021374464
GGML_VK_HOST_COPY #29600 bytes=525312 total=30165745152
GGML_VK_HOST_COPY #29700 bytes=3686912 total=30308016640
GGML_VK_HOST_COPY #29800 bytes=1050112 total=30428835328
GGML_VK_HOST_COPY #29900 bytes=5248512 total=30563760128
GGML_VK_HOST_COPY #30000 bytes=3149312 total=30690812928
GGML_VK_HOST_COPY #30100 bytes=461312 total=30804963328
GGML_VK_HOST_COPY #30200 bytes=358912 total=30901475328
GGML_VK_HOST_COPY #30300 bytes=358912 total=30988976128
GGML_VK_HOST_COPY #30400 bytes=922112 total=31080931328
GGML_VK_HOST_COPY #30500 bytes=3379712 total=31189424128
GGML_VK_HOST_COPY #30600 bytes=422912 total=31297187328
GGML_VK_HOST_COPY #30700 bytes=422912 total=31397769216
GGML_VK_HOST_COPY #30800 bytes=1382912 total=31511829504
GGML_VK_HOST_COPY #30900 bytes=845312 total=31610107392
GGML_VK_HOST_COPY #31000 bytes=1689600 total=31709422080
GGML_VK_HOST_COPY #31100 bytes=2957312 total=31803246080
GGML_VK_HOST_COPY #31200 bytes=461312 total=31901024768
GGML_VK_HOST_COPY #31300 bytes=845312 total=32021190656
GGML_VK_HOST_COPY #31400 bytes=2534912 total=32148384256
GGML_VK_HOST_COPY #31500 bytes=1843712 total=32274656256
GGML_VK_HOST_COPY #31600 bytes=525312 total=32405549056
GGML_VK_HOST_COPY #31700 bytes=1050112 total=32549920256
GGML_VK_HOST_COPY #31800 bytes=1050112 total=32679072256
GGML_VK_HOST_COPY #31900 bytes=2304512 total=32802502656
GGML_VK_HOST_COPY #32000 bytes=717312 total=32919494656
GGML_VK_HOST_COPY #32100 bytes=3226112 total=33010937856
GGML_VK_HOST_COPY #32200 bytes=717312 total=33102739456
GGML_VK_HOST_COPY #32300 bytes=461312 total=33218144256
GGML_VK_HOST_COPY #32400 bytes=845312 total=33352173056
GGML_VK_HOST_COPY #32500 bytes=845312 total=33472185344
GGML_VK_HOST_COPY #32600 bytes=461312 total=33599301632
GGML_VK_HOST_COPY #32700 bytes=4198912 total=33716433920
GGML_VK_HOST_COPY #32800 bytes=525312 total=33855557120
GGML_VK_HOST_COPY #32900 bytes=1050112 total=33984184320
GGML_VK_HOST_COPY #33000 bytes=2304512 total=34109048320
GGML_SCHED_UPLOAD_STATS layers=48 copies=5919 bytes=6550067712 branch_ms=79.85 id_ms=74.76 wait_ms=564.21
GGML_VK_HOST_COPY #33100 bytes=525312 total=34222783488
GGML_VK_HOST_COPY #33200 bytes=2099712 total=34324120576
GGML_VK_HOST_COPY #33300 bytes=525312 total=34429131776
GGML_VK_HOST_COPY #33400 bytes=461312 total=34515928064
GGML_VK_HOST_COPY #33500 bytes=422912 total=34601246720
GGML_VK_HOST_COPY #33600 bytes=422912 total=34681131520
GGML_VK_HOST_COPY #33700 bytes=1382912 total=34762629120
GGML_VK_HOST_COPY #33800 bytes=1843712 total=34849771520
GGML_VK_HOST_COPY #33900 bytes=525312 total=34942033920
GGML_VK_HOST_COPY #34000 bytes=1050112 total=35042846208
GGML_VK_HOST_COPY #34100 bytes=461312 total=35142096896
GGML_VK_HOST_COPY #34200 bytes=525312 total=35234038784
GGML_VK_HOST_COPY #34300 bytes=525312 total=35312285184
GGML_VK_HOST_COPY #34400 bytes=525312 total=35388957184
GGML_VK_HOST_COPY #34500 bytes=922112 total=35462608384
GGML_VK_HOST_COPY #34600 bytes=845312 total=35530857984
GGML_VK_HOST_COPY #34700 bytes=422912 total=35592579584
GGML_VK_HOST_COPY #34800 bytes=461312 total=35655990784
GGML_VK_HOST_COPY #34900 bytes=1050112 total=35724995584
GGML_VK_HOST_COPY #35000 bytes=525312 total=35806915584
GGML_VK_HOST_COPY #35100 bytes=461312 total=35888541184
GGML_VK_HOST_COPY #35200 bytes=525312 total=35959619584
GGML_VK_HOST_COPY #35300 bytes=1574912 total=36049936384
GGML_VK_HOST_COPY #35400 bytes=525312 total=36136579072
GGML_VK_HOST_COPY #35500 bytes=461312 total=36216578560
GGML_VK_HOST_COPY #35600 bytes=2624512 total=36299842048
GGML_VK_HOST_COPY #35700 bytes=2099712 total=36387534848
GGML_VK_HOST_COPY #35800 bytes=525312 total=36467880448
GGML_VK_HOST_COPY #35900 bytes=461312 total=36548482048
GGML_VK_HOST_COPY #36000 bytes=358912 total=36619291648
GGML_VK_HOST_COPY #36100 bytes=717312 total=36673460736
GGML_VK_HOST_COPY #36200 bytes=461312 total=36731981824
GGML_VK_HOST_COPY #36300 bytes=1267712 total=36802842112
GGML_VK_HOST_COPY #36400 bytes=422912 total=36865830912
GGML_VK_HOST_COPY #36500 bytes=1267712 total=36931776000
GGML_VK_HOST_COPY #36600 bytes=461312 total=37002060288
GGML_VK_HOST_COPY #36700 bytes=422912 total=37072152576
GGML_VK_HOST_COPY #36800 bytes=422912 total=37134296576
GGML_VK_HOST_COPY #36900 bytes=922112 total=37199435776
GGML_VK_HOST_COPY #37000 bytes=845312 total=37267147776
GGML_VK_HOST_COPY #37100 bytes=422912 total=37330981376
GGML_VK_HOST_COPY #37200 bytes=422912 total=37395659776
GGML_VK_HOST_COPY #37300 bytes=1382912 total=37463986176
GGML_VK_HOST_COPY #37400 bytes=525312 total=37532082176
GGML_VK_HOST_COPY #37500 bytes=1050112 total=37615051264
GGML_VK_HOST_COPY #37600 bytes=922112 total=37694308352
GGML_VK_HOST_COPY #37700 bytes=922112 total=37764861952
GGML_VK_HOST_COPY #37800 bytes=717312 total=37813757440
GGML_VK_HOST_COPY #37900 bytes=1075712 total=37863626240
GGML_VK_HOST_COPY #38000 bytes=922112 total=37923530240
GGML_VK_HOST_COPY #38100 bytes=422912 total=37999383040
GGML_VK_HOST_COPY #38200 bytes=845312 total=38067440640
GGML_VK_HOST_COPY #38300 bytes=461312 total=38138109440
GGML_VK_HOST_COPY #38400 bytes=461312 total=38210506240
GGML_VK_HOST_COPY #38500 bytes=525312 total=38292170240
GGML_VK_HOST_COPY #38600 bytes=1050112 total=38378288128
GGML_VK_HOST_COPY #38700 bytes=461312 total=38456623616
GGML_SCHED_UPLOAD_STATS layers=48 copies=5706 bytes=4321886720 branch_ms=65.40 id_ms=60.54 wait_ms=488.30
GGML_VK_HOST_COPY #38800 bytes=525312 total=38545180672
GGML_VK_HOST_COPY #38900 bytes=1050112 total=38644943360
GGML_VK_HOST_COPY #39000 bytes=525312 total=38752053760
GGML_VK_HOST_COPY #39100 bytes=461312 total=38836264448
GGML_VK_HOST_COPY #39200 bytes=1267712 total=38921237504
GGML_VK_HOST_COPY #39300 bytes=1690112 total=39000699904
GGML_VK_HOST_COPY #39400 bytes=922112 total=39079816704
GGML_VK_HOST_COPY #39500 bytes=461312 total=39163733504
GGML_VK_HOST_COPY #39600 bytes=525312 total=39255547904
GGML_VK_HOST_COPY #39700 bytes=525312 total=39351636992
GGML_VK_HOST_COPY #39800 bytes=922112 total=39448199680
GGML_VK_HOST_COPY #39900 bytes=525312 total=39536186368
GGML_VK_HOST_COPY #40000 bytes=525312 total=39616007168
GGML_VK_HOST_COPY #40100 bytes=1050112 total=39694778368
GGML_VK_HOST_COPY #40200 bytes=461312 total=39769223168
GGML_VK_HOST_COPY #40300 bytes=845312 total=39838317568
GGML_VK_HOST_COPY #40400 bytes=422912 total=39901728768
GGML_VK_HOST_COPY #40500 bytes=922112 total=39967290368
GGML_VK_HOST_COPY #40600 bytes=525312 total=40034426368
GGML_VK_HOST_COPY #40700 bytes=1574912 total=40113722368
GGML_VK_HOST_COPY #40800 bytes=525312 total=40189869568
GGML_VK_HOST_COPY #40900 bytes=2765312 total=40261562368
GGML_VK_HOST_COPY #41000 bytes=525312 total=40341331968
GGML_VK_HOST_COPY #41100 bytes=525312 total=40418003456
GGML_VK_HOST_COPY #41200 bytes=461312 total=40503430144
GGML_VK_HOST_COPY #41300 bytes=461312 total=40579513344
GGML_VK_HOST_COPY #41400 bytes=1050112 total=40663557632
GGML_VK_HOST_COPY #41500 bytes=1050112 total=40758072832
GGML_VK_HOST_COPY #41600 bytes=461312 total=40850207232
GGML_VK_HOST_COPY #41700 bytes=1434112 total=40932280832
GGML_VK_HOST_COPY #41800 bytes=358912 total=40990750720
GGML_VK_HOST_COPY #41900 bytes=358912 total=41049937920
GGML_VK_HOST_COPY #42000 bytes=461312 total=41125355008
GGML_VK_HOST_COPY #42100 bytes=422912 total=41190032896
GGML_VK_HOST_COPY #42200 bytes=422912 total=41260201984
GGML_VK_HOST_COPY #42300 bytes=461312 total=41334172672
GGML_VK_HOST_COPY #42400 bytes=1267712 total=41406684160
GGML_VK_HOST_COPY #42500 bytes=845312 total=41467983360
GGML_VK_HOST_COPY #42600 bytes=422912 total=41524636160
GGML_VK_HOST_COPY #42700 bytes=1382912 total=41589352960
GGML_VK_HOST_COPY #42800 bytes=422912 total=41656181760
GGML_VK_HOST_COPY #42900 bytes=422912 total=41717480960
GGML_VK_HOST_COPY #43000 bytes=422912 total=41781736960
GGML_VK_HOST_COPY #43100 bytes=922112 total=41849448960
GGML_VK_HOST_COPY #43200 bytes=525312 total=41922306560
GGML_VK_HOST_COPY #43300 bytes=1050112 total=42004226048
GGML_VK_HOST_COPY #43400 bytes=461312 total=42081870336
GGML_VK_HOST_COPY #43500 bytes=717312 total=42144999424
GGML_VK_HOST_COPY #43600 bytes=358912 total=42199169024
GGML_VK_HOST_COPY #43700 bytes=717312 total=42252621824
GGML_VK_HOST_COPY #43800 bytes=922112 total=42318004224
GGML_VK_HOST_COPY #43900 bytes=422912 total=42395431424
GGML_VK_HOST_COPY #44000 bytes=422912 total=42474893824
GGML_VK_HOST_COPY #44100 bytes=461312 total=42548634624
GGML_VK_HOST_COPY #44200 bytes=922112 total=42627482624
GGML_VK_HOST_COPY #44300 bytes=2099712 total=42723508224
GGML_VK_HOST_COPY #44400 bytes=2099712 total=42823795712
GGML_VK_HOST_COPY #44500 bytes=461312 total=42916582400
GGML_SCHED_UPLOAD_STATS layers=48 copies=5802 bytes=4460995072 branch_ms=54.51 id_ms=49.71 wait_ms=508.33
GGML_VK_HOST_COPY #44600 bytes=525312 total=43012985856
GGML_VK_HOST_COPY #44700 bytes=525312 total=43113273344
GGML_VK_HOST_COPY #44800 bytes=1574912 total=43218284544
GGML_VK_HOST_COPY #44900 bytes=461312 total=43304056832
GGML_VK_HOST_COPY #45000 bytes=422912 total=43384268288
GGML_VK_HOST_COPY #45100 bytes=422912 total=43462885888
GGML_VK_HOST_COPY #45200 bytes=1267712 total=43538546688
GGML_VK_HOST_COPY #45300 bytes=461312 total=43619698688
GGML_VK_HOST_COPY #45400 bytes=525312 total=43706572288
GGML_VK_HOST_COPY #45500 bytes=525312 total=43804235776
GGML_VK_HOST_COPY #45600 bytes=922112 total=43902347264
GGML_VK_HOST_COPY #45700 bytes=460800 total=43991332352
GGML_VK_HOST_COPY #45800 bytes=525312 total=44075351552
GGML_VK_HOST_COPY #45900 bytes=1050112 total=44157271552
GGML_VK_HOST_COPY #46000 bytes=922112 total=44234122752
GGML_VK_HOST_COPY #46100 bytes=1267712 total=44306711552
GGML_VK_HOST_COPY #46200 bytes=845312 total=44372234752
GGML_VK_HOST_COPY #46300 bytes=461312 total=44439639552
GGML_VK_HOST_COPY #46400 bytes=461312 total=44510653952
GGML_VK_HOST_COPY #46500 bytes=525312 total=44588196352
GGML_VK_HOST_COPY #46600 bytes=525312 total=44667492352
GGML_VK_HOST_COPY #46700 bytes=461312 total=44741207552
GGML_VK_HOST_COPY #46800 bytes=525312 total=44816138752
GGML_VK_HOST_COPY #46900 bytes=525312 total=44905405440
GGML_VK_HOST_COPY #47000 bytes=525312 total=44996247040
GGML_VK_HOST_COPY #47100 bytes=922112 total=45069398528
GGML_VK_HOST_COPY #47200 bytes=2099712 total=45153596416
GGML_VK_HOST_COPY #47300 bytes=1574912 total=45254934016
GGML_VK_HOST_COPY #47400 bytes=922112 total=45353225216
GGML_VK_HOST_COPY #47500 bytes=3226112 total=45440367616
GGML_VK_HOST_COPY #47600 bytes=358912 total=45504162816
GGML_VK_HOST_COPY #47700 bytes=717312 total=45565858304
GGML_VK_HOST_COPY #47800 bytes=461312 total=45639380992
GGML_VK_HOST_COPY #47900 bytes=422912 total=45712775680
GGML_VK_HOST_COPY #48000 bytes=845312 total=45782522368
GGML_VK_HOST_COPY #48100 bytes=1267712 total=45852269568
GGML_VK_HOST_COPY #48200 bytes=922112 total=45922669056
GGML_VK_HOST_COPY #48300 bytes=422912 total=45994028544
GGML_VK_HOST_COPY #48400 bytes=422912 total=46055750144
GGML_VK_HOST_COPY #48500 bytes=845312 total=46117471744
GGML_VK_HOST_COPY #48600 bytes=1843712 total=46186143744
GGML_VK_HOST_COPY #48700 bytes=422912 total=46253702144
GGML_VK_HOST_COPY #48800 bytes=422912 total=46317113344
GGML_VK_HOST_COPY #48900 bytes=461312 total=46382674944
GGML_VK_HOST_COPY #49000 bytes=461312 total=46456454144
GGML_VK_HOST_COPY #49100 bytes=525312 total=46532153344
GGML_VK_HOST_COPY #49200 bytes=525312 total=46621420032
GGML_VK_HOST_COPY #49300 bytes=461312 total=46710558720
GGML_VK_HOST_COPY #49400 bytes=1075712 total=46787102208
GGML_VK_HOST_COPY #49500 bytes=717312 total=46846289408
GGML_VK_HOST_COPY #49600 bytes=358912 total=46904043008
GGML_VK_HOST_COPY #49700 bytes=461312 total=46975415808
GGML_VK_HOST_COPY #49800 bytes=845312 total=47059332608
GGML_VK_HOST_COPY #49900 bytes=845312 total=47140907008
GGML_VK_HOST_COPY #50000 bytes=1382912 total=47227857408
GGML_VK_HOST_COPY #50100 bytes=461312 total=47312695808
GGML_VK_HOST_COPY #50200 bytes=1050112 total=47411511808
GGML_VK_HOST_COPY #50300 bytes=1050112 total=47514423296
GGML_VK_HOST_COPY #50400 bytes=1382912 total=47613571584
GGML_SCHED_UPLOAD_STATS layers=48 copies=5925 bytes=4715086848 branch_ms=54.31 id_ms=49.42 wait_ms=530.33
1.15.294.685 I slot print_timing: id  0 | task 0 | prompt processing, n_tokens =   2048, progress = 0.50, t =   5.07 s / 403.56 tokens per second
GGML_VK_HOST_COPY #50500 bytes=525312 total=47712304640
GGML_VK_HOST_COPY #50600 bytes=525312 total=47818365440
GGML_VK_HOST_COPY #50700 bytes=1050112 total=47911830528
GGML_VK_HOST_COPY #50800 bytes=1843712 total=47999407616
GGML_VK_HOST_COPY #50900 bytes=422912 total=48089065472
GGML_VK_HOST_COPY #51000 bytes=422912 total=48161769472
GGML_VK_HOST_COPY #51100 bytes=422912 total=48237852672
GGML_VK_HOST_COPY #51200 bytes=461312 total=48320118272
GGML_VK_HOST_COPY #51300 bytes=1050112 total=48402870272
GGML_VK_HOST_COPY #51400 bytes=1050112 total=48501058560
GGML_VK_HOST_COPY #51500 bytes=525312 total=48598722560
GGML_VK_HOST_COPY #51600 bytes=461312 total=48681154048
GGML_VK_HOST_COPY #51700 bytes=525312 total=48767975936
GGML_VK_HOST_COPY #51800 bytes=1050112 total=48849895936
GGML_VK_HOST_COPY #51900 bytes=461312 total=48927911936
GGML_VK_HOST_COPY #52000 bytes=461312 total=48999847936
GGML_VK_HOST_COPY #52100 bytes=422912 total=49068212736
GGML_VK_HOST_COPY #52200 bytes=422912 total=49136692736
GGML_VK_HOST_COPY #52300 bytes=1382912 total=49205979136
GGML_VK_HOST_COPY #52400 bytes=525312 total=49276391936
GGML_VK_HOST_COPY #52500 bytes=1050112 total=49355687936
GGML_VK_HOST_COPY #52600 bytes=461312 total=49434894336
GGML_VK_HOST_COPY #52700 bytes=461312 total=49502683136
GGML_VK_HOST_COPY #52800 bytes=525312 total=49586907136
GGML_VK_HOST_COPY #52900 bytes=525312 total=49671451136
GGML_VK_HOST_COPY #53000 bytes=461312 total=49748929536
GGML_VK_HOST_COPY #53100 bytes=525312 total=49828737536
GGML_VK_HOST_COPY #53200 bytes=525312 total=49925876736
GGML_VK_HOST_COPY #53300 bytes=2099712 total=50023540736
GGML_VK_HOST_COPY #53400 bytes=461312 total=50113447936
GGML_VK_HOST_COPY #53500 bytes=358912 total=50196340736
GGML_VK_HOST_COPY #53600 bytes=1434112 total=50256961024
GGML_VK_HOST_COPY #53700 bytes=1434112 total=50316865024
GGML_VK_HOST_COPY #53800 bytes=461312 total=50391667712
GGML_VK_HOST_COPY #53900 bytes=845312 total=50463180800
GGML_VK_HOST_COPY #54000 bytes=845312 total=50534617088
GGML_VK_HOST_COPY #54100 bytes=461312 total=50608933376
GGML_VK_HOST_COPY #54200 bytes=1843712 total=50686859776
GGML_VK_HOST_COPY #54300 bytes=845312 total=50761176064
GGML_VK_HOST_COPY #54400 bytes=422912 total=50835147264
GGML_VK_HOST_COPY #54500 bytes=1382912 total=50915569664
GGML_VK_HOST_COPY #54600 bytes=422912 total=50989464064
GGML_VK_HOST_COPY #54700 bytes=422912 total=51061323264
GGML_VK_HOST_COPY #54800 bytes=1690112 total=51137828864
GGML_VK_HOST_COPY #54900 bytes=1382912 total=51214449664
GGML_VK_HOST_COPY #55000 bytes=525312 total=51290340864
GGML_VK_HOST_COPY #55100 bytes=525312 total=51383805952
GGML_VK_HOST_COPY #55200 bytes=1050112 total=51472023552
GGML_VK_HOST_COPY #55300 bytes=922112 total=51547888640
GGML_VK_HOST_COPY #55400 bytes=717312 total=51616188928
GGML_VK_HOST_COPY #55500 bytes=358912 total=51676092928
GGML_VK_HOST_COPY #55600 bytes=461312 total=51740348928
GGML_VK_HOST_COPY #55700 bytes=422912 total=51819811328
GGML_VK_HOST_COPY #55800 bytes=845312 total=51905609728
GGML_VK_HOST_COPY #55900 bytes=422912 total=51992252928
GGML_VK_HOST_COPY #56000 bytes=2304512 total=52088227328
GGML_VK_HOST_COPY #56100 bytes=1574912 total=52173705728
GGML_VK_HOST_COPY #56200 bytes=525312 total=52281865216
GGML_VK_HOST_COPY #56300 bytes=525312 total=52386351616
GGML_VK_HOST_COPY #56400 bytes=1382912 total=52474018304
GGML_SCHED_UPLOAD_STATS layers=48 copies=5952 bytes=4811230208 branch_ms=54.45 id_ms=49.42 wait_ms=535.42
GGML_VK_HOST_COPY #56500 bytes=2624512 total=52580226560
GGML_VK_HOST_COPY #56600 bytes=1050112 total=52675790848
GGML_VK_HOST_COPY #56700 bytes=525312 total=52775554048
GGML_VK_HOST_COPY #56800 bytes=461312 total=52859854336
GGML_VK_HOST_COPY #56900 bytes=422912 total=52940372992
GGML_VK_HOST_COPY #57000 bytes=845312 total=53016878592
GGML_VK_HOST_COPY #57100 bytes=922112 total=53093883392
GGML_VK_HOST_COPY #57200 bytes=922112 total=53174574592
GGML_VK_HOST_COPY #57300 bytes=2099712 total=53266593792
GGML_VK_HOST_COPY #57400 bytes=3674112 total=53362158080
GGML_VK_HOST_COPY #57500 bytes=461312 total=53456839168
GGML_VK_HOST_COPY #57600 bytes=525312 total=53544723456
GGML_VK_HOST_COPY #57700 bytes=525312 total=53627693056
GGML_VK_HOST_COPY #57800 bytes=525312 total=53711187456
GGML_VK_HOST_COPY #57900 bytes=461312 total=53786771456
GGML_VK_HOST_COPY #58000 bytes=422912 total=53860397056
GGML_VK_HOST_COPY #58100 bytes=1690112 total=53926342656
GGML_VK_HOST_COPY #58200 bytes=922112 total=53989600256
GGML_VK_HOST_COPY #58300 bytes=461312 total=54061075456
GGML_VK_HOST_COPY #58400 bytes=2624512 total=54137581056
GGML_VK_HOST_COPY #58500 bytes=525312 total=54210579456
GGML_VK_HOST_COPY #58600 bytes=461312 total=54286509056
GGML_VK_HOST_COPY #58700 bytes=525312 total=54361581056
GGML_VK_HOST_COPY #58800 bytes=525312 total=54452947456
GGML_VK_HOST_COPY #58900 bytes=525312 total=54543789056
GGML_VK_HOST_COPY #59000 bytes=1382912 total=54621075456
GGML_VK_HOST_COPY #59100 bytes=1050112 total=54705145856
GGML_VK_HOST_COPY #59200 bytes=525312 total=54811731456
GGML_VK_HOST_COPY #59300 bytes=461312 total=54917421056
GGML_VK_HOST_COPY #59400 bytes=461312 total=55008710656
GGML_VK_HOST_COPY #59500 bytes=717312 total=55076550656
GGML_VK_HOST_COPY #59600 bytes=717312 total=55138604544
GGML_VK_HOST_COPY #59700 bytes=461312 total=55205420032
GGML_VK_HOST_COPY #59800 bytes=422912 total=55285112320
GGML_VK_HOST_COPY #59900 bytes=1690112 total=55356971520
GGML_VK_HOST_COPY #60000 bytes=422912 total=55430942208
GGML_VK_HOST_COPY #60100 bytes=1382912 total=55509597696
GGML_VK_HOST_COPY #60200 bytes=1690112 total=55595741184
GGML_VK_HOST_COPY #60300 bytes=422912 total=55670557184
GGML_VK_HOST_COPY #60400 bytes=422912 total=55746640384
GGML_VK_HOST_COPY #60500 bytes=461312 total=55829750784
GGML_VK_HOST_COPY #60600 bytes=1690112 total=55910019584
GGML_VK_HOST_COPY #60700 bytes=422912 total=55980189184
GGML_VK_HOST_COPY #60800 bytes=1690112 total=56059651584
GGML_VK_HOST_COPY #60900 bytes=461312 total=56140227584
GGML_VK_HOST_COPY #61000 bytes=1050112 total=56220009984
GGML_VK_HOST_COPY #61100 bytes=525312 total=56326595072
GGML_VK_HOST_COPY #61200 bytes=525312 total=56424783872
GGML_VK_HOST_COPY #61300 bytes=461312 total=56511375360
GGML_VK_HOST_COPY #61400 bytes=1434112 total=56587918848
GGML_VK_HOST_COPY #61500 bytes=1434112 total=56656066048
GGML_VK_HOST_COPY #61600 bytes=1382912 total=56726978048
GGML_VK_HOST_COPY #61700 bytes=422912 total=56819765248
GGML_VK_HOST_COPY #61800 bytes=845312 total=56908098048
GGML_VK_HOST_COPY #61900 bytes=422912 total=56999810048
GGML_VK_HOST_COPY #62000 bytes=461312 total=57101506048
GGML_VK_HOST_COPY #62100 bytes=1574912 total=57199490048
GGML_VK_HOST_COPY #62200 bytes=1050112 total=57309749248
GGML_VK_HOST_COPY #62300 bytes=525312 total=57429454848
GGML_VK_HOST_COPY #62400 bytes=922112 total=57522114048
GGML_SCHED_UPLOAD_STATS layers=48 copies=5991 bytes=5026086912 branch_ms=54.77 id_ms=49.72 wait_ms=558.51
GGML_VK_HOST_COPY #62500 bytes=1050112 total=57625138176
GGML_VK_HOST_COPY #62600 bytes=525312 total=57718078464
GGML_VK_HOST_COPY #62700 bytes=525312 total=57816792064
GGML_VK_HOST_COPY #62800 bytes=461312 total=57902615552
GGML_VK_HOST_COPY #62900 bytes=422912 total=57984071168
GGML_VK_HOST_COPY #63000 bytes=845312 total=58058887168
GGML_VK_HOST_COPY #63100 bytes=1843712 total=58137888768
GGML_VK_HOST_COPY #63200 bytes=1843712 total=58219040768
GGML_VK_HOST_COPY #63300 bytes=1574912 total=58310522368
GGML_VK_HOST_COPY #63400 bytes=1050112 total=58403462656
GGML_VK_HOST_COPY #63500 bytes=461312 total=58496441344
GGML_VK_HOST_COPY #63600 bytes=1050112 total=58583007232
GGML_VK_HOST_COPY #63700 bytes=525312 total=58667026432
GGML_VK_HOST_COPY #63800 bytes=2099712 total=58753144832
GGML_VK_HOST_COPY #63900 bytes=461312 total=58828012032
GGML_VK_HOST_COPY #64000 bytes=422912 total=58901599232
GGML_VK_HOST_COPY #64100 bytes=422912 total=58970501632
GGML_VK_HOST_COPY #64200 bytes=461312 total=59036984832
GGML_VK_HOST_COPY #64300 bytes=461312 total=59111224832
GGML_VK_HOST_COPY #64400 bytes=525312 total=59188831232
GGML_VK_HOST_COPY #64500 bytes=4198912 total=59267077632
GGML_VK_HOST_COPY #64600 bytes=461312 total=59339551232
GGML_VK_HOST_COPY #64700 bytes=1574912 total=59418540032
GGML_VK_HOST_COPY #64800 bytes=525312 total=59510956032
GGML_VK_HOST_COPY #64900 bytes=525312 total=59604421632
GGML_VK_HOST_COPY #65000 bytes=922112 total=59684690432
GGML_VK_HOST_COPY #65100 bytes=1050112 total=59772677632
GGML_VK_HOST_COPY #65200 bytes=525312 total=59876639232
GGML_VK_HOST_COPY #65300 bytes=1382912 total=59984594432
GGML_VK_HOST_COPY #65400 bytes=461312 total=60077266432
GGML_VK_HOST_COPY #65500 bytes=358912 total=60137784832
GGML_VK_HOST_COPY #65600 bytes=358912 total=60199121920
GGML_VK_HOST_COPY #65700 bytes=461312 total=60268241408
GGML_VK_HOST_COPY #65800 bytes=422912 total=60344938496
GGML_VK_HOST_COPY #65900 bytes=422912 total=60415952896
GGML_VK_HOST_COPY #66000 bytes=422912 total=60489923584
GGML_VK_HOST_COPY #66100 bytes=461312 total=60568425472
GGML_VK_HOST_COPY #66200 bytes=1267712 total=60656565760
GGML_VK_HOST_COPY #66300 bytes=422912 total=60732226560
GGML_VK_HOST_COPY #66400 bytes=845312 total=60812111360
GGML_VK_HOST_COPY #66500 bytes=461312 total=60899484160
GGML_VK_HOST_COPY #66600 bytes=422912 total=60984207360
GGML_VK_HOST_COPY #66700 bytes=1690112 total=61061135360
GGML_VK_HOST_COPY #66800 bytes=1382912 total=61142325760
GGML_VK_HOST_COPY #66900 bytes=922112 total=61236380160
GGML_VK_HOST_COPY #67000 bytes=1050112 total=61328501760
GGML_VK_HOST_COPY #67100 bytes=525312 total=61425640448
GGML_VK_HOST_COPY #67200 bytes=922112 total=61526939136
GGML_VK_HOST_COPY #67300 bytes=358912 total=61617153024
GGML_VK_HOST_COPY #67400 bytes=358912 total=61684583424
GGML_VK_HOST_COPY #67500 bytes=1434112 total=61752372224
GGML_VK_HOST_COPY #67600 bytes=461312 total=61831271424
GGML_VK_HOST_COPY #67700 bytes=1690112 total=61921754624
GGML_VK_HOST_COPY #67800 bytes=2112512 total=62018535424
GGML_VK_HOST_COPY #67900 bytes=845312 total=62109402624
GGML_VK_HOST_COPY #68000 bytes=2304512 total=62213402624
GGML_VK_HOST_COPY #68100 bytes=1050112 total=62315559424
GGML_VK_HOST_COPY #68200 bytes=525312 total=62423194112
GGML_VK_HOST_COPY #68300 bytes=461312 total=62527539200
GGML_SCHED_UPLOAD_STATS layers=48 copies=5961 bytes=5064674816 branch_ms=41.59 id_ms=36.69 wait_ms=570.74
1.19.553.028 I slot print_timing: id  0 | task 0 | prompt processing, n_tokens =   3578, progress = 0.87, t =   9.33 s / 383.37 tokens per second
GGML_VK_HOST_COPY #68400 bytes=1050112 total=62639328256
GGML_VK_HOST_COPY #68500 bytes=1050112 total=62737517056
GGML_VK_HOST_COPY #68600 bytes=525312 total=62832031744
GGML_VK_HOST_COPY #68700 bytes=922112 total=62921004032
GGML_VK_HOST_COPY #68800 bytes=422912 total=63011045888
GGML_VK_HOST_COPY #68900 bytes=422912 total=63082482688
GGML_VK_HOST_COPY #69000 bytes=845312 total=63162367488
GGML_VK_HOST_COPY #69100 bytes=461312 total=63238489088
GGML_VK_HOST_COPY #69200 bytes=1050112 total=63322418688
GGML_VK_HOST_COPY #69300 bytes=525312 total=63423756288
GGML_VK_HOST_COPY #69400 bytes=525312 total=63514597376
GGML_VK_HOST_COPY #69500 bytes=1382912 total=63602699264
GGML_VK_HOST_COPY #69600 bytes=1050112 total=63691978752
GGML_VK_HOST_COPY #69700 bytes=525312 total=63773898752
GGML_VK_HOST_COPY #69800 bytes=1382912 total=63856676352
GGML_VK_HOST_COPY #69900 bytes=922112 total=63929994752
GGML_VK_HOST_COPY #70000 bytes=422912 total=63997860352
GGML_VK_HOST_COPY #70100 bytes=422912 total=64069297152
GGML_VK_HOST_COPY #70200 bytes=461312 total=64143345152
GGML_VK_HOST_COPY #70300 bytes=525312 total=64215140352
GGML_VK_HOST_COPY #70400 bytes=1050112 total=64297585152
GGML_VK_HOST_COPY #70500 bytes=1050112 total=64375831552
GGML_VK_HOST_COPY #70600 bytes=922112 total=64446423552
GGML_VK_HOST_COPY #70700 bytes=1050112 total=64532810752
GGML_VK_HOST_COPY #70800 bytes=525312 total=64619453952
GGML_VK_HOST_COPY #70900 bytes=461312 total=64711511552
GGML_VK_HOST_COPY #71000 bytes=1382912 total=64792202752
GGML_VK_HOST_COPY #71100 bytes=1574912 total=64889777152
GGML_VK_HOST_COPY #71200 bytes=2099712 total=64997412352
GGML_VK_HOST_COPY #71300 bytes=1382912 total=65101041152
GGML_VK_HOST_COPY #71400 bytes=358912 total=65194737152
GGML_VK_HOST_COPY #71500 bytes=358912 total=65255715840
GGML_VK_HOST_COPY #71600 bytes=358912 total=65316695040
GGML_VK_HOST_COPY #71700 bytes=1382912 total=65393033728
GGML_VK_HOST_COPY #71800 bytes=422912 total=65466505216
GGML_VK_HOST_COPY #71900 bytes=845312 total=65543432704
GGML_VK_HOST_COPY #72000 bytes=422912 total=65615714304
GGML_VK_HOST_COPY #72100 bytes=461312 total=65693601792
GGML_VK_HOST_COPY #72200 bytes=845312 total=65779438080
GGML_VK_HOST_COPY #72300 bytes=1267712 total=65859745280
GGML_VK_HOST_COPY #72400 bytes=922112 total=65935521280
GGML_VK_HOST_COPY #72500 bytes=1843712 total=66022202880
GGML_VK_HOST_COPY #72600 bytes=845312 total=66109076480
GGML_VK_HOST_COPY #72700 bytes=845312 total=66191073280
GGML_VK_HOST_COPY #72800 bytes=461312 total=66274951680
GGML_VK_HOST_COPY #72900 bytes=461312 total=66363015680
GGML_VK_HOST_COPY #73000 bytes=525312 total=66462254080
GGML_VK_HOST_COPY #73100 bytes=1574912 total=66564640768
GGML_VK_HOST_COPY #73200 bytes=922112 total=66661971456
GGML_VK_HOST_COPY #73300 bytes=1792512 total=66754796544
GGML_VK_HOST_COPY #73400 bytes=358912 total=66822585344
GGML_VK_HOST_COPY #73500 bytes=358912 total=66890374144
GGML_VK_HOST_COPY #73600 bytes=922112 total=66972601344
GGML_VK_HOST_COPY #73700 bytes=1267712 total=67067846144
GGML_VK_HOST_COPY #73800 bytes=1690112 total=67162514944
GGML_VK_HOST_COPY #73900 bytes=461312 total=67253842944
GGML_VK_HOST_COPY #74000 bytes=922112 total=67355270144
GGML_VK_HOST_COPY #74100 bytes=525312 total=67470930944
GGML_VK_HOST_COPY #74200 bytes=1574912 total=67592210432
GGML_VK_HOST_COPY #74300 bytes=922112 total=67706757120
GGML_SCHED_UPLOAD_STATS layers=48 copies=5973 bytes=5145218560 branch_ms=54.39 id_ms=49.43 wait_ms=586.82
1.21.069.219 I slot print_timing: id  0 | task 0 | prompt processing, n_tokens =   4090, progress = 1.00, t =  10.85 s / 376.98 tokens per second
GGML_SCHED_UPLOAD_STATS layers=0 copies=0 bytes=0 branch_ms=0.00 id_ms=0.00 wait_ms=0.35
1.22.097.896 I slot print_timing: id  0 | task 0 | prompt eval time =   11877.99 ms /  4094 tokens (    2.90 ms per token,   344.67 tokens per second)
1.22.097.899 I slot print_timing: id  0 | task 0 |        eval time =       0.00 ms /     1 tokens (    0.00 ms per token,     0.00 tokens per second)
1.22.097.899 I slot print_timing: id  0 | task 0 |       total time =   11877.99 ms /  4095 tokens
1.22.097.902 I slot print_timing: id  0 | task 0 |    graphs reused =          1
1.22.098.220 I slot      release: id  0 | task 0 | stop processing: n_tokens = 4094, truncated = 0
1.22.148.437 I slot get_availabl: id  0 | task -1 | selected slot by LCP similarity, f_sim_best = 0.996 (> 0.100 thold), f_keep = 0.062
1.22.216.151 I slot launch_slot_: id  0 | task 5 | processing task, is_child = 0
GGML_VK_HOST_COPY #74400 bytes=525312 total=67804690944
GGML_VK_HOST_COPY #74500 bytes=525312 total=67920198144
GGML_VK_HOST_COPY #74600 bytes=525312 total=68024159744
GGML_VK_HOST_COPY #74700 bytes=1382912 total=68122706944
GGML_VK_HOST_COPY #74800 bytes=422912 total=68218332672
GGML_VK_HOST_COPY #74900 bytes=422912 total=68298639872
GGML_VK_HOST_COPY #75000 bytes=422912 total=68383171072
GGML_VK_HOST_COPY #75100 bytes=461312 total=68471311872
GGML_VK_HOST_COPY #75200 bytes=525312 total=68562742272
GGML_VK_HOST_COPY #75300 bytes=1574912 total=68678248960
GGML_VK_HOST_COPY #75400 bytes=525312 total=68791132160
GGML_VK_HOST_COPY #75500 bytes=922112 total=68890229248
GGML_VK_HOST_COPY #75600 bytes=525312 total=68984116736
GGML_VK_HOST_COPY #75700 bytes=525312 total=69074958336
GGML_VK_HOST_COPY #75800 bytes=1382912 total=69154881536
GGML_VK_HOST_COPY #75900 bytes=1267712 total=69237377536
GGML_VK_HOST_COPY #76000 bytes=845312 total=69309659136
GGML_VK_HOST_COPY #76100 bytes=845312 total=69384474624
GGML_VK_HOST_COPY #76200 bytes=922112 total=69464819712
GGML_VK_HOST_COPY #76300 bytes=1050112 total=69553702400
GGML_VK_HOST_COPY #76400 bytes=525312 total=69650316800
GGML_VK_HOST_COPY #76500 bytes=1574912 total=69749030400
GGML_VK_HOST_COPY #76600 bytes=461312 total=69836428800
GGML_VK_HOST_COPY #76700 bytes=525312 total=69934528000
GGML_VK_HOST_COPY #76800 bytes=3149312 total=70054757888
GGML_VK_HOST_COPY #76900 bytes=1574912 total=70179711488
GGML_VK_HOST_COPY #77000 bytes=922112 total=70285170176
GGML_VK_HOST_COPY #77100 bytes=1050112 total=70394072064
GGML_VK_HOST_COPY #77200 bytes=525312 total=70509579264
GGML_VK_HOST_COPY #77300 bytes=461312 total=70620120064
GGML_VK_HOST_COPY #77400 bytes=922112 total=70721547264
GGML_VK_HOST_COPY #77500 bytes=358912 total=70801675264
GGML_VK_HOST_COPY #77600 bytes=358912 total=70871614464
GGML_VK_HOST_COPY #77700 bytes=461312 total=70947646464
GGML_VK_HOST_COPY #77800 bytes=422912 total=71043083264
GGML_VK_HOST_COPY #77900 bytes=845312 total=71125502464
GGML_VK_HOST_COPY #78000 bytes=845312 total=71217213952
GGML_VK_HOST_COPY #78100 bytes=461312 total=71311344640
GGML_VK_HOST_COPY #78200 bytes=422912 total=71393033728
GGML_VK_HOST_COPY #78300 bytes=422912 total=71468694016
GGML_VK_HOST_COPY #78400 bytes=422912 total=71541398016
GGML_VK_HOST_COPY #78500 bytes=922112 total=71626120704
GGML_VK_HOST_COPY #78600 bytes=845312 total=71712571392
GGML_VK_HOST_COPY #78700 bytes=845312 total=71811041792
GGML_VK_HOST_COPY #78800 bytes=1382912 total=71906132992
GGML_VK_HOST_COPY #78900 bytes=1843712 total=72006638592
GGML_VK_HOST_COPY #79000 bytes=2624512 total=72112520192
GGML_VK_HOST_COPY #79100 bytes=1050112 total=72215956992
GGML_VK_HOST_COPY #79200 bytes=461312 total=72320161792
GGML_VK_HOST_COPY #79300 bytes=1075712 total=72418465792
GGML_VK_HOST_COPY #79400 bytes=358912 total=72494856192
GGML_VK_HOST_COPY #79500 bytes=717312 total=72567304192
GGML_VK_HOST_COPY #79600 bytes=461312 total=72650452992
GGML_VK_HOST_COPY #79700 bytes=422912 total=72752916992
GGML_VK_HOST_COPY #79800 bytes=422912 total=72829844992
GGML_VK_HOST_COPY #79900 bytes=1267712 total=72916910080
GGML_VK_HOST_COPY #80000 bytes=922112 total=73001939968
GGML_VK_HOST_COPY #80100 bytes=525312 total=73083321856
GGML_VK_HOST_COPY #80200 bytes=1574912 total=73184659456
GGML_VK_HOST_COPY #80300 bytes=525312 total=73279174656
GGML_VK_HOST_COPY #80400 bytes=1382912 total=73374521856
GGML_SCHED_UPLOAD_STATS layers=48 copies=6081 bytes=5636256256 branch_ms=29.17 id_ms=24.99 wait_ms=456.47
GGML_SCHED_UPLOAD_STATS layers=0 copies=0 bytes=0 branch_ms=0.00 id_ms=0.00 wait_ms=0.31
1.23.399.967 I slot print_timing: id  0 | task 5 | prompt eval time =    1183.79 ms /   255 tokens (    4.64 ms per token,   215.41 tokens per second)
1.23.399.970 I slot print_timing: id  0 | task 5 |        eval time =       0.00 ms /     1 tokens (    0.00 ms per token,     0.00 tokens per second)
1.23.399.970 I slot print_timing: id  0 | task 5 |       total time =    1183.79 ms /   256 tokens
1.23.399.971 I slot print_timing: id  0 | task 5 |    graphs reused =          1
1.23.399.984 I slot      release: id  0 | task 5 | stop processing: n_tokens = 255, truncated = 0
1.23.818.995 I slot get_availabl: id  0 | task -1 | selected slot by LRU, t_last = 3684286929718
1.23.885.865 I slot launch_slot_: id  0 | task 8 | processing task, is_child = 0
GGML_VK_HOST_COPY #80500 bytes=525312 total=73455839232
GGML_VK_HOST_COPY #80600 bytes=525312 total=73577119232
GGML_VK_HOST_COPY #80700 bytes=1050112 total=73685804032
GGML_VK_HOST_COPY #80800 bytes=2304512 total=73787128832
GGML_VK_HOST_COPY #80900 bytes=422912 total=73888960000
GGML_VK_HOST_COPY #81000 bytes=845312 total=73972646400
GGML_VK_HOST_COPY #81100 bytes=1267712 total=74058444800
GGML_VK_HOST_COPY #81200 bytes=1382912 total=74150233600
GGML_VK_HOST_COPY #81300 bytes=1050112 total=74242790400
GGML_VK_HOST_COPY #81400 bytes=1050112 total=74373516288
GGML_VK_HOST_COPY #81500 bytes=1574912 total=74503193088
GGML_VK_HOST_COPY #81600 bytes=461312 total=74603762176
GGML_VK_HOST_COPY #81700 bytes=1050112 total=74713662464
GGML_VK_HOST_COPY #81800 bytes=525312 total=74806603264
GGML_VK_HOST_COPY #81900 bytes=1843712 total=74896062464
GGML_VK_HOST_COPY #82000 bytes=922112 total=74982744064
GGML_VK_HOST_COPY #82100 bytes=422912 total=75059979264
GGML_VK_HOST_COPY #82200 bytes=422912 total=75138173952
GGML_VK_HOST_COPY #82300 bytes=922112 total=75220592640
GGML_VK_HOST_COPY #82400 bytes=525312 total=75306569728
GGML_VK_HOST_COPY #82500 bytes=525312 total=75423126528
GGML_VK_HOST_COPY #82600 bytes=525312 total=75533385728
GGML_VK_HOST_COPY #82700 bytes=461312 total=75643760128
GGML_VK_HOST_COPY #82800 bytes=1574912 total=75759868928
GGML_VK_HOST_COPY #82900 bytes=3674112 total=75911586816
GGML_VK_HOST_COPY #83000 bytes=2099712 total=76058057216
GGML_VK_HOST_COPY #83100 bytes=461312 total=76193621504
GGML_VK_HOST_COPY #83200 bytes=4198912 total=76321672192
GGML_VK_HOST_COPY #83300 bytes=525312 total=76445576192
GGML_VK_HOST_COPY #83400 bytes=922112 total=76568865792
GGML_VK_HOST_COPY #83500 bytes=717312 total=76681556992
GGML_VK_HOST_COPY #83600 bytes=1075712 total=76769774592
GGML_VK_HOST_COPY #83700 bytes=1434112 total=76852974592
GGML_VK_HOST_COPY #83800 bytes=922112 total=76957320192
GGML_VK_HOST_COPY #83900 bytes=1267712 total=77068155392
GGML_VK_HOST_COPY #84000 bytes=422912 total=77169582080
GGML_VK_HOST_COPY #84100 bytes=422912 total=77269319680
GGML_VK_HOST_COPY #84200 bytes=922112 total=77389139968
GGML_VK_HOST_COPY #84300 bytes=2112512 total=77478278656
GGML_VK_HOST_COPY #84400 bytes=845312 total=77578015744
GGML_VK_HOST_COPY #84500 bytes=2765312 total=77681055232
GGML_VK_HOST_COPY #84600 bytes=1382912 total=77780639232
GGML_VK_HOST_COPY #84700 bytes=845312 total=77901611520
GGML_VK_HOST_COPY #84800 bytes=1267712 total=78024581120
GGML_VK_HOST_COPY #84900 bytes=461312 total=78152427520
GGML_VK_HOST_COPY #85000 bytes=1050112 total=78286315520
GGML_VK_HOST_COPY #85100 bytes=525312 total=78431736320
GGML_VK_HOST_COPY #85200 bytes=461312 total=78571013120
GGML_VK_HOST_COPY #85300 bytes=922112 total=78697784320
GGML_VK_HOST_COPY #85400 bytes=2509312 total=78791019520
GGML_VK_HOST_COPY #85500 bytes=358912 total=78876728320
GGML_VK_HOST_COPY #85600 bytes=1382912 total=78980203520
GGML_VK_HOST_COPY #85700 bytes=845312 total=79104133120
GGML_VK_HOST_COPY #85800 bytes=1267712 total=79223723520
GGML_VK_HOST_COPY #85900 bytes=845312 total=79350916608
GGML_VK_HOST_COPY #86000 bytes=461312 total=79483984896
GGML_VK_HOST_COPY #86100 bytes=1050112 total=79605597184
GGML_VK_HOST_COPY #86200 bytes=2624512 total=79741571584
GGML_VK_HOST_COPY #86300 bytes=922112 total=79869264384
GGML_VK_HOST_COPY #86400 bytes=461312 total=79994653184
GGML_SCHED_UPLOAD_STATS layers=48 copies=5919 bytes=6550067712 branch_ms=70.03 id_ms=65.84 wait_ms=630.38
GGML_VK_HOST_COPY #86500 bytes=1574912 total=80101450752
GGML_VK_HOST_COPY #86600 bytes=1574912 total=80199639040
GGML_VK_HOST_COPY #86700 bytes=1382912 total=80293193728
GGML_VK_HOST_COPY #86800 bytes=460800 total=80382178816
GGML_VK_HOST_COPY #86900 bytes=845312 total=80464771584
GGML_VK_HOST_COPY #87000 bytes=845312 total=80547613184
GGML_VK_HOST_COPY #87100 bytes=461312 total=80631184384
GGML_VK_HOST_COPY #87200 bytes=2099712 total=80717789184
GGML_VK_HOST_COPY #87300 bytes=525312 total=80823849984
GGML_VK_HOST_COPY #87400 bytes=1050112 total=80918364672
GGML_VK_HOST_COPY #87500 bytes=922112 total=81008808960
GGML_VK_HOST_COPY #87600 bytes=525312 total=81099586048
GGML_VK_HOST_COPY #87700 bytes=525312 total=81173634048
GGML_VK_HOST_COPY #87800 bytes=1050112 total=81255029248
GGML_VK_HOST_COPY #87900 bytes=1382912 total=81324251648
GGML_VK_HOST_COPY #88000 bytes=845312 total=81388891648
GGML_VK_HOST_COPY #88100 bytes=422912 total=81450190848
GGML_VK_HOST_COPY #88200 bytes=461312 total=81516251648
GGML_VK_HOST_COPY #88300 bytes=525312 total=81587918848
GGML_VK_HOST_COPY #88400 bytes=525312 total=81666165248
GGML_VK_HOST_COPY #88500 bytes=461312 total=81746037248
GGML_VK_HOST_COPY #88600 bytes=525312 total=81824642048
GGML_VK_HOST_COPY #88700 bytes=525312 total=81917057536
GGML_VK_HOST_COPY #88800 bytes=525312 total=82006849536
GGML_VK_HOST_COPY #88900 bytes=461312 total=82082829824
GGML_VK_HOST_COPY #89000 bytes=525312 total=82164864512
GGML_VK_HOST_COPY #89100 bytes=525312 total=82252032512
GGML_VK_HOST_COPY #89200 bytes=461312 total=82339571712
GGML_VK_HOST_COPY #89300 bytes=461312 total=82417037312
GGML_VK_HOST_COPY #89400 bytes=358912 total=82473613312
GGML_VK_HOST_COPY #89500 bytes=358912 total=82529574400
GGML_VK_HOST_COPY #89600 bytes=461312 total=82594546688
GGML_VK_HOST_COPY #89700 bytes=845312 total=82659186176
GGML_VK_HOST_COPY #89800 bytes=422912 total=82727665664
GGML_VK_HOST_COPY #89900 bytes=922112 total=82797297152
GGML_VK_HOST_COPY #90000 bytes=461312 total=82865546752
GGML_VK_HOST_COPY #90100 bytes=2112512 total=82931453440
GGML_VK_HOST_COPY #90200 bytes=422912 total=82991485440
GGML_VK_HOST_COPY #90300 bytes=922112 total=83059696640
GGML_VK_HOST_COPY #90400 bytes=1267712 total=83127293440
GGML_VK_HOST_COPY #90500 bytes=422912 total=83191127040
GGML_VK_HOST_COPY #90600 bytes=922112 total=83255075840
GGML_VK_HOST_COPY #90700 bytes=461312 total=83324707840
GGML_VK_HOST_COPY #90800 bytes=1050112 total=83395530240
GGML_VK_HOST_COPY #90900 bytes=525312 total=83475350528
GGML_VK_HOST_COPY #91000 bytes=922112 total=83551804416
GGML_VK_HOST_COPY #91100 bytes=1075712 total=83617135104
GGML_VK_HOST_COPY #91200 bytes=358912 total=83668437504
GGML_VK_HOST_COPY #91300 bytes=922112 total=83721071104
GGML_VK_HOST_COPY #91400 bytes=461312 total=83785634304
GGML_VK_HOST_COPY #91500 bytes=845312 total=83859106304
GGML_VK_HOST_COPY #91600 bytes=422912 total=83928008704
GGML_VK_HOST_COPY #91700 bytes=461312 total=84002517504
GGML_VK_HOST_COPY #91800 bytes=1574912 total=84074747904
GGML_VK_HOST_COPY #91900 bytes=525312 total=84159816192
GGML_VK_HOST_COPY #92000 bytes=461312 total=84247252480
GGML_VK_HOST_COPY #92100 bytes=922112 total=84321031680
GGML_SCHED_UPLOAD_STATS layers=48 copies=5706 bytes=4321886720 branch_ms=65.07 id_ms=60.33 wait_ms=490.90
GGML_VK_HOST_COPY #92200 bytes=525312 total=84422798336
GGML_VK_HOST_COPY #92300 bytes=1574912 total=84517837824
GGML_VK_HOST_COPY #92400 bytes=461312 total=84615834112
GGML_VK_HOST_COPY #92500 bytes=461312 total=84706202112
GGML_VK_HOST_COPY #92600 bytes=422912 total=84785184768
GGML_VK_HOST_COPY #92700 bytes=422912 total=84866336768
GGML_VK_HOST_COPY #92800 bytes=922112 total=84946528768
GGML_VK_HOST_COPY #92900 bytes=2099712 total=85033927168
GGML_VK_HOST_COPY #93000 bytes=1050112 total=85134739968
GGML_VK_HOST_COPY #93100 bytes=1050112 total=85226105856
GGML_VK_HOST_COPY #93200 bytes=461312 total=85312607744
GGML_VK_HOST_COPY #93300 bytes=1050112 total=85404357632
GGML_VK_HOST_COPY #93400 bytes=525312 total=85478405632
GGML_VK_HOST_COPY #93500 bytes=525312 total=85557176832
GGML_VK_HOST_COPY #93600 bytes=1382912 total=85630866432
GGML_VK_HOST_COPY #93700 bytes=422912 total=85694661632
GGML_VK_HOST_COPY #93800 bytes=845312 total=85758495232
GGML_VK_HOST_COPY #93900 bytes=461312 total=85825247232
GGML_VK_HOST_COPY #94000 bytes=525312 total=85894725632
GGML_VK_HOST_COPY #94100 bytes=525312 total=85975596032
GGML_VK_HOST_COPY #94200 bytes=461312 total=86053573632
GGML_VK_HOST_COPY #94300 bytes=525312 total=86124434432
GGML_VK_HOST_COPY #94400 bytes=525312 total=86211077632
GGML_VK_HOST_COPY #94500 bytes=1050112 total=86291422720
GGML_VK_HOST_COPY #94600 bytes=461312 total=86365534208
GGML_VK_HOST_COPY #94700 bytes=525312 total=86447709696
GGML_VK_HOST_COPY #94800 bytes=525312 total=86540125696
GGML_VK_HOST_COPY #94900 bytes=525312 total=86626244096
GGML_VK_HOST_COPY #95000 bytes=461312 total=86714615296
GGML_VK_HOST_COPY #95100 bytes=358912 total=86789469696
GGML_VK_HOST_COPY #95200 bytes=2150912 total=86850806784
GGML_VK_HOST_COPY #95300 bytes=461312 total=86915523072
GGML_VK_HOST_COPY #95400 bytes=422912 total=86988034560
GGML_VK_HOST_COPY #95500 bytes=422912 total=87056936960
GGML_VK_HOST_COPY #95600 bytes=845312 total=87121192448
GGML_VK_HOST_COPY #95700 bytes=922112 total=87192129536
GGML_VK_HOST_COPY #95800 bytes=422912 total=87262183424
GGML_VK_HOST_COPY #95900 bytes=422912 total=87323482624
GGML_VK_HOST_COPY #96000 bytes=461312 total=87385050624
GGML_VK_HOST_COPY #96100 bytes=922112 total=87450535424
GGML_VK_HOST_COPY #96200 bytes=845312 total=87513793024
GGML_VK_HOST_COPY #96300 bytes=422912 total=87576359424
GGML_VK_HOST_COPY #96400 bytes=922112 total=87640538624
GGML_VK_HOST_COPY #96500 bytes=1050112 total=87712231424
GGML_VK_HOST_COPY #96600 bytes=1574912 total=87793101312
GGML_VK_HOST_COPY #96700 bytes=1050112 total=87872397312
GGML_VK_HOST_COPY #96800 bytes=461312 total=87941209600
GGML_VK_HOST_COPY #96900 bytes=358912 total=88000396288
GGML_VK_HOST_COPY #97000 bytes=717312 total=88054207488
GGML_VK_HOST_COPY #97100 bytes=922112 total=88110015488
GGML_VK_HOST_COPY #97200 bytes=1267712 total=88187941888
GGML_VK_HOST_COPY #97300 bytes=422912 total=88257689088
GGML_VK_HOST_COPY #97400 bytes=1267712 total=88332927488
GGML_VK_HOST_COPY #97500 bytes=461312 total=88414885888
GGML_VK_HOST_COPY #97600 bytes=525312 total=88496114688
GGML_VK_HOST_COPY #97700 bytes=525312 total=88599550976
GGML_VK_HOST_COPY #97800 bytes=922112 total=88700760064
GGML_VK_HOST_COPY #97900 bytes=922112 total=88786059264
GGML_SCHED_UPLOAD_STATS layers=48 copies=5802 bytes=4460995072 branch_ms=54.43 id_ms=49.49 wait_ms=507.89
GGML_VK_HOST_COPY #98000 bytes=525312 total=88891128320
GGML_VK_HOST_COPY #98100 bytes=1050112 total=88984593408
GGML_VK_HOST_COPY #98200 bytes=461312 total=89079479296
GGML_VK_HOST_COPY #98300 bytes=461312 total=89173072896
GGML_VK_HOST_COPY #98400 bytes=422912 total=89250749952
GGML_VK_HOST_COPY #98500 bytes=845312 total=89325988352
GGML_VK_HOST_COPY #98600 bytes=461312 total=89404337152
GGML_VK_HOST_COPY #98700 bytes=1050112 total=89488100352
GGML_VK_HOST_COPY #98800 bytes=3149312 total=89584189952
GGML_VK_HOST_COPY #98900 bytes=525312 total=89678179840
GGML_VK_HOST_COPY #99000 bytes=4147712 total=89768137728
GGML_VK_HOST_COPY #99100 bytes=1050112 total=89858978816
GGML_VK_HOST_COPY #99200 bytes=525312 total=89938274816
GGML_VK_HOST_COPY #99300 bytes=525312 total=90021244416
GGML_VK_HOST_COPY #99400 bytes=1843712 total=90096226816
GGML_VK_HOST_COPY #99500 bytes=422912 total=90164745216
GGML_VK_HOST_COPY #99600 bytes=422912 total=90233647616
GGML_VK_HOST_COPY #99700 bytes=461312 total=90303126016
GGML_VK_HOST_COPY #99800 bytes=525312 total=90373922816
GGML_VK_HOST_COPY #99900 bytes=525312 total=90457942016
GGML_VK_HOST_COPY #100000 bytes=1050112 total=90537762816
GGML_VK_HOST_COPY #100100 bytes=461312 total=90603772416
GGML_VK_HOST_COPY #100200 bytes=1574912 total=90690082816
GGML_VK_HOST_COPY #100300 bytes=1574912 total=90771477504
GGML_VK_HOST_COPY #100400 bytes=461312 total=90854958592
GGML_VK_HOST_COPY #100500 bytes=461312 total=90933806592
GGML_VK_HOST_COPY #100600 bytes=525312 total=91025966080
GGML_VK_HOST_COPY #100700 bytes=1050112 total=91123630080
GGML_VK_HOST_COPY #100800 bytes=2304512 total=91216250880
GGML_VK_HOST_COPY #100900 bytes=358912 total=91302881280
GGML_VK_HOST_COPY #101000 bytes=1792512 total=91362784768
GGML_VK_HOST_COPY #101100 bytes=717312 total=91424480768
GGML_VK_HOST_COPY #101200 bytes=461312 total=91501485056
GGML_VK_HOST_COPY #101300 bytes=422912 total=91570809344
GGML_VK_HOST_COPY #101400 bytes=845312 total=91641823232
GGML_VK_HOST_COPY #101500 bytes=461312 total=91714680320
GGML_VK_HOST_COPY #101600 bytes=461312 total=91790302720
GGML_VK_HOST_COPY #101700 bytes=1690112 total=91853329408
GGML_VK_HOST_COPY #101800 bytes=422912 total=91914628608
GGML_VK_HOST_COPY #101900 bytes=922112 total=91977694208
GGML_VK_HOST_COPY #102000 bytes=422912 total=92044100608
GGML_VK_HOST_COPY #102100 bytes=422912 total=92112158208
GGML_VK_HOST_COPY #102200 bytes=422912 total=92178948608
GGML_VK_HOST_COPY #102300 bytes=461312 total=92248004608
GGML_VK_HOST_COPY #102400 bytes=525312 total=92318404608
GGML_VK_HOST_COPY #102500 bytes=525312 total=92399799808
GGML_VK_HOST_COPY #102600 bytes=1050112 total=92489591296
GGML_VK_HOST_COPY #102700 bytes=461312 total=92571280384
GGML_VK_HOST_COPY #102800 bytes=717312 total=92643932672
GGML_VK_HOST_COPY #102900 bytes=358912 total=92701327872
GGML_VK_HOST_COPY #103000 bytes=461312 total=92762819072
GGML_VK_HOST_COPY #103100 bytes=461312 total=92838441472
GGML_VK_HOST_COPY #103200 bytes=422912 total=92920323072
GGML_VK_HOST_COPY #103300 bytes=422912 total=93005276672
GGML_VK_HOST_COPY #103400 bytes=922112 total=93097334272
GGML_VK_HOST_COPY #103500 bytes=2624512 total=93183068672
GGML_VK_HOST_COPY #103600 bytes=525312 total=93290178560
GGML_VK_HOST_COPY #103700 bytes=2624512 total=93389941760
GGML_VK_HOST_COPY #103800 bytes=922112 total=93481666048
GGML_SCHED_UPLOAD_STATS layers=48 copies=5925 bytes=4715086848 branch_ms=54.37 id_ms=49.41 wait_ms=530.44
1.28.550.130 I slot print_timing: id  0 | task 8 | prompt processing, n_tokens =   2048, progress = 0.02, t =   4.66 s / 439.09 tokens per second
GGML_VK_HOST_COPY #103900 bytes=525312 total=93584674304
GGML_VK_HOST_COPY #104000 bytes=1050112 total=93684961792
GGML_VK_HOST_COPY #104100 bytes=525312 total=93786299392
GGML_VK_HOST_COPY #104200 bytes=461312 total=93872110080
GGML_VK_HOST_COPY #104300 bytes=422912 total=93952167936
GGML_VK_HOST_COPY #104400 bytes=422912 total=94027828736
GGML_VK_HOST_COPY #104500 bytes=461312 total=94104295936
GGML_VK_HOST_COPY #104600 bytes=1382912 total=94183604736
GGML_VK_HOST_COPY #104700 bytes=1574912 total=94273140736
GGML_VK_HOST_COPY #104800 bytes=1050112 total=94369229824
GGML_VK_HOST_COPY #104900 bytes=461312 total=94463949312
GGML_VK_HOST_COPY #105000 bytes=525312 total=94552652800
GGML_VK_HOST_COPY #105100 bytes=525312 total=94634572800
GGML_VK_HOST_COPY #105200 bytes=525312 total=94714918400
GGML_VK_HOST_COPY #105300 bytes=461312 total=94791859200
GGML_VK_HOST_COPY #105400 bytes=422912 total=94864524800
GGML_VK_HOST_COPY #105500 bytes=422912 total=94931737600
GGML_VK_HOST_COPY #105600 bytes=922112 total=94997068800
GGML_VK_HOST_COPY #105700 bytes=461312 total=95069004800
GGML_VK_HOST_COPY #105800 bytes=525312 total=95143513600
GGML_VK_HOST_COPY #105900 bytes=4198912 total=95220185600
GGML_VK_HOST_COPY #106000 bytes=461312 total=95291008000
GGML_VK_HOST_COPY #106100 bytes=525312 total=95365286400
GGML_VK_HOST_COPY #106200 bytes=525312 total=95454028800
GGML_VK_HOST_COPY #106300 bytes=525312 total=95541196800
GGML_VK_HOST_COPY #106400 bytes=461312 total=95616563200
GGML_VK_HOST_COPY #106500 bytes=2624512 total=95697958400
GGML_VK_HOST_COPY #106600 bytes=525312 total=95801395200
GGML_VK_HOST_COPY #106700 bytes=1843712 total=95900851200
GGML_VK_HOST_COPY #106800 bytes=922112 total=95986150400
GGML_VK_HOST_COPY #106900 bytes=717312 total=96052454400
GGML_VK_HOST_COPY #107000 bytes=717312 total=96114508288
GGML_VK_HOST_COPY #107100 bytes=1843712 total=96182296576
GGML_VK_HOST_COPY #107200 bytes=422912 total=96257380864
GGML_VK_HOST_COPY #107300 bytes=422912 total=96326283264
GGML_VK_HOST_COPY #107400 bytes=1267712 total=96394340352
GGML_VK_HOST_COPY #107500 bytes=461312 total=96468272640
GGML_VK_HOST_COPY #107600 bytes=1267712 total=96550307328
GGML_VK_HOST_COPY #107700 bytes=422912 total=96622166528
GGML_VK_HOST_COPY #107800 bytes=422912 total=96697827328
GGML_VK_HOST_COPY #107900 bytes=1382912 total=96780438528
GGML_VK_HOST_COPY #108000 bytes=1267712 total=96855945728
GGML_VK_HOST_COPY #108100 bytes=845312 total=96926960128
GGML_VK_HOST_COPY #108200 bytes=461312 total=96996323328
GGML_VK_HOST_COPY #108300 bytes=922112 total=97079779328
GGML_VK_HOST_COPY #108400 bytes=1050112 total=97157462528
GGML_VK_HOST_COPY #108500 bytes=525312 total=97247254016
GGML_VK_HOST_COPY #108600 bytes=461312 total=97335752704
GGML_VK_HOST_COPY #108700 bytes=358912 total=97415265792
GGML_VK_HOST_COPY #108800 bytes=358912 total=97475528192
GGML_VK_HOST_COPY #108900 bytes=717312 total=97533640192
GGML_VK_HOST_COPY #109000 bytes=922112 total=97603835392
GGML_VK_HOST_COPY #109100 bytes=1690112 total=97692206592
GGML_VK_HOST_COPY #109200 bytes=422912 total=97777582592
GGML_VK_HOST_COPY #109300 bytes=1267712 total=97859156992
GGML_VK_HOST_COPY #109400 bytes=461312 total=97952174592
GGML_VK_HOST_COPY #109500 bytes=2099712 total=98048699392
GGML_VK_HOST_COPY #109600 bytes=525312 total=98151086080
GGML_VK_HOST_COPY #109700 bytes=461312 total=98253127168
GGML_SCHED_UPLOAD_STATS layers=48 copies=5952 bytes=4811230208 branch_ms=54.39 id_ms=49.34 wait_ms=546.82
GGML_VK_HOST_COPY #109800 bytes=5242880 total=98357031424
GGML_VK_HOST_COPY #109900 bytes=525312 total=98454170624
GGML_VK_HOST_COPY #110000 bytes=1050112 total=98549210112
GGML_VK_HOST_COPY #110100 bytes=922112 total=98638963200
GGML_VK_HOST_COPY #110200 bytes=5242880 total=98729504256
GGML_VK_HOST_COPY #110300 bytes=422912 total=98801785856
GGML_VK_HOST_COPY #110400 bytes=845312 total=98881248256
GGML_VK_HOST_COPY #110500 bytes=461312 total=98957830656
GGML_VK_HOST_COPY #110600 bytes=1574912 total=99043923456
GGML_VK_HOST_COPY #110700 bytes=1050112 total=99144735744
GGML_VK_HOST_COPY #110800 bytes=1050112 total=99237151744
GGML_VK_HOST_COPY #110900 bytes=1382912 total=99324012032
GGML_VK_HOST_COPY #111000 bytes=1050112 total=99412894720
GGML_VK_HOST_COPY #111100 bytes=1050112 total=99494814720
GGML_VK_HOST_COPY #111200 bytes=461312 total=99576939520
GGML_VK_HOST_COPY #111300 bytes=461312 total=99650257920
GGML_VK_HOST_COPY #111400 bytes=845312 total=99716741120
GGML_VK_HOST_COPY #111500 bytes=422912 total=99784376320
GGML_VK_HOST_COPY #111600 bytes=1382912 total=99854469120
GGML_VK_HOST_COPY #111700 bytes=525312 total=99923307520
GGML_VK_HOST_COPY #111800 bytes=525312 total=100003653120
GGML_VK_HOST_COPY #111900 bytes=1050112 total=100080325120
GGML_VK_HOST_COPY #112000 bytes=461312 total=100150456320
GGML_VK_HOST_COPY #112100 bytes=525312 total=100235525120
GGML_VK_HOST_COPY #112200 bytes=1574912 total=100317445120
GGML_VK_HOST_COPY #112300 bytes=461312 total=100404331520
GGML_VK_HOST_COPY #112400 bytes=1382912 total=100485022720
GGML_VK_HOST_COPY #112500 bytes=2624512 total=100581713920
GGML_VK_HOST_COPY #112600 bytes=525312 total=100684101120
GGML_VK_HOST_COPY #112700 bytes=461312 total=100781829120
GGML_VK_HOST_COPY #112800 bytes=358912 total=100873835520
GGML_VK_HOST_COPY #112900 bytes=358400 total=100934814208
GGML_VK_HOST_COPY #113000 bytes=358912 total=100994359808
GGML_VK_HOST_COPY #113100 bytes=461312 total=101070288896
GGML_VK_HOST_COPY #113200 bytes=1267712 total=101145680384
GGML_VK_HOST_COPY #113300 bytes=1690112 total=101224297472
GGML_VK_HOST_COPY #113400 bytes=422912 total=101295734272
GGML_VK_HOST_COPY #113500 bytes=461312 total=101374005760
GGML_VK_HOST_COPY #113600 bytes=1267712 total=101459688448
GGML_VK_HOST_COPY #113700 bytes=845312 total=101537461248
GGML_VK_HOST_COPY #113800 bytes=922112 total=101610702848
GGML_VK_HOST_COPY #113900 bytes=461312 total=101693237248
GGML_VK_HOST_COPY #114000 bytes=845312 total=101774389248
GGML_VK_HOST_COPY #114100 bytes=422912 total=101847093248
GGML_VK_HOST_COPY #114200 bytes=461312 total=101920258048
GGML_VK_HOST_COPY #114300 bytes=461312 total=102005096448
GGML_VK_HOST_COPY #114400 bytes=525312 total=102096053248
GGML_VK_HOST_COPY #114500 bytes=525312 total=102192142336
GGML_VK_HOST_COPY #114600 bytes=922112 total=102291405824
GGML_VK_HOST_COPY #114700 bytes=358912 total=102379469312
GGML_VK_HOST_COPY #114800 bytes=717312 total=102448333312
GGML_VK_HOST_COPY #114900 bytes=1075712 total=102514330112
GGML_VK_HOST_COPY #115000 bytes=922112 total=102594611712
GGML_VK_HOST_COPY #115100 bytes=1267712 total=102687514112
GGML_VK_HOST_COPY #115200 bytes=845312 total=102784717312
GGML_VK_HOST_COPY #115300 bytes=461312 total=102881075712
GGML_VK_HOST_COPY #115400 bytes=922112 total=102977434112
GGML_VK_HOST_COPY #115500 bytes=2624512 total=103081306112
GGML_VK_HOST_COPY #115600 bytes=1050112 total=103182118912
GGML_VK_HOST_COPY #115700 bytes=922112 total=103291546112
GGML_SCHED_UPLOAD_STATS layers=48 copies=5991 bytes=5026086912 branch_ms=54.39 id_ms=49.38 wait_ms=569.32
GGML_VK_HOST_COPY #115800 bytes=1050112 total=103399905280
GGML_VK_HOST_COPY #115900 bytes=1050112 total=103500193280
GGML_VK_HOST_COPY #116000 bytes=525312 total=103592083968
GGML_VK_HOST_COPY #116100 bytes=461312 total=103680864256
GGML_VK_HOST_COPY #116200 bytes=422912 total=103772480512
GGML_VK_HOST_COPY #116300 bytes=422912 total=103844762112
GGML_VK_HOST_COPY #116400 bytes=2957312 total=103926336512
GGML_VK_HOST_COPY #116500 bytes=461312 total=104002880512
GGML_VK_HOST_COPY #116600 bytes=525312 total=104087974912
GGML_VK_HOST_COPY #116700 bytes=525312 total=104186163200
GGML_VK_HOST_COPY #116800 bytes=1574912 total=104278579200
GGML_VK_HOST_COPY #116900 bytes=461312 total=104363276288
GGML_VK_HOST_COPY #117000 bytes=525312 total=104452350976
GGML_VK_HOST_COPY #117100 bytes=525312 total=104534270976
GGML_VK_HOST_COPY #117200 bytes=461312 total=104616920576
GGML_VK_HOST_COPY #117300 bytes=461312 total=104691621376
GGML_VK_HOST_COPY #117400 bytes=1690112 total=104761867776
GGML_VK_HOST_COPY #117500 bytes=422912 total=104828658176
GGML_VK_HOST_COPY #117600 bytes=461312 total=104902437376
GGML_VK_HOST_COPY #117700 bytes=1050112 total=104973106176
GGML_VK_HOST_COPY #117800 bytes=1574912 total=105056600576
GGML_VK_HOST_COPY #117900 bytes=525312 total=105135371776
GGML_VK_HOST_COPY #118000 bytes=1382912 total=105203160576
GGML_VK_HOST_COPY #118100 bytes=525312 total=105293131776
GGML_VK_HOST_COPY #118200 bytes=525312 total=105382398976
GGML_VK_HOST_COPY #118300 bytes=461312 total=105466686976
GGML_VK_HOST_COPY #118400 bytes=525312 total=105550130176
GGML_VK_HOST_COPY #118500 bytes=2624512 total=105655141376
GGML_VK_HOST_COPY #118600 bytes=1050112 total=105753854976
GGML_VK_HOST_COPY #118700 bytes=461312 total=105851429376
GGML_VK_HOST_COPY #118800 bytes=358912 total=105938418176
GGML_VK_HOST_COPY #118900 bytes=358912 total=105996888064
GGML_VK_HOST_COPY #119000 bytes=358912 total=106054641664
GGML_VK_HOST_COPY #119100 bytes=922112 total=106131185152
GGML_VK_HOST_COPY #119200 bytes=422912 total=106202160640
GGML_VK_HOST_COPY #119300 bytes=845312 total=106282044928
GGML_VK_HOST_COPY #119400 bytes=1267712 total=106356438528
GGML_VK_HOST_COPY #119500 bytes=922112 total=106433673216
GGML_VK_HOST_COPY #119600 bytes=845312 total=106520546304
GGML_VK_HOST_COPY #119700 bytes=422912 total=106597051904
GGML_VK_HOST_COPY #119800 bytes=922112 total=106679893504
GGML_VK_HOST_COPY #119900 bytes=422912 total=106761544704
GGML_VK_HOST_COPY #120000 bytes=1267712 total=106848610304
GGML_VK_HOST_COPY #120100 bytes=845312 total=106932296704
GGML_VK_HOST_COPY #120200 bytes=922112 total=107013103104
GGML_VK_HOST_COPY #120300 bytes=1050112 total=107103983104
GGML_VK_HOST_COPY #120400 bytes=1574912 total=107205845504
GGML_VK_HOST_COPY #120500 bytes=1050112 total=107301934592
GGML_VK_HOST_COPY #120600 bytes=922112 total=107395079680
GGML_VK_HOST_COPY #120700 bytes=717312 total=107478586368
GGML_VK_HOST_COPY #120800 bytes=717312 total=107543149568
GGML_VK_HOST_COPY #120900 bytes=717312 total=107612371968
GGML_VK_HOST_COPY #121000 bytes=461312 total=107697107968
GGML_VK_HOST_COPY #121100 bytes=422912 total=107788090368
GGML_VK_HOST_COPY #121200 bytes=1690112 total=107886983168
GGML_VK_HOST_COPY #121300 bytes=461312 total=107987872768
GGML_VK_HOST_COPY #121400 bytes=525312 total=108085984768
GGML_VK_HOST_COPY #121500 bytes=3674112 total=108199917568
GGML_VK_HOST_COPY #121600 bytes=2624512 total=108304928256
GGML_VK_HOST_COPY #121700 bytes=1382912 total=108405279744
GGML_SCHED_UPLOAD_STATS layers=48 copies=5964 bytes=5068669952 branch_ms=54.48 id_ms=49.42 wait_ms=582.75
GGML_VK_HOST_COPY #121800 bytes=1050112 total=108508992000
GGML_VK_HOST_COPY #121900 bytes=1050112 total=108607705088
GGML_VK_HOST_COPY #122000 bytes=1050112 total=108707993088
GGML_VK_HOST_COPY #122100 bytes=461312 total=108791371776
GGML_VK_HOST_COPY #122200 bytes=845312 total=108875308032
GGML_VK_HOST_COPY #122300 bytes=422912 total=108951391232
GGML_VK_HOST_COPY #122400 bytes=845312 total=109024940032
GGML_VK_HOST_COPY #122500 bytes=461312 total=109109778432
GGML_VK_HOST_COPY #122600 bytes=525312 total=109192082432
GGML_VK_HOST_COPY #122700 bytes=525312 total=109291845120
GGML_VK_HOST_COPY #122800 bytes=922112 total=109389150208
GGML_VK_HOST_COPY #122900 bytes=922112 total=109475371008
GGML_VK_HOST_COPY #123000 bytes=1574912 total=109561117696
GGML_VK_HOST_COPY #123100 bytes=1050112 total=109642512896
GGML_VK_HOST_COPY #123200 bytes=461312 total=109720132096
GGML_VK_HOST_COPY #123300 bytes=845312 total=109793220096
GGML_VK_HOST_COPY #123400 bytes=845312 total=109861277696
GGML_VK_HOST_COPY #123500 bytes=422912 total=109931447296
GGML_VK_HOST_COPY #123600 bytes=461312 total=110007261696
GGML_VK_HOST_COPY #123700 bytes=2099712 total=110080080896
GGML_VK_HOST_COPY #123800 bytes=525312 total=110159376896
GGML_VK_HOST_COPY #123900 bytes=461312 total=110238864896
GGML_VK_HOST_COPY #124000 bytes=525312 total=110313207296
GGML_VK_HOST_COPY #124100 bytes=1050112 total=110402474496
GGML_VK_HOST_COPY #124200 bytes=525312 total=110493316096
GGML_VK_HOST_COPY #124300 bytes=461312 total=110576810496
GGML_VK_HOST_COPY #124400 bytes=1574912 total=110661252096
GGML_VK_HOST_COPY #124500 bytes=525312 total=110773610496
GGML_VK_HOST_COPY #124600 bytes=525312 total=110880196096
GGML_VK_HOST_COPY #124700 bytes=2304512 total=110976016896
GGML_VK_HOST_COPY #124800 bytes=717312 total=111056400896
GGML_VK_HOST_COPY #124900 bytes=358912 total=111118096384
GGML_VK_HOST_COPY #125000 bytes=922112 total=111179945472
GGML_VK_HOST_COPY #125100 bytes=1382912 total=111258793472
GGML_VK_HOST_COPY #125200 bytes=845312 total=111329077760
GGML_VK_HOST_COPY #125300 bytes=422912 total=111407272448
GGML_VK_HOST_COPY #125400 bytes=1382912 total=111488270336
GGML_VK_HOST_COPY #125500 bytes=461312 total=111569422336
GGML_VK_HOST_COPY #125600 bytes=422912 total=111650074624
GGML_VK_HOST_COPY #125700 bytes=422912 total=111727847424
GGML_VK_HOST_COPY #125800 bytes=461312 total=111810420224
GGML_VK_HOST_COPY #125900 bytes=422912 total=111896449024
GGML_VK_HOST_COPY #126000 bytes=422912 total=111976756224
GGML_VK_HOST_COPY #126100 bytes=422912 total=112062977024
GGML_VK_HOST_COPY #126200 bytes=461312 total=112154458624
GGML_VK_HOST_COPY #126300 bytes=525312 total=112236084224
GGML_VK_HOST_COPY #126400 bytes=1050112 total=112347392512
GGML_VK_HOST_COPY #126500 bytes=4723712 total=112450829312
GGML_VK_HOST_COPY #126600 bytes=922112 total=112541478400
GGML_VK_HOST_COPY #126700 bytes=358912 total=112621349888
GGML_VK_HOST_COPY #126800 bytes=717312 total=112689497088
GGML_VK_HOST_COPY #126900 bytes=922112 total=112757593088
GGML_VK_HOST_COPY #127000 bytes=1843712 total=112846578688
GGML_VK_HOST_COPY #127100 bytes=845312 total=112937215488
GGML_VK_HOST_COPY #127200 bytes=422912 total=113036530688
GGML_VK_HOST_COPY #127300 bytes=461312 total=113135653888
GGML_VK_HOST_COPY #127400 bytes=525312 total=113231116288
GGML_VK_HOST_COPY #127500 bytes=525312 total=113359743488
GGML_VK_HOST_COPY #127600 bytes=2099712 total=113474725376
GGML_VK_HOST_COPY #127700 bytes=922112 total=113586264064
GGML_SCHED_UPLOAD_STATS layers=48 copies=5973 bytes=5146524160 branch_ms=54.25 id_ms=49.31 wait_ms=598.65
1.34.317.334 I slot print_timing: id  0 | task 8 | prompt processing, n_tokens =   4096, progress = 0.03, t =  10.43 s / 392.66 tokens per second
GGML_VK_HOST_COPY #127800 bytes=525312 total=113694353920
GGML_VK_HOST_COPY #127900 bytes=1050112 total=113788343808
GGML_VK_HOST_COPY #128000 bytes=1843712 total=113887261696
GGML_VK_HOST_COPY #128100 bytes=922112 total=113973943296
GGML_VK_HOST_COPY #128200 bytes=422912 total=114053809152
GGML_VK_HOST_COPY #128300 bytes=1690112 total=114129047552
GGML_VK_HOST_COPY #128400 bytes=1382912 total=114207127552
GGML_VK_HOST_COPY #128500 bytes=461312 total=114287357952
GGML_VK_HOST_COPY #128600 bytes=525312 total=114381514752
GGML_VK_HOST_COPY #128700 bytes=1050112 total=114473405440
GGML_VK_HOST_COPY #128800 bytes=1382912 total=114565808128
GGML_VK_HOST_COPY #128900 bytes=1050112 total=114655510016
GGML_VK_HOST_COPY #129000 bytes=525312 total=114741103616
GGML_VK_HOST_COPY #129100 bytes=525312 total=114826697216
GGML_VK_HOST_COPY #129200 bytes=1382912 total=114903753216
GGML_VK_HOST_COPY #129300 bytes=422912 total=114978569216
GGML_VK_HOST_COPY #129400 bytes=422912 total=115051273216
GGML_VK_HOST_COPY #129500 bytes=922112 total=115124630016
GGML_VK_HOST_COPY #129600 bytes=525312 total=115197807616
GGML_VK_HOST_COPY #129700 bytes=1574912 total=115277103616
GGML_VK_HOST_COPY #129800 bytes=1574912 total=115350626816
GGML_VK_HOST_COPY #129900 bytes=461312 total=115424073216
GGML_VK_HOST_COPY #130000 bytes=525312 total=115503676416
GGML_VK_HOST_COPY #130100 bytes=525312 total=115593993216
GGML_VK_HOST_COPY #130200 bytes=1050112 total=115684834816
GGML_VK_HOST_COPY #130300 bytes=922112 total=115768598016
GGML_VK_HOST_COPY #130400 bytes=1050112 total=115849033216
GGML_VK_HOST_COPY #130500 bytes=2099712 total=115965065216
GGML_VK_HOST_COPY #130600 bytes=461312 total=116076514816
GGML_VK_HOST_COPY #130700 bytes=461312 total=116173334016
GGML_VK_HOST_COPY #130800 bytes=358912 total=116239740416
GGML_VK_HOST_COPY #130900 bytes=717312 total=116301077504
GGML_VK_HOST_COPY #131000 bytes=1843712 total=116365588992
GGML_VK_HOST_COPY #131100 bytes=422912 total=116444090880
GGML_VK_HOST_COPY #131200 bytes=845312 total=116512993280
GGML_VK_HOST_COPY #131300 bytes=845312 total=116587808768
GGML_VK_HOST_COPY #131400 bytes=461312 total=116670995456
GGML_VK_HOST_COPY #131500 bytes=845312 total=116753337344
GGML_VK_HOST_COPY #131600 bytes=422912 total=116829842944
GGML_VK_HOST_COPY #131700 bytes=845312 total=116905926144
GGML_VK_HOST_COPY #131800 bytes=1382912 total=116987999744
GGML_VK_HOST_COPY #131900 bytes=422912 total=117069074944
GGML_VK_HOST_COPY #132000 bytes=845312 total=117149382144
GGML_VK_HOST_COPY #132100 bytes=2112512 total=117235180544
GGML_VK_HOST_COPY #132200 bytes=461312 total=117319750144
GGML_VK_HOST_COPY #132300 bytes=1050112 total=117407225344
GGML_VK_HOST_COPY #132400 bytes=1574912 total=117521157632
GGML_VK_HOST_COPY #132500 bytes=1574912 total=117626693632
GGML_VK_HOST_COPY #132600 bytes=461312 total=117721208320
GGML_VK_HOST_COPY #132700 bytes=358912 total=117806558208
GGML_VK_HOST_COPY #132800 bytes=358912 total=117873988608
GGML_VK_HOST_COPY #132900 bytes=461312 total=117943262208
GGML_VK_HOST_COPY #133000 bytes=1382912 total=118034091008
GGML_VK_HOST_COPY #133100 bytes=1267712 total=118128299008
GGML_VK_HOST_COPY #133200 bytes=422912 total=118233950208
GGML_VK_HOST_COPY #133300 bytes=922112 total=118335223808
GGML_VK_HOST_COPY #133400 bytes=1050112 total=118435153408
GGML_VK_HOST_COPY #133500 bytes=1050112 total=118558007808
GGML_VK_HOST_COPY #133600 bytes=525312 total=118663543808
GGML_VK_HOST_COPY #133700 bytes=922112 total=118770014208
GGML_SCHED_UPLOAD_STATS layers=48 copies=6024 bytes=5200004608 branch_ms=54.38 id_ms=49.33 wait_ms=599.60
GGML_VK_HOST_COPY #133800 bytes=1050112 total=118875966976
GGML_VK_HOST_COPY #133900 bytes=1050112 total=118975204864
GGML_VK_HOST_COPY #134000 bytes=525312 total=119076017664
GGML_VK_HOST_COPY #134100 bytes=461312 total=119161380352
GGML_VK_HOST_COPY #134200 bytes=1690112 total=119243588608
GGML_VK_HOST_COPY #134300 bytes=1267712 total=119320516608
GGML_VK_HOST_COPY #134400 bytes=422912 total=119393643008
GGML_VK_HOST_COPY #134500 bytes=461312 total=119475332608
GGML_VK_HOST_COPY #134600 bytes=525312 total=119560247808
GGML_VK_HOST_COPY #134700 bytes=525312 total=119655812096
GGML_VK_HOST_COPY #134800 bytes=461312 total=119751222784
GGML_VK_HOST_COPY #134900 bytes=1843712 total=119837904384
GGML_VK_HOST_COPY #135000 bytes=525312 total=119922588672
GGML_VK_HOST_COPY #135100 bytes=525312 total=120005558272
GGML_VK_HOST_COPY #135200 bytes=922112 total=120087529472
GGML_VK_HOST_COPY #135300 bytes=422912 total=120163535872
GGML_VK_HOST_COPY #135400 bytes=1690112 total=120232015872
GGML_VK_HOST_COPY #135500 bytes=422912 total=120302185472
GGML_VK_HOST_COPY #135600 bytes=461312 total=120379190272
GGML_VK_HOST_COPY #135700 bytes=525312 total=120450563072
GGML_VK_HOST_COPY #135800 bytes=525312 total=120533532672
GGML_VK_HOST_COPY #135900 bytes=461312 total=120616092672
GGML_VK_HOST_COPY #136000 bytes=461312 total=120688489472
GGML_VK_HOST_COPY #136100 bytes=1050112 total=120781827072
GGML_VK_HOST_COPY #136200 bytes=525312 total=120879491072
GGML_VK_HOST_COPY #136300 bytes=461312 total=120962179072
GGML_VK_HOST_COPY #136400 bytes=525312 total=121048617472
GGML_VK_HOST_COPY #136500 bytes=525312 total=121159401472
GGML_VK_HOST_COPY #136600 bytes=2624512 total=121262838272
GGML_VK_HOST_COPY #136700 bytes=2765312 total=121359593472
GGML_VK_HOST_COPY #136800 bytes=358912 total=121445353472
GGML_VK_HOST_COPY #136900 bytes=717312 total=121506332160
GGML_VK_HOST_COPY #137000 bytes=358912 total=121567669760
GGML_VK_HOST_COPY #137100 bytes=922112 total=121643189248
GGML_VK_HOST_COPY #137200 bytes=422912 total=121721998336
GGML_VK_HOST_COPY #137300 bytes=422912 total=121806106624
GGML_VK_HOST_COPY #137400 bytes=461312 total=121887949312
GGML_VK_HOST_COPY #137500 bytes=461312 total=121976013312
GGML_VK_HOST_COPY #137600 bytes=422912 total=122059046400
GGML_VK_HOST_COPY #137700 bytes=422912 total=122142310400
GGML_VK_HOST_COPY #137800 bytes=1382912 total=122228377600
GGML_VK_HOST_COPY #137900 bytes=422912 total=122306995200
GGML_VK_HOST_COPY #138000 bytes=422912 total=122397017600
GGML_VK_HOST_COPY #138100 bytes=845312 total=122484083200
GGML_VK_HOST_COPY #138200 bytes=461312 total=122572492800
GGML_VK_HOST_COPY #138300 bytes=1050112 total=122667238400
GGML_VK_HOST_COPY #138400 bytes=525312 total=122787993088
GGML_VK_HOST_COPY #138500 bytes=525312 total=122904025088
GGML_VK_HOST_COPY #138600 bytes=461312 total=123000139776
GGML_VK_HOST_COPY #138700 bytes=717312 total=123086667264
GGML_VK_HOST_COPY #138800 bytes=358912 total=123159473664
GGML_VK_HOST_COPY #138900 bytes=922112 total=123232433664
GGML_VK_HOST_COPY #139000 bytes=461312 total=123326027264
GGML_VK_HOST_COPY #139100 bytes=2112512 total=123425841664
GGML_VK_HOST_COPY #139200 bytes=422912 total=123528958464
GGML_VK_HOST_COPY #139300 bytes=461312 total=123634302464
GGML_VK_HOST_COPY #139400 bytes=3674112 total=123740440064
GGML_VK_HOST_COPY #139500 bytes=1574912 total=123863819264
GGML_VK_HOST_COPY #139600 bytes=525312 total=123976177664
GGML_VK_HOST_COPY #139700 bytes=922112 total=124081892864
GGML_SCHED_UPLOAD_STATS layers=48 copies=5994 bytes=5296782848 branch_ms=54.76 id_ms=49.72 wait_ms=614.69
GGML_VK_HOST_COPY #139800 bytes=1050112 total=124187960832
GGML_VK_HOST_COPY #139900 bytes=525312 total=124284574720
GGML_VK_HOST_COPY #140000 bytes=2624512 total=124389585920
GGML_VK_HOST_COPY #140100 bytes=461312 total=124471415808
GGML_VK_HOST_COPY #140200 bytes=422912 total=124552548864
GGML_VK_HOST_COPY #140300 bytes=422912 total=124630744064
GGML_VK_HOST_COPY #140400 bytes=1267712 total=124705137664
GGML_VK_HOST_COPY #140500 bytes=461312 total=124785368064
GGML_VK_HOST_COPY #140600 bytes=525312 total=124870142464
GGML_VK_HOST_COPY #140700 bytes=1050112 total=124964132352
GGML_VK_HOST_COPY #140800 bytes=461312 total=125059159040
GGML_VK_HOST_COPY #140900 bytes=460800 total=125144918528
GGML_VK_HOST_COPY #141000 bytes=1050112 total=125231036928
GGML_VK_HOST_COPY #141100 bytes=2099712 total=125314531328
GGML_VK_HOST_COPY #141200 bytes=1843712 total=125394595328
GGML_VK_HOST_COPY #141300 bytes=1690112 total=125469603328
GGML_VK_HOST_COPY #141400 bytes=1267712 total=125538083328
GGML_VK_HOST_COPY #141500 bytes=422912 total=125607830528
GGML_VK_HOST_COPY #141600 bytes=461312 total=125684259328
GGML_VK_HOST_COPY #141700 bytes=525312 total=125756681728
GGML_VK_HOST_COPY #141800 bytes=1050112 total=125837552128
GGML_VK_HOST_COPY #141900 bytes=922112 total=125918268928
GGML_VK_HOST_COPY #142000 bytes=922112 total=125987440128
GGML_VK_HOST_COPY #142100 bytes=525312 total=126082236928
GGML_VK_HOST_COPY #142200 bytes=525312 total=126177276928
GGML_VK_HOST_COPY #142300 bytes=1843712 total=126260284928
GGML_VK_HOST_COPY #142400 bytes=525312 total=126345020928
GGML_VK_HOST_COPY #142500 bytes=525312 total=126456854528
GGML_VK_HOST_COPY #142600 bytes=1050112 total=126560291328
GGML_VK_HOST_COPY #142700 bytes=3226112 total=126659158528
GGML_VK_HOST_COPY #142800 bytes=358912 total=126743792128
GGML_VK_HOST_COPY #142900 bytes=717312 total=126807638016
GGML_VK_HOST_COPY #143000 bytes=461312 total=126871842304
GGML_VK_HOST_COPY #143100 bytes=922112 total=126952533504
GGML_VK_HOST_COPY #143200 bytes=845312 total=127027118592
GGML_VK_HOST_COPY #143300 bytes=422912 total=127106158080
GGML_VK_HOST_COPY #143400 bytes=461312 total=127188077568
GGML_VK_HOST_COPY #143500 bytes=922112 total=127273837568
GGML_VK_HOST_COPY #143600 bytes=422912 total=127350841856
GGML_VK_HOST_COPY #143700 bytes=422912 total=127433683456
GGML_VK_HOST_COPY #143800 bytes=1382912 total=127519059456
GGML_VK_HOST_COPY #143900 bytes=845312 total=127599520256
GGML_VK_HOST_COPY #144000 bytes=845312 total=127690809856
GGML_VK_HOST_COPY #144100 bytes=845312 total=127779987456
GGML_VK_HOST_COPY #144200 bytes=1843712 total=127878841856
GGML_VK_HOST_COPY #144300 bytes=1574912 total=127972013056
GGML_VK_HOST_COPY #144400 bytes=525312 total=128088569344
GGML_VK_HOST_COPY #144500 bytes=461312 total=128207032832
GGML_VK_HOST_COPY #144600 bytes=461312 total=128306616832
GGML_VK_HOST_COPY #144700 bytes=3226112 total=128383877120
GGML_VK_HOST_COPY #144800 bytes=1434112 total=128456683520
GGML_VK_HOST_COPY #144900 bytes=1382912 total=128532613120
GGML_VK_HOST_COPY #145000 bytes=845312 total=128628856320
GGML_VK_HOST_COPY #145100 bytes=1267712 total=128723525120
GGML_VK_HOST_COPY #145200 bytes=422912 total=128816081920
GGML_VK_HOST_COPY #145300 bytes=922112 total=128920043520
GGML_VK_HOST_COPY #145400 bytes=1050112 total=129019640320
GGML_VK_HOST_COPY #145500 bytes=1050112 total=129143019520
GGML_VK_HOST_COPY #145600 bytes=1574912 total=129272171520
GGML_VK_HOST_COPY #145700 bytes=461312 total=129372856320
GGML_SCHED_UPLOAD_STATS layers=48 copies=5967 bytes=5252813824 branch_ms=54.40 id_ms=49.37 wait_ms=625.81
GGML_VK_HOST_COPY #145800 bytes=2099712 total=129485388288
GGML_VK_HOST_COPY #145900 bytes=2099712 total=129577803776
GGML_VK_HOST_COPY #146000 bytes=461312 total=129673854464
GGML_VK_HOST_COPY #146100 bytes=461312 total=129764222464
GGML_VK_HOST_COPY #146200 bytes=2957312 total=129843742720
GGML_VK_HOST_COPY #146300 bytes=422912 total=129915601920
GGML_VK_HOST_COPY #146400 bytes=461312 total=129994718720
GGML_VK_HOST_COPY #146500 bytes=461312 total=130077253120
GGML_VK_HOST_COPY #146600 bytes=525312 total=130167045120
GGML_VK_HOST_COPY #146700 bytes=525312 total=130261035008
GGML_VK_HOST_COPY #146800 bytes=922112 total=130348074496
GGML_VK_HOST_COPY #146900 bytes=1050112 total=130436969984
GGML_VK_HOST_COPY #147000 bytes=525312 total=130524137984
GGML_VK_HOST_COPY #147100 bytes=1050112 total=130610781184
GGML_VK_HOST_COPY #147200 bytes=1382912 total=130689091584
GGML_VK_HOST_COPY #147300 bytes=1267712 total=130763945984
GGML_VK_HOST_COPY #147400 bytes=422912 total=130835805184
GGML_VK_HOST_COPY #147500 bytes=461312 total=130906358784
GGML_VK_HOST_COPY #147600 bytes=525312 total=130980726784
GGML_VK_HOST_COPY #147700 bytes=525312 total=131063696384
GGML_VK_HOST_COPY #147800 bytes=1050112 total=131139843584
GGML_VK_HOST_COPY #147900 bytes=1382912 total=131218857984
GGML_VK_HOST_COPY #148000 bytes=525312 total=131301571584
GGML_VK_HOST_COPY #148100 bytes=1050112 total=131396611584
GGML_VK_HOST_COPY #148200 bytes=1050112 total=131490601984
GGML_VK_HOST_COPY #148300 bytes=922112 total=131577334784
GGML_VK_HOST_COPY #148400 bytes=525312 total=131660509184
GGML_VK_HOST_COPY #148500 bytes=1050112 total=131774441984
GGML_VK_HOST_COPY #148600 bytes=461312 total=131882153984
GGML_VK_HOST_COPY #148700 bytes=2304512 total=131977129984
GGML_VK_HOST_COPY #148800 bytes=1075712 total=132046813184
GGML_VK_HOST_COPY #148900 bytes=717312 total=132112451072
GGML_VK_HOST_COPY #149000 bytes=922112 total=132188892160
GGML_VK_HOST_COPY #149100 bytes=845312 total=132271579648
GGML_VK_HOST_COPY #149200 bytes=845312 total=132349774848
GGML_VK_HOST_COPY #149300 bytes=422912 total=132422055936
GGML_VK_HOST_COPY #149400 bytes=461312 total=132503053824
GGML_VK_HOST_COPY #149500 bytes=845312 total=132597530112
GGML_VK_HOST_COPY #149600 bytes=845312 total=132673190912
GGML_VK_HOST_COPY #149700 bytes=422912 total=132752230912
GGML_VK_HOST_COPY #149800 bytes=461312 total=132837568512
GGML_VK_HOST_COPY #149900 bytes=845312 total=132933350912
GGML_VK_HOST_COPY #150000 bytes=1690112 total=133018726912
GGML_VK_HOST_COPY #150100 bytes=1382912 total=133106445312
GGML_VK_HOST_COPY #150200 bytes=461312 total=133206029312
GGML_VK_HOST_COPY #150300 bytes=525312 total=133312128512
GGML_VK_HOST_COPY #150400 bytes=1050112 total=133427635200
GGML_VK_HOST_COPY #150500 bytes=1843712 total=133540773888
GGML_VK_HOST_COPY #150600 bytes=358912 total=133641534976
GGML_VK_HOST_COPY #150700 bytes=717312 total=133717566976
GGML_VK_HOST_COPY #150800 bytes=358912 total=133787864576
GGML_VK_HOST_COPY #150900 bytes=461312 total=133874085376
GGML_VK_HOST_COPY #151000 bytes=422912 total=133971365376
GGML_VK_HOST_COPY #151100 bytes=845312 total=134065189376
GGML_VK_HOST_COPY #151200 bytes=422912 total=134159858176
GGML_VK_HOST_COPY #151300 bytes=461312 total=134259288576
GGML_VK_HOST_COPY #151400 bytes=2099712 total=134371557376
GGML_VK_HOST_COPY #151500 bytes=1050112 total=134493362176
GGML_VK_HOST_COPY #151600 bytes=3226112 total=134615179776
GGML_SCHED_UPLOAD_STATS layers=48 copies=5970 bytes=5309288960 branch_ms=54.43 id_ms=49.38 wait_ms=639.32
1.40.677.117 I slot print_timing: id  0 | task 8 | prompt processing, n_tokens =   6144, progress = 0.05, t =  16.79 s / 365.91 tokens per second
GGML_VK_HOST_COPY #151700 bytes=525312 total=134733753344
GGML_VK_HOST_COPY #151800 bytes=2624512 total=134834566144
GGML_VK_HOST_COPY #151900 bytes=525312 total=134925932032
GGML_VK_HOST_COPY #152000 bytes=461312 total=135013790720
GGML_VK_HOST_COPY #152100 bytes=422912 total=135104523776
GGML_VK_HOST_COPY #152200 bytes=1690112 total=135175960576
GGML_VK_HOST_COPY #152300 bytes=422912 total=135255000576
GGML_VK_HOST_COPY #152400 bytes=2304512 total=135333195776
GGML_VK_HOST_COPY #152500 bytes=525312 total=135415730176
GGML_VK_HOST_COPY #152600 bytes=1050112 total=135512344576
GGML_VK_HOST_COPY #152700 bytes=1050112 total=135600036864
GGML_VK_HOST_COPY #152800 bytes=922112 total=135681610752
GGML_VK_HOST_COPY #152900 bytes=1050112 total=135772234240
GGML_VK_HOST_COPY #153000 bytes=1574912 total=135856778240
GGML_VK_HOST_COPY #153100 bytes=525312 total=135944471040
GGML_VK_HOST_COPY #153200 bytes=461312 total=136023216640
GGML_VK_HOST_COPY #153300 bytes=422912 total=136095843840
GGML_VK_HOST_COPY #153400 bytes=422912 total=136168125440
GGML_VK_HOST_COPY #153500 bytes=461312 total=136242327040
GGML_VK_HOST_COPY #153600 bytes=525312 total=136314352640
GGML_VK_HOST_COPY #153700 bytes=2099712 total=136402570240
GGML_VK_HOST_COPY #153800 bytes=525312 total=136487114240
GGML_VK_HOST_COPY #153900 bytes=3226112 total=136558640640
GGML_VK_HOST_COPY #154000 bytes=1574912 total=136646679040
GGML_VK_HOST_COPY #154100 bytes=1050112 total=136740669440
GGML_VK_HOST_COPY #154200 bytes=1050112 total=136839383040
GGML_VK_HOST_COPY #154300 bytes=461312 total=136921367040
GGML_VK_HOST_COPY #154400 bytes=525312 total=137009827840
GGML_VK_HOST_COPY #154500 bytes=525312 total=137115888640
GGML_VK_HOST_COPY #154600 bytes=461312 total=137223959040
GGML_VK_HOST_COPY #154700 bytes=461312 total=137320778240
GGML_VK_HOST_COPY #154800 bytes=717312 total=137385290240
GGML_VK_HOST_COPY #154900 bytes=358912 total=137453078528
GGML_VK_HOST_COPY #155000 bytes=922112 total=137530185216
GGML_VK_HOST_COPY #155100 bytes=422912 total=137612719104
GGML_VK_HOST_COPY #155200 bytes=1267712 total=137695560192
GGML_VK_HOST_COPY #155300 bytes=2112512 total=137776289792
GGML_VK_HOST_COPY #155400 bytes=461312 total=137853946880
GGML_VK_HOST_COPY #155500 bytes=845312 total=137946311168
GGML_VK_HOST_COPY #155600 bytes=422912 total=138024083968
GGML_VK_HOST_COPY #155700 bytes=422912 total=138098477568
GGML_VK_HOST_COPY #155800 bytes=922112 total=138178784768
GGML_VK_HOST_COPY #155900 bytes=845312 total=138274106368
GGML_VK_HOST_COPY #156000 bytes=422912 total=138356525568
GGML_VK_HOST_COPY #156100 bytes=1382912 total=138444282368
GGML_VK_HOST_COPY #156200 bytes=922112 total=138544787968
GGML_VK_HOST_COPY #156300 bytes=525312 total=138648992768
GGML_VK_HOST_COPY #156400 bytes=1050112 total=138770272256
GGML_VK_HOST_COPY #156500 bytes=1843712 total=138888006144
GGML_VK_HOST_COPY #156600 bytes=717312 total=138991941632
GGML_VK_HOST_COPY #156700 bytes=358912 total=139069048832
GGML_VK_HOST_COPY #156800 bytes=358912 total=139140421632
GGML_VK_HOST_COPY #156900 bytes=1382912 total=139228639232
GGML_VK_HOST_COPY #157000 bytes=1690112 total=139329106432
GGML_VK_HOST_COPY #157100 bytes=2112512 total=139420818432
GGML_VK_HOST_COPY #157200 bytes=422912 total=139519288832
GGML_VK_HOST_COPY #157300 bytes=461312 total=139622213632
GGML_VK_HOST_COPY #157400 bytes=1050112 total=139731372032
GGML_VK_HOST_COPY #157500 bytes=1050112 total=139865772032
GGML_VK_HOST_COPY #157600 bytes=461312 total=139993080832
GGML_SCHED_UPLOAD_STATS layers=48 copies=6000 bytes=5377093120 branch_ms=54.44 id_ms=49.34 wait_ms=651.34
GGML_VK_HOST_COPY #157700 bytes=525312 total=140118707200
GGML_VK_HOST_COPY #157800 bytes=525312 total=140217945600
GGML_VK_HOST_COPY #157900 bytes=525312 total=140311410688
GGML_VK_HOST_COPY #158000 bytes=922112 total=140399397376
GGML_VK_HOST_COPY #158100 bytes=422912 total=140488056832
GGML_VK_HOST_COPY #158200 bytes=845312 total=140559493632
GGML_VK_HOST_COPY #158300 bytes=845312 total=140638956032
GGML_VK_HOST_COPY #158400 bytes=922112 total=140714271232
GGML_VK_HOST_COPY #158500 bytes=1050112 total=140799442432
GGML_VK_HOST_COPY #158600 bytes=1050112 total=140895532032
GGML_VK_HOST_COPY #158700 bytes=1050112 total=140983749120
GGML_VK_HOST_COPY #158800 bytes=922112 total=141065323008
GGML_VK_HOST_COPY #158900 bytes=1050112 total=141157060096
GGML_VK_HOST_COPY #159000 bytes=1574912 total=141240554496
GGML_VK_HOST_COPY #159100 bytes=1050112 total=141328247296
GGML_VK_HOST_COPY #159200 bytes=461312 total=141407056896
GGML_VK_HOST_COPY #159300 bytes=845312 total=141479760896
GGML_VK_HOST_COPY #159400 bytes=422912 total=141551620096
GGML_VK_HOST_COPY #159500 bytes=922112 total=141627780096
GGML_VK_HOST_COPY #159600 bytes=1050112 total=141699882496
GGML_VK_HOST_COPY #159700 bytes=525312 total=141784951296
GGML_VK_HOST_COPY #159800 bytes=525312 total=141867396096
GGML_VK_HOST_COPY #159900 bytes=461312 total=141940868096
GGML_VK_HOST_COPY #160000 bytes=1574912 total=142026960896
GGML_VK_HOST_COPY #160100 bytes=525312 total=142120951296
GGML_VK_HOST_COPY #160200 bytes=1574912 total=142216516096
GGML_VK_HOST_COPY #160300 bytes=1382912 total=142297296896
GGML_VK_HOST_COPY #160400 bytes=2099712 total=142386820096
GGML_VK_HOST_COPY #160500 bytes=525312 total=142497079296
GGML_VK_HOST_COPY #160600 bytes=461312 total=142605341696
GGML_VK_HOST_COPY #160700 bytes=461312 total=142702160896
GGML_VK_HOST_COPY #160800 bytes=358912 total=142768362496
GGML_VK_HOST_COPY #160900 bytes=717312 total=142836509184
GGML_VK_HOST_COPY #161000 bytes=922112 total=142912387072
GGML_VK_HOST_COPY #161100 bytes=1267712 total=142995957760
GGML_VK_HOST_COPY #161200 bytes=422912 total=143078798848
GGML_VK_HOST_COPY #161300 bytes=422912 total=143154882048
GGML_VK_HOST_COPY #161400 bytes=1382912 total=143233076736
GGML_VK_HOST_COPY #161500 bytes=422912 total=143326938624
GGML_VK_HOST_COPY #161600 bytes=422912 total=143408090624
GGML_VK_HOST_COPY #161700 bytes=922112 total=143478836224
GGML_VK_HOST_COPY #161800 bytes=461312 total=143565057024
GGML_VK_HOST_COPY #161900 bytes=845312 total=143655885824
GGML_VK_HOST_COPY #162000 bytes=422912 total=143745485824
GGML_VK_HOST_COPY #162100 bytes=922112 total=143836775424
GGML_VK_HOST_COPY #162200 bytes=525312 total=143929242624
GGML_VK_HOST_COPY #162300 bytes=1050112 total=144042125824
GGML_VK_HOST_COPY #162400 bytes=3149312 total=144154483712
GGML_VK_HOST_COPY #162500 bytes=2304512 total=144267136000
GGML_VK_HOST_COPY #162600 bytes=358912 total=144364517888
GGML_VK_HOST_COPY #162700 bytes=358912 total=144438757888
GGML_VK_HOST_COPY #162800 bytes=1434112 total=144509055488
GGML_VK_HOST_COPY #162900 bytes=461312 total=144593125888
GGML_VK_HOST_COPY #163000 bytes=422912 total=144690521088
GGML_VK_HOST_COPY #163100 bytes=422912 total=144786457088
GGML_VK_HOST_COPY #163200 bytes=1690112 total=144883660288
GGML_VK_HOST_COPY #163300 bytes=461312 total=144986085888
GGML_VK_HOST_COPY #163400 bytes=525312 total=145101849088
GGML_VK_HOST_COPY #163500 bytes=525312 total=145226277888
GGML_VK_HOST_COPY #163600 bytes=922112 total=145351602688
GGML_VK_HOST_COPY #163700 bytes=1843712 total=145471461888
GGML_SCHED_UPLOAD_STATS layers=48 copies=6009 bytes=5354953728 branch_ms=54.44 id_ms=49.37 wait_ms=660.94
GGML_VK_HOST_COPY #163800 bytes=525312 total=145572358656
GGML_VK_HOST_COPY #163900 bytes=1574912 total=145663724544
GGML_VK_HOST_COPY #164000 bytes=461312 total=145757586432
GGML_VK_HOST_COPY #164100 bytes=461312 total=145845189632
GGML_VK_HOST_COPY #164200 bytes=422912 total=145920524288
GGML_VK_HOST_COPY #164300 bytes=422912 total=145997874688
GGML_VK_HOST_COPY #164400 bytes=922112 total=146073381888
GGML_VK_HOST_COPY #164500 bytes=1050112 total=146157989888
GGML_VK_HOST_COPY #164600 bytes=3149312 total=146249356288
GGML_VK_HOST_COPY #164700 bytes=525312 total=146338622976
GGML_VK_HOST_COPY #164800 bytes=461312 total=146422257664
GGML_VK_HOST_COPY #164900 bytes=1050112 total=146509770752
GGML_VK_HOST_COPY #165000 bytes=525312 total=146594839552
GGML_VK_HOST_COPY #165100 bytes=525312 total=146683057152
GGML_VK_HOST_COPY #165200 bytes=461312 total=146758205952
GGML_VK_HOST_COPY #165300 bytes=422912 total=146832522752
GGML_VK_HOST_COPY #165400 bytes=1690112 total=146905649152
GGML_VK_HOST_COPY #165500 bytes=922112 total=146975319552
GGML_VK_HOST_COPY #165600 bytes=1382912 total=147052324352
GGML_VK_HOST_COPY #165700 bytes=1574912 total=147135921152
GGML_VK_HOST_COPY #165800 bytes=525312 total=147215217152
GGML_VK_HOST_COPY #165900 bytes=461312 total=147299645952
GGML_VK_HOST_COPY #166000 bytes=525312 total=147383383552
GGML_VK_HOST_COPY #166100 bytes=1050112 total=147482621952
GGML_VK_HOST_COPY #166200 bytes=1050112 total=147576087552
GGML_VK_HOST_COPY #166300 bytes=461312 total=147663165952
GGML_VK_HOST_COPY #166400 bytes=1050112 total=147746596352
GGML_VK_HOST_COPY #166500 bytes=525312 total=147857380352
GGML_VK_HOST_COPY #166600 bytes=525312 total=147965015552
GGML_VK_HOST_COPY #166700 bytes=461312 total=148059786752
GGML_VK_HOST_COPY #166800 bytes=717312 total=148142474752
GGML_VK_HOST_COPY #166900 bytes=717312 total=148212413440
GGML_VK_HOST_COPY #167000 bytes=461312 total=148288649728
GGML_VK_HOST_COPY #167100 bytes=422912 total=148375254016
GGML_VK_HOST_COPY #167200 bytes=845312 total=148458095616
GGML_VK_HOST_COPY #167300 bytes=422912 total=148532911104
GGML_VK_HOST_COPY #167400 bytes=461312 total=148616865792
GGML_VK_HOST_COPY #167500 bytes=422912 total=148713146880
GGML_VK_HOST_COPY #167600 bytes=422912 total=148789230080
GGML_VK_HOST_COPY #167700 bytes=845312 total=148868692480
GGML_VK_HOST_COPY #167800 bytes=461312 total=148948922880
GGML_VK_HOST_COPY #167900 bytes=3379712 total=149045012480
GGML_VK_HOST_COPY #168000 bytes=845312 total=149130810880
GGML_VK_HOST_COPY #168100 bytes=422912 total=149217031680
GGML_VK_HOST_COPY #168200 bytes=461312 total=149319226880
GGML_VK_HOST_COPY #168300 bytes=1050112 total=149409953280
GGML_VK_HOST_COPY #168400 bytes=1050112 total=149533856768
GGML_VK_HOST_COPY #168500 bytes=461312 total=149657017856
GGML_VK_HOST_COPY #168600 bytes=461312 total=149765357056
GGML_VK_HOST_COPY #168700 bytes=358912 total=149839186944
GGML_VK_HOST_COPY #168800 bytes=717312 total=149918086144
GGML_VK_HOST_COPY #168900 bytes=461312 total=149998316544
GGML_VK_HOST_COPY #169000 bytes=461312 total=150095596544
GGML_VK_HOST_COPY #169100 bytes=4224512 total=150196486144
GGML_VK_HOST_COPY #169200 bytes=422912 total=150300025344
GGML_VK_HOST_COPY #169300 bytes=461312 total=150408172544
GGML_VK_HOST_COPY #169400 bytes=525312 total=150517970944
GGML_VK_HOST_COPY #169500 bytes=1050112 total=150656569344
GGML_VK_HOST_COPY #169600 bytes=525312 total=150797791744
GGML_VK_HOST_COPY #169700 bytes=461312 total=150911314944
GGML_SCHED_UPLOAD_STATS layers=48 copies=6009 bytes=5453795328 branch_ms=54.47 id_ms=49.38 wait_ms=671.98
GGML_VK_HOST_COPY #169800 bytes=525312 total=151025613312
GGML_VK_HOST_COPY #169900 bytes=525312 total=151116979200
GGML_VK_HOST_COPY #170000 bytes=461312 total=151211980288
GGML_VK_HOST_COPY #170100 bytes=1382912 total=151302809088
GGML_VK_HOST_COPY #170200 bytes=845312 total=151378950144
GGML_VK_HOST_COPY #170300 bytes=1267712 total=151451654144
GGML_VK_HOST_COPY #170400 bytes=1382912 total=151531922944
GGML_VK_HOST_COPY #170500 bytes=2304512 total=151614457344
GGML_VK_HOST_COPY #170600 bytes=1050112 total=151701958144
GGML_VK_HOST_COPY #170700 bytes=525312 total=151789650432
GGML_VK_HOST_COPY #170800 bytes=922112 total=151876651520
GGML_VK_HOST_COPY #170900 bytes=525312 total=151959748608
GGML_VK_HOST_COPY #171000 bytes=525312 total=152046916608
GGML_VK_HOST_COPY #171100 bytes=525312 total=152131460608
GGML_VK_HOST_COPY #171200 bytes=922112 total=152213572608
GGML_VK_HOST_COPY #171300 bytes=422912 total=152287697408
GGML_VK_HOST_COPY #171400 bytes=422912 total=152358711808
GGML_VK_HOST_COPY #171500 bytes=845312 total=152432260608
GGML_VK_HOST_COPY #171600 bytes=461312 total=152507307008
GGML_VK_HOST_COPY #171700 bytes=525312 total=152586923008
GGML_VK_HOST_COPY #171800 bytes=1574912 total=152674091008
GGML_VK_HOST_COPY #171900 bytes=922112 total=152763972608
GGML_VK_HOST_COPY #172000 bytes=922112 total=152841899008
GGML_VK_HOST_COPY #172100 bytes=525312 total=152935659008
GGML_VK_HOST_COPY #172200 bytes=525312 total=153028599808
GGML_VK_HOST_COPY #172300 bytes=461312 total=153116510208
GGML_VK_HOST_COPY #172400 bytes=525312 total=153198775808
GGML_VK_HOST_COPY #172500 bytes=2099712 total=153302212608
GGML_VK_HOST_COPY #172600 bytes=525312 total=153411422208
GGML_VK_HOST_COPY #172700 bytes=922112 total=153515563008
GGML_VK_HOST_COPY #172800 bytes=358912 total=153605060608
GGML_VK_HOST_COPY #172900 bytes=358912 total=153676074496
GGML_VK_HOST_COPY #173000 bytes=922112 total=153749443584
GGML_VK_HOST_COPY #173100 bytes=922112 total=153841193984
GGML_VK_HOST_COPY #173200 bytes=422912 total=153915548672
GGML_VK_HOST_COPY #173300 bytes=1267712 total=153994588160
GGML_VK_HOST_COPY #173400 bytes=461312 total=154075355648
GGML_VK_HOST_COPY #173500 bytes=461312 total=154160654848
GGML_VK_HOST_COPY #173600 bytes=422912 total=154243726336
GGML_VK_HOST_COPY #173700 bytes=422912 total=154331636736
GGML_VK_HOST_COPY #173800 bytes=1382912 total=154420545536
GGML_VK_HOST_COPY #173900 bytes=1267712 total=154507687936
GGML_VK_HOST_COPY #174000 bytes=422912 total=154606580736
GGML_VK_HOST_COPY #174100 bytes=845312 total=154703361536
GGML_VK_HOST_COPY #174200 bytes=2304512 total=154805211136
GGML_VK_HOST_COPY #174300 bytes=2099712 total=154905831936
GGML_VK_HOST_COPY #174400 bytes=1050112 total=155038657024
GGML_VK_HOST_COPY #174500 bytes=1574912 total=155168333824
GGML_VK_HOST_COPY #174600 bytes=1382912 total=155270669312
GGML_VK_HOST_COPY #174700 bytes=358912 total=155357760000
GGML_VK_HOST_COPY #174800 bytes=358912 total=155435225600
GGML_VK_HOST_COPY #174900 bytes=1075712 total=155509824000
GGML_VK_HOST_COPY #175000 bytes=461312 total=155598348800
GGML_VK_HOST_COPY #175100 bytes=422912 total=155703654400
GGML_VK_HOST_COPY #175200 bytes=422912 total=155806348800
GGML_VK_HOST_COPY #175300 bytes=461312 total=155914227200
GGML_VK_HOST_COPY #175400 bytes=2304512 total=156025331200
GGML_VK_HOST_COPY #175500 bytes=1574912 total=156150630400
GGML_VK_HOST_COPY #175600 bytes=1050112 total=156273484800
GGML_VK_HOST_COPY #175700 bytes=922112 total=156392153600
GGML_SCHED_UPLOAD_STATS layers=48 copies=6057 bytes=5538120704 branch_ms=54.44 id_ms=49.31 wait_ms=683.34
1.47.586.724 I slot print_timing: id  0 | task 8 | prompt processing, n_tokens =   8192, progress = 0.06, t =  23.70 s / 345.64 tokens per second
GGML_VK_HOST_COPY #175800 bytes=525312 total=156511213568
GGML_VK_HOST_COPY #175900 bytes=525312 total=156613600768
GGML_VK_HOST_COPY #176000 bytes=1050112 total=156705491456
GGML_VK_HOST_COPY #176100 bytes=461312 total=156792274944
GGML_VK_HOST_COPY #176200 bytes=1267712 total=156879552000
GGML_VK_HOST_COPY #176300 bytes=422912 total=156952256000
GGML_VK_HOST_COPY #176400 bytes=422912 total=157028339200
GGML_VK_HOST_COPY #176500 bytes=1843712 total=157108608000
GGML_VK_HOST_COPY #176600 bytes=525312 total=157187366400
GGML_VK_HOST_COPY #176700 bytes=525312 total=157283980288
GGML_VK_HOST_COPY #176800 bytes=525312 total=157373247488
GGML_VK_HOST_COPY #176900 bytes=461312 total=157456229376
GGML_VK_HOST_COPY #177000 bytes=1050112 total=157543806464
GGML_VK_HOST_COPY #177100 bytes=525312 total=157623102464
GGML_VK_HOST_COPY #177200 bytes=525312 total=157706072064
GGML_VK_HOST_COPY #177300 bytes=1843712 total=157782833664
GGML_VK_HOST_COPY #177400 bytes=422912 total=157851121664
GGML_VK_HOST_COPY #177500 bytes=422912 total=157924248064
GGML_VK_HOST_COPY #177600 bytes=922112 total=157994571264
GGML_VK_HOST_COPY #177700 bytes=922112 total=158069272064
GGML_VK_HOST_COPY #177800 bytes=1050112 total=158154814464
GGML_VK_HOST_COPY #177900 bytes=2099712 total=158232011264
GGML_VK_HOST_COPY #178000 bytes=461312 total=158314955264
GGML_VK_HOST_COPY #178100 bytes=1574912 total=158399256064
GGML_VK_HOST_COPY #178200 bytes=525312 total=158495345664
GGML_VK_HOST_COPY #178300 bytes=525312 total=158590910464
GGML_VK_HOST_COPY #178400 bytes=922112 total=158677553664
GGML_VK_HOST_COPY #178500 bytes=525312 total=158760894464
GGML_VK_HOST_COPY #178600 bytes=525312 total=158872203264
GGML_VK_HOST_COPY #178700 bytes=525312 total=158981412864
GGML_VK_HOST_COPY #178800 bytes=922112 total=159073790464
GGML_VK_HOST_COPY #178900 bytes=358912 total=159152228864
GGML_VK_HOST_COPY #179000 bytes=358912 total=159221809152
GGML_VK_HOST_COPY #179100 bytes=1843712 total=159300503040
GGML_VK_HOST_COPY #179200 bytes=845312 total=159389065728
GGML_VK_HOST_COPY #179300 bytes=845312 total=159465148928
GGML_VK_HOST_COPY #179400 bytes=845312 total=159537852416
GGML_VK_HOST_COPY #179500 bytes=461312 total=159616968704
GGML_VK_HOST_COPY #179600 bytes=845312 total=159705915392
GGML_VK_HOST_COPY #179700 bytes=2112512 total=159786222592
GGML_VK_HOST_COPY #179800 bytes=845312 total=159869064192
GGML_VK_HOST_COPY #179900 bytes=922112 total=159956705792
GGML_VK_HOST_COPY #180000 bytes=845312 total=160053294592
GGML_VK_HOST_COPY #180100 bytes=422912 total=160139515392
GGML_VK_HOST_COPY #180200 bytes=461312 total=160228808192
GGML_VK_HOST_COPY #180300 bytes=461312 total=160335304192
GGML_VK_HOST_COPY #180400 bytes=525312 total=160440174592
GGML_VK_HOST_COPY #180500 bytes=525312 total=160572474880
GGML_VK_HOST_COPY #180600 bytes=2304512 total=160706119168
GGML_VK_HOST_COPY #180700 bytes=358912 total=160815686656
GGML_VK_HOST_COPY #180800 bytes=1075712 total=160893152256
GGML_VK_HOST_COPY #180900 bytes=358912 total=160962733056
GGML_VK_HOST_COPY #181000 bytes=922112 total=161053305856
GGML_VK_HOST_COPY #181100 bytes=422912 total=161156729856
GGML_VK_HOST_COPY #181200 bytes=2957312 total=161255622656
GGML_VK_HOST_COPY #181300 bytes=845312 total=161353248256
GGML_VK_HOST_COPY #181400 bytes=461312 total=161456787456
GGML_VK_HOST_COPY #181500 bytes=1050112 total=161566035456
GGML_VK_HOST_COPY #181600 bytes=3674112 total=161685741056
GGML_VK_HOST_COPY #181700 bytes=461312 total=161812601856
GGML_VK_HOST_COPY #181800 bytes=461312 total=161909881856
GGML_SCHED_UPLOAD_STATS layers=48 copies=6045 bytes=5443624960 branch_ms=54.43 id_ms=49.40 wait_ms=684.83
GGML_VK_HOST_COPY #181900 bytes=525312 total=162019930624
GGML_VK_HOST_COPY #182000 bytes=1050112 total=162112870912
GGML_VK_HOST_COPY #182100 bytes=461312 total=162209625600
GGML_VK_HOST_COPY #182200 bytes=461312 total=162295846400
GGML_VK_HOST_COPY #182300 bytes=845312 total=162374061056
GGML_VK_HOST_COPY #182400 bytes=422912 total=162448032256
GGML_VK_HOST_COPY #182500 bytes=461312 total=162526803456
GGML_VK_HOST_COPY #182600 bytes=1382912 total=162607494656
GGML_VK_HOST_COPY #182700 bytes=1574912 total=162696800256
GGML_VK_HOST_COPY #182800 bytes=525312 total=162783442944
GGML_VK_HOST_COPY #182900 bytes=461312 total=162873964032
GGML_VK_HOST_COPY #183000 bytes=525312 total=162958725120
GGML_VK_HOST_COPY #183100 bytes=525312 total=163043793920
GGML_VK_HOST_COPY #183200 bytes=525312 total=163124664320
GGML_VK_HOST_COPY #183300 bytes=922112 total=163198725120
GGML_VK_HOST_COPY #183400 bytes=461312 total=163271582720
GGML_VK_HOST_COPY #183500 bytes=422912 total=163342289920
GGML_VK_HOST_COPY #183600 bytes=1690112 total=163414571520
GGML_VK_HOST_COPY #183700 bytes=461312 total=163488389120
GGML_VK_HOST_COPY #183800 bytes=1050112 total=163566059520
GGML_VK_HOST_COPY #183900 bytes=525312 total=163653227520
GGML_VK_HOST_COPY #184000 bytes=525312 total=163743019520
GGML_VK_HOST_COPY #184100 bytes=461312 total=163818245120
GGML_VK_HOST_COPY #184200 bytes=525312 total=163906987520
GGML_VK_HOST_COPY #184300 bytes=1574912 total=164000453120
GGML_VK_HOST_COPY #184400 bytes=922112 total=164090757120
GGML_VK_HOST_COPY #184500 bytes=461312 total=164176056320
GGML_VK_HOST_COPY #184600 bytes=525312 total=164274718720
GGML_VK_HOST_COPY #184700 bytes=3674112 total=164380779520
GGML_VK_HOST_COPY #184800 bytes=922112 total=164482462720
GGML_VK_HOST_COPY #184900 bytes=358912 total=164575339520
GGML_VK_HOST_COPY #185000 bytes=1075712 total=164647070208
GGML_VK_HOST_COPY #185100 bytes=922112 total=164720080896
GGML_VK_HOST_COPY #185200 bytes=922112 total=164809066496
GGML_VK_HOST_COPY #185300 bytes=422912 total=164889910784
GGML_VK_HOST_COPY #185400 bytes=422912 total=164971484672
GGML_VK_HOST_COPY #185500 bytes=1843712 total=165059202560
GGML_VK_HOST_COPY #185600 bytes=845312 total=165148187648
GGML_VK_HOST_COPY #185700 bytes=2957312 total=165226382848
GGML_VK_HOST_COPY #185800 bytes=422912 total=165302043648
GGML_VK_HOST_COPY #185900 bytes=1382912 total=165386728448
GGML_VK_HOST_COPY #186000 bytes=422912 total=165472219648
GGML_VK_HOST_COPY #186100 bytes=2112512 total=165565621248
GGML_VK_HOST_COPY #186200 bytes=422912 total=165659022848
GGML_VK_HOST_COPY #186300 bytes=922112 total=165753038848
GGML_VK_HOST_COPY #186400 bytes=525312 total=165849525248
GGML_VK_HOST_COPY #186500 bytes=525312 total=165981825536
GGML_VK_HOST_COPY #186600 bytes=1574912 total=166103105536
GGML_VK_HOST_COPY #186700 bytes=461312 total=166202522624
GGML_VK_HOST_COPY #186800 bytes=717312 total=166295347712
GGML_VK_HOST_COPY #186900 bytes=717312 total=166374246912
GGML_VK_HOST_COPY #187000 bytes=2765312 total=166455501312
GGML_VK_HOST_COPY #187100 bytes=1382912 total=166551859712
GGML_VK_HOST_COPY #187200 bytes=422912 total=166656742912
GGML_VK_HOST_COPY #187300 bytes=1690112 total=166758592512
GGML_VK_HOST_COPY #187400 bytes=1382912 total=166865971712
GGML_VK_HOST_COPY #187500 bytes=525312 total=166971597312
GGML_VK_HOST_COPY #187600 bytes=4198912 total=167114918912
GGML_VK_HOST_COPY #187700 bytes=1050112 total=167250893312
GGML_VK_HOST_COPY #187800 bytes=1843712 total=167377715712
GGML_SCHED_UPLOAD_STATS layers=48 copies=6015 bytes=5479936000 branch_ms=54.49 id_ms=49.38 wait_ms=698.70
GGML_VK_HOST_COPY #187900 bytes=525312 total=167493550080
GGML_VK_HOST_COPY #188000 bytes=4198912 total=167588064768
GGML_VK_HOST_COPY #188100 bytes=1050112 total=167687827968
GGML_VK_HOST_COPY #188200 bytes=461312 total=167769670656
GGML_VK_HOST_COPY #188300 bytes=845312 total=167849267712
GGML_VK_HOST_COPY #188400 bytes=1267712 total=167928307712
GGML_VK_HOST_COPY #188500 bytes=2112512 total=168003968512
GGML_VK_HOST_COPY #188600 bytes=461312 total=168081779712
GGML_VK_HOST_COPY #188700 bytes=525312 total=168168320512
GGML_VK_HOST_COPY #188800 bytes=1050112 total=168260736000
GGML_VK_HOST_COPY #188900 bytes=461312 total=168354956288
GGML_VK_HOST_COPY #189000 bytes=922112 total=168431961088
GGML_VK_HOST_COPY #189100 bytes=525312 total=168524107776
GGML_VK_HOST_COPY #189200 bytes=1050112 total=168604978176
GGML_VK_HOST_COPY #189300 bytes=461312 total=168682482176
GGML_VK_HOST_COPY #189400 bytes=461312 total=168755339776
GGML_VK_HOST_COPY #189500 bytes=845312 total=168827275776
GGML_VK_HOST_COPY #189600 bytes=422912 total=168896600576
GGML_VK_HOST_COPY #189700 bytes=1382912 total=168975755776
GGML_VK_HOST_COPY #189800 bytes=525312 total=169050827776
GGML_VK_HOST_COPY #189900 bytes=525312 total=169140619776
GGML_VK_HOST_COPY #190000 bytes=525312 total=169229362176
GGML_VK_HOST_COPY #190100 bytes=2304512 total=169304152576
GGML_VK_HOST_COPY #190200 bytes=525312 total=169394712576
GGML_VK_HOST_COPY #190300 bytes=1050112 total=169488702976
GGML_VK_HOST_COPY #190400 bytes=461312 total=169584088576
GGML_VK_HOST_COPY #190500 bytes=461312 total=169669387776
GGML_VK_HOST_COPY #190600 bytes=525312 total=169764286976
GGML_VK_HOST_COPY #190700 bytes=525312 total=169871397376
GGML_VK_HOST_COPY #190800 bytes=922112 total=169974155776
GGML_VK_HOST_COPY #190900 bytes=358912 total=170066878976
GGML_VK_HOST_COPY #191000 bytes=358912 total=170138968064
GGML_VK_HOST_COPY #191100 bytes=717312 total=170207832064
GGML_VK_HOST_COPY #191200 bytes=461312 total=170296100352
GGML_VK_HOST_COPY #191300 bytes=1690112 total=170375907840
GGML_VK_HOST_COPY #191400 bytes=845312 total=170459593728
GGML_VK_HOST_COPY #191500 bytes=461312 total=170542012416
GGML_VK_HOST_COPY #191600 bytes=1382912 total=170630998016
GGML_VK_HOST_COPY #191700 bytes=1267712 total=170714107904
GGML_VK_HOST_COPY #191800 bytes=422912 total=170795259904
GGML_VK_HOST_COPY #191900 bytes=922112 total=170878984704
GGML_VK_HOST_COPY #192000 bytes=422912 total=170961749504
GGML_VK_HOST_COPY #192100 bytes=845312 total=171061064704
GGML_VK_HOST_COPY #192200 bytes=845312 total=171151931904
GGML_VK_HOST_COPY #192300 bytes=1382912 total=171247829504
GGML_VK_HOST_COPY #192400 bytes=525312 total=171345480704
GGML_VK_HOST_COPY #192500 bytes=1574912 total=171458888704
GGML_VK_HOST_COPY #192600 bytes=525312 total=171569672192
GGML_VK_HOST_COPY #192700 bytes=461312 total=171674810880
GGML_VK_HOST_COPY #192800 bytes=1434112 total=171774445568
GGML_VK_HOST_COPY #192900 bytes=1075712 total=171853703168
GGML_VK_HOST_COPY #193000 bytes=717312 total=171927943168
GGML_VK_HOST_COPY #193100 bytes=922112 total=172021997568
GGML_VK_HOST_COPY #193200 bytes=422912 total=172125690368
GGML_VK_HOST_COPY #193300 bytes=422912 total=172227539968
GGML_VK_HOST_COPY #193400 bytes=1690112 total=172328122368
GGML_VK_HOST_COPY #193500 bytes=1382912 total=172429703168
GGML_VK_HOST_COPY #193600 bytes=525312 total=172545184768
GGML_VK_HOST_COPY #193700 bytes=1574912 total=172687456768
GGML_VK_HOST_COPY #193800 bytes=922112 total=172826707968
GGML_SCHED_UPLOAD_STATS layers=48 copies=6054 bytes=5507194368 branch_ms=51.37 id_ms=46.86 wait_ms=707.61
GGML_VK_HOST_COPY #193900 bytes=5242880 total=172958721536
GGML_VK_HOST_COPY #194000 bytes=525312 total=173055860736
GGML_VK_HOST_COPY #194100 bytes=1574912 total=173149850624
GGML_VK_HOST_COPY #194200 bytes=461312 total=173238477312
GGML_VK_HOST_COPY #194300 bytes=461312 total=173325158912
GGML_VK_HOST_COPY #194400 bytes=422912 total=173400762368
GGML_VK_HOST_COPY #194500 bytes=845312 total=173478112768
GGML_VK_HOST_COPY #194600 bytes=461312 total=173554272768
GGML_VK_HOST_COPY #194700 bytes=1050112 total=173639264768
GGML_VK_HOST_COPY #194800 bytes=525312 total=173729056768
GGML_VK_HOST_COPY #194900 bytes=2099712 total=173821472256
GGML_VK_HOST_COPY #195000 bytes=461312 total=173903532544
GGML_VK_HOST_COPY #195100 bytes=525312 total=173990328832
GGML_VK_HOST_COPY #195200 bytes=2099712 total=174073823232
GGML_VK_HOST_COPY #195300 bytes=525312 total=174159416832
GGML_VK_HOST_COPY #195400 bytes=461312 total=174234796032
GGML_VK_HOST_COPY #195500 bytes=845312 total=174306616832
GGML_VK_HOST_COPY #195600 bytes=422912 total=174378476032
GGML_VK_HOST_COPY #195700 bytes=422912 total=174449490432
GGML_VK_HOST_COPY #195800 bytes=922112 total=174527992832
GGML_VK_HOST_COPY #195900 bytes=525312 total=174601068032
GGML_VK_HOST_COPY #196000 bytes=525312 total=174685612032
GGML_VK_HOST_COPY #196100 bytes=461312 total=174769400832
GGML_VK_HOST_COPY #196200 bytes=922112 total=174844562432
GGML_VK_HOST_COPY #196300 bytes=1050112 total=174936940032
GGML_VK_HOST_COPY #196400 bytes=1574912 total=175034079232
GGML_VK_HOST_COPY #196500 bytes=461312 total=175124242432
GGML_VK_HOST_COPY #196600 bytes=525312 total=175211077632
GGML_VK_HOST_COPY #196700 bytes=525312 total=175318188032
GGML_VK_HOST_COPY #196800 bytes=1574912 total=175421100032
GGML_VK_HOST_COPY #196900 bytes=922112 total=175515692032
GGML_VK_HOST_COPY #197000 bytes=717312 total=175599916032
GGML_VK_HOST_COPY #197100 bytes=717312 total=175669137920
GGML_VK_HOST_COPY #197200 bytes=461312 total=175737335808
GGML_VK_HOST_COPY #197300 bytes=461312 total=175827243008
GGML_VK_HOST_COPY #197400 bytes=845312 total=175900368896
GGML_VK_HOST_COPY #197500 bytes=422912 total=175977718784
GGML_VK_HOST_COPY #197600 bytes=461312 total=176060943872
GGML_VK_HOST_COPY #197700 bytes=922112 total=176150390272
GGML_VK_HOST_COPY #197800 bytes=422912 total=176229160960
GGML_VK_HOST_COPY #197900 bytes=422912 total=176310312960
GGML_VK_HOST_COPY #198000 bytes=1382912 total=176393384960
GGML_VK_HOST_COPY #198100 bytes=1267712 total=176477608960
GGML_VK_HOST_COPY #198200 bytes=422912 total=176578613760
GGML_VK_HOST_COPY #198300 bytes=422912 total=176680040960
GGML_VK_HOST_COPY #198400 bytes=461312 total=176785730560
GGML_VK_HOST_COPY #198500 bytes=2624512 total=176890319360
GGML_VK_HOST_COPY #198600 bytes=525312 total=177014747648
GGML_VK_HOST_COPY #198700 bytes=1050112 total=177138126848
GGML_VK_HOST_COPY #198800 bytes=922112 total=177235009536
GGML_VK_HOST_COPY #198900 bytes=358912 total=177323994624
GGML_VK_HOST_COPY #199000 bytes=358912 total=177404327424
GGML_VK_HOST_COPY #199100 bytes=922112 total=177484711424
GGML_VK_HOST_COPY #199200 bytes=1843712 total=177581069824
GGML_VK_HOST_COPY #199300 bytes=422912 total=177683034624
GGML_VK_HOST_COPY #199400 bytes=845312 total=177778548224
GGML_VK_HOST_COPY #199500 bytes=1382912 total=177880743424
GGML_VK_HOST_COPY #199600 bytes=922112 total=177978945024
GGML_VK_HOST_COPY #199700 bytes=525312 total=178092442624
GGML_VK_HOST_COPY #199800 bytes=1574912 total=178227892224
GGML_VK_HOST_COPY #199900 bytes=461312 total=178362919424
GGML_SCHED_UPLOAD_STATS layers=48 copies=6090 bytes=5513740800 branch_ms=54.42 id_ms=49.23 wait_ms=714.18
1.54.955.456 I slot print_timing: id  0 | task 8 | prompt processing, n_tokens =  10240, progress = 0.08, t =  31.07 s / 329.58 tokens per second
GGML_VK_HOST_COPY #200000 bytes=1050112 total=178490299392
GGML_VK_HOST_COPY #200100 bytes=1574912 total=178591112192
GGML_VK_HOST_COPY #200200 bytes=525312 total=178680378880
GGML_VK_HOST_COPY #200300 bytes=922112 total=178769159168
GGML_VK_HOST_COPY #200400 bytes=2112512 total=178859469824
GGML_VK_HOST_COPY #200500 bytes=1690112 total=178931329024
GGML_VK_HOST_COPY #200600 bytes=422912 total=179009524224
GGML_VK_HOST_COPY #200700 bytes=461312 total=179088103424
GGML_VK_HOST_COPY #200800 bytes=1050112 total=179172673024
GGML_VK_HOST_COPY #200900 bytes=1050112 total=179269287424
GGML_VK_HOST_COPY #201000 bytes=525312 total=179356454912
GGML_VK_HOST_COPY #201100 bytes=922112 total=179438745600
GGML_VK_HOST_COPY #201200 bytes=525312 total=179524261888
GGML_VK_HOST_COPY #201300 bytes=1050112 total=179609855488
GGML_VK_HOST_COPY #201400 bytes=525312 total=179694924288
GGML_VK_HOST_COPY #201500 bytes=461312 total=179770930688
GGML_VK_HOST_COPY #201600 bytes=422912 total=179844402688
GGML_VK_HOST_COPY #201700 bytes=845312 total=179916684288
GGML_VK_HOST_COPY #201800 bytes=922112 total=179988889088
GGML_VK_HOST_COPY #201900 bytes=461312 total=180065433088
GGML_VK_HOST_COPY #202000 bytes=525312 total=180144703488
GGML_VK_HOST_COPY #202100 bytes=525312 total=180226623488
GGML_VK_HOST_COPY #202200 bytes=461312 total=180308735488
GGML_VK_HOST_COPY #202300 bytes=2099712 total=180388953088
GGML_VK_HOST_COPY #202400 bytes=525312 total=180485567488
GGML_VK_HOST_COPY #202500 bytes=525312 total=180577458688
GGML_VK_HOST_COPY #202600 bytes=2765312 total=180669439488
GGML_VK_HOST_COPY #202700 bytes=525312 total=180754521088
GGML_VK_HOST_COPY #202800 bytes=525312 total=180862681088
GGML_VK_HOST_COPY #202900 bytes=525312 total=180966642688
GGML_VK_HOST_COPY #203000 bytes=2304512 total=181061477888
GGML_VK_HOST_COPY #203100 bytes=358912 total=181144268288
GGML_VK_HOST_COPY #203200 bytes=358912 total=181212414976
GGML_VK_HOST_COPY #203300 bytes=461312 total=181287166464
GGML_VK_HOST_COPY #203400 bytes=422912 total=181372311552
GGML_VK_HOST_COPY #203500 bytes=422912 total=181448394752
GGML_VK_HOST_COPY #203600 bytes=422912 total=181520253440
GGML_VK_HOST_COPY #203700 bytes=461312 total=181599868928
GGML_VK_HOST_COPY #203800 bytes=2112512 total=181687510016
GGML_VK_HOST_COPY #203900 bytes=845312 total=181766550016
GGML_VK_HOST_COPY #204000 bytes=422912 total=181846012416
GGML_VK_HOST_COPY #204100 bytes=922112 total=181930927616
GGML_VK_HOST_COPY #204200 bytes=422912 total=182017110016
GGML_VK_HOST_COPY #204300 bytes=422912 total=182111778816
GGML_VK_HOST_COPY #204400 bytes=422912 total=182213628416
GGML_VK_HOST_COPY #204500 bytes=922112 total=182316668416
GGML_VK_HOST_COPY #204600 bytes=1050112 total=182423778816
GGML_VK_HOST_COPY #204700 bytes=2099712 total=182552405504
GGML_VK_HOST_COPY #204800 bytes=461312 total=182672814592
GGML_VK_HOST_COPY #204900 bytes=461312 total=182781614592
GGML_VK_HOST_COPY #205000 bytes=717312 total=182858311680
GGML_VK_HOST_COPY #205100 bytes=717312 total=182939361280
GGML_VK_HOST_COPY #205200 bytes=461312 total=183027015680
GGML_VK_HOST_COPY #205300 bytes=922112 total=183131207680
GGML_VK_HOST_COPY #205400 bytes=422912 total=183224647680
GGML_VK_HOST_COPY #205500 bytes=422912 total=183326074880
GGML_VK_HOST_COPY #205600 bytes=461312 total=183429729280
GGML_VK_HOST_COPY #205700 bytes=525312 total=183533626880
GGML_VK_HOST_COPY #205800 bytes=525312 total=183683770880
GGML_VK_HOST_COPY #205900 bytes=1574912 total=183826567680
GGML_VK_HOST_COPY #206000 bytes=1382912 total=183958958080
GGML_SCHED_UPLOAD_STATS layers=48 copies=6057 bytes=5542677504 branch_ms=85.76 id_ms=49.64 wait_ms=723.54
GGML_VK_HOST_COPY #206100 bytes=1050112 total=184082318848
GGML_VK_HOST_COPY #206200 bytes=525312 total=184174734336
GGML_VK_HOST_COPY #206300 bytes=1050112 total=184278171136
GGML_VK_HOST_COPY #206400 bytes=1382912 total=184360129024
GGML_VK_HOST_COPY #206500 bytes=1690112 total=184440532480
GGML_VK_HOST_COPY #206600 bytes=1690112 total=184519572480
GGML_VK_HOST_COPY #206700 bytes=422912 total=184592698880
GGML_VK_HOST_COPY #206800 bytes=461312 total=184675847680
GGML_VK_HOST_COPY #206900 bytes=1050112 total=184762593280
GGML_VK_HOST_COPY #207000 bytes=525312 total=184854483968
GGML_VK_HOST_COPY #207100 bytes=922112 total=184950278656
GGML_VK_HOST_COPY #207200 bytes=461312 total=185026361856
GGML_VK_HOST_COPY #207300 bytes=1050112 total=185116345344
GGML_VK_HOST_COPY #207400 bytes=1050112 total=185201938944
GGML_VK_HOST_COPY #207500 bytes=922112 total=185282258944
GGML_VK_HOST_COPY #207600 bytes=461312 total=185356498944
GGML_VK_HOST_COPY #207700 bytes=3802112 total=185428665344
GGML_VK_HOST_COPY #207800 bytes=422912 total=185500102144
GGML_VK_HOST_COPY #207900 bytes=461312 total=185577222144
GGML_VK_HOST_COPY #208000 bytes=525312 total=185652639744
GGML_VK_HOST_COPY #208100 bytes=525312 total=185741382144
GGML_VK_HOST_COPY #208200 bytes=525312 total=185825401344
GGML_VK_HOST_COPY #208300 bytes=461312 total=185899039744
GGML_VK_HOST_COPY #208400 bytes=1050112 total=185989241344
GGML_VK_HOST_COPY #208500 bytes=1574912 total=186082706944
GGML_VK_HOST_COPY #208600 bytes=1050112 total=186179846144
GGML_VK_HOST_COPY #208700 bytes=461312 total=186263430144
GGML_VK_HOST_COPY #208800 bytes=3674112 total=186358482944
GGML_VK_HOST_COPY #208900 bytes=2099712 total=186466642944
GGML_VK_HOST_COPY #209000 bytes=461312 total=186575826944
GGML_VK_HOST_COPY #209100 bytes=358912 total=186666809344
GGML_VK_HOST_COPY #209200 bytes=1434112 total=186738182144
GGML_VK_HOST_COPY #209300 bytes=358912 total=186804895232
GGML_VK_HOST_COPY #209400 bytes=1843712 total=186889835520
GGML_VK_HOST_COPY #209500 bytes=422912 total=186964996608
GGML_VK_HOST_COPY #209600 bytes=1267712 total=187047415296
GGML_VK_HOST_COPY #209700 bytes=1267200 total=187125609984
GGML_VK_HOST_COPY #209800 bytes=1382912 total=187206761984
GGML_VK_HOST_COPY #209900 bytes=422912 total=187292406272
GGML_VK_HOST_COPY #210000 bytes=422912 total=187373135872
GGML_VK_HOST_COPY #210100 bytes=2304512 total=187455209472
GGML_VK_HOST_COPY #210200 bytes=461312 total=187546499072
GGML_VK_HOST_COPY #210300 bytes=422912 total=187637903872
GGML_VK_HOST_COPY #210400 bytes=422912 total=187727503872
GGML_VK_HOST_COPY #210500 bytes=461312 total=187825513472
GGML_VK_HOST_COPY #210600 bytes=525312 total=187925699072
GGML_VK_HOST_COPY #210700 bytes=1574912 total=188051702272
GGML_VK_HOST_COPY #210800 bytes=525312 total=188163010560
GGML_VK_HOST_COPY #210900 bytes=922112 total=188277890048
GGML_VK_HOST_COPY #211000 bytes=358912 total=188378395136
GGML_VK_HOST_COPY #211100 bytes=717312 total=188455860736
GGML_VK_HOST_COPY #211200 bytes=358912 total=188524366336
GGML_VK_HOST_COPY #211300 bytes=1382912 total=188616935936
GGML_VK_HOST_COPY #211400 bytes=422912 total=188720398336
GGML_VK_HOST_COPY #211500 bytes=845312 total=188823515136
GGML_VK_HOST_COPY #211600 bytes=422912 total=188924097536
GGML_VK_HOST_COPY #211700 bytes=461312 total=189029863936
GGML_VK_HOST_COPY #211800 bytes=1574912 total=189153076736
GGML_VK_HOST_COPY #211900 bytes=525312 total=189308993536
GGML_VK_HOST_COPY #212000 bytes=461312 total=189460174336
GGML_SCHED_UPLOAD_STATS layers=48 copies=6030 bytes=5538209280 branch_ms=53.91 id_ms=48.83 wait_ms=730.22
GGML_VK_HOST_COPY #212100 bytes=1050112 total=189597935104
GGML_VK_HOST_COPY #212200 bytes=525312 total=189700847104
GGML_VK_HOST_COPY #212300 bytes=525312 total=189791688192
GGML_VK_HOST_COPY #212400 bytes=461312 total=189879316480
GGML_VK_HOST_COPY #212500 bytes=422912 total=189965979136
GGML_VK_HOST_COPY #212600 bytes=1267712 total=190041217536
GGML_VK_HOST_COPY #212700 bytes=422912 total=190119835136
GGML_VK_HOST_COPY #212800 bytes=922112 total=190199105536
GGML_VK_HOST_COPY #212900 bytes=2624512 total=190284238336
GGML_VK_HOST_COPY #213000 bytes=1574912 total=190380852224
GGML_VK_HOST_COPY #213100 bytes=525312 total=190468545024
GGML_VK_HOST_COPY #213200 bytes=1843712 total=190554893312
GGML_VK_HOST_COPY #213300 bytes=525312 total=190640742400
GGML_VK_HOST_COPY #213400 bytes=525312 total=190721612800
GGML_VK_HOST_COPY #213500 bytes=1050112 total=190805107200
GGML_VK_HOST_COPY #213600 bytes=1382912 total=190882931200
GGML_VK_HOST_COPY #213700 bytes=1267712 total=190952332800
GGML_VK_HOST_COPY #213800 bytes=422912 total=191025881600
GGML_VK_HOST_COPY #213900 bytes=922112 total=191097126400
GGML_VK_HOST_COPY #214000 bytes=922112 total=191172748800
GGML_VK_HOST_COPY #214100 bytes=1050112 total=191260915200
GGML_VK_HOST_COPY #214200 bytes=525312 total=191342835200
GGML_VK_HOST_COPY #214300 bytes=461312 total=191427161600
GGML_VK_HOST_COPY #214400 bytes=1574912 total=191513830400
GGML_VK_HOST_COPY #214500 bytes=1050112 total=191609395200
GGML_VK_HOST_COPY #214600 bytes=1574912 total=191705484800
GGML_VK_HOST_COPY #214700 bytes=922112 total=191790041600
GGML_VK_HOST_COPY #214800 bytes=525312 total=191879987200
GGML_VK_HOST_COPY #214900 bytes=1050112 total=191993395200
GGML_VK_HOST_COPY #215000 bytes=922112 total=192103360000
GGML_VK_HOST_COPY #215100 bytes=461312 total=192197875200
GGML_VK_HOST_COPY #215200 bytes=358912 total=192273548800
GGML_VK_HOST_COPY #215300 bytes=1434112 total=192347429888
GGML_VK_HOST_COPY #215400 bytes=1843712 total=192427403776
GGML_VK_HOST_COPY #215500 bytes=422912 total=192513240064
GGML_VK_HOST_COPY #215600 bytes=3379712 total=192593969152
GGML_VK_HOST_COPY #215700 bytes=422912 total=192669629952
GGML_VK_HOST_COPY #215800 bytes=1382912 total=192750474240
GGML_VK_HOST_COPY #215900 bytes=1267712 total=192837846528
GGML_VK_HOST_COPY #216000 bytes=422912 total=192917731328
GGML_VK_HOST_COPY #216100 bytes=422912 total=192996348928
GGML_VK_HOST_COPY #216200 bytes=2304512 total=193082684928
GGML_VK_HOST_COPY #216300 bytes=422912 total=193181923328
GGML_VK_HOST_COPY #216400 bytes=422912 total=193273634816
GGML_VK_HOST_COPY #216500 bytes=1843712 total=193372987904
GGML_VK_HOST_COPY #216600 bytes=1050112 total=193476385792
GGML_VK_HOST_COPY #216700 bytes=2624512 total=193591892992
GGML_VK_HOST_COPY #216800 bytes=2624512 total=193719470080
GGML_VK_HOST_COPY #216900 bytes=922112 total=193836269568
GGML_VK_HOST_COPY #217000 bytes=1434112 total=193945120256
GGML_VK_HOST_COPY #217100 bytes=1075712 total=194024736256
GGML_VK_HOST_COPY #217200 bytes=1434112 total=194099693056
GGML_VK_HOST_COPY #217300 bytes=461312 total=194193389056
GGML_VK_HOST_COPY #217400 bytes=422912 total=194295430656
GGML_VK_HOST_COPY #217500 bytes=422912 total=194392633344
GGML_VK_HOST_COPY #217600 bytes=1267712 total=194486034944
GGML_VK_HOST_COPY #217700 bytes=461312 total=194586962432
GGML_VK_HOST_COPY #217800 bytes=1050112 total=194703403520
GGML_VK_HOST_COPY #217900 bytes=1050112 total=194847249920
GGML_VK_HOST_COPY #218000 bytes=922112 total=194994513920
GGML_VK_HOST_COPY #218100 bytes=461312 total=195107000320
GGML_SCHED_UPLOAD_STATS layers=48 copies=6036 bytes=5553825280 branch_ms=54.37 id_ms=49.31 wait_ms=737.23
GGML_VK_HOST_COPY #218200 bytes=1574912 total=195226303488
GGML_VK_HOST_COPY #218300 bytes=1050112 total=195318194176
GGML_VK_HOST_COPY #218400 bytes=461312 total=195412273664
GGML_VK_HOST_COPY #218500 bytes=461312 total=195500798464
GGML_VK_HOST_COPY #218600 bytes=422912 total=195577208320
GGML_VK_HOST_COPY #218700 bytes=422912 total=195651601920
GGML_VK_HOST_COPY #218800 bytes=922112 total=195733445120
GGML_VK_HOST_COPY #218900 bytes=2304512 total=195818283520
GGML_VK_HOST_COPY #219000 bytes=1050112 total=195907883520
GGML_VK_HOST_COPY #219100 bytes=2624512 total=195998724608
GGML_VK_HOST_COPY #219200 bytes=461312 total=196084164096
GGML_VK_HOST_COPY #219300 bytes=525312 total=196171446784
GGML_VK_HOST_COPY #219400 bytes=525312 total=196254941184
GGML_VK_HOST_COPY #219500 bytes=525312 total=196342633984
GGML_VK_HOST_COPY #219600 bytes=922112 total=196421417984
GGML_VK_HOST_COPY #219700 bytes=845312 total=196495081984
GGML_VK_HOST_COPY #219800 bytes=422912 total=196563561984
GGML_VK_HOST_COPY #219900 bytes=1690112 total=196634153984
GGML_VK_HOST_COPY #220000 bytes=461312 total=196706704384
GGML_VK_HOST_COPY #220100 bytes=525312 total=196784541184
GGML_VK_HOST_COPY #220200 bytes=1050112 total=196873283584
GGML_VK_HOST_COPY #220300 bytes=1382912 total=196963421184
GGML_VK_HOST_COPY #220400 bytes=461312 total=197041347584
GGML_VK_HOST_COPY #220500 bytes=525312 total=197134070784
GGML_VK_HOST_COPY #220600 bytes=525312 total=197231734784
GGML_VK_HOST_COPY #220700 bytes=461312 total=197322998784
GGML_VK_HOST_COPY #220800 bytes=1574912 total=197409718784
GGML_VK_HOST_COPY #220900 bytes=525312 total=197511581184
GGML_VK_HOST_COPY #221000 bytes=525312 total=197612393984
GGML_VK_HOST_COPY #221100 bytes=461312 total=197712272384
GGML_VK_HOST_COPY #221200 bytes=717312 total=197797981184
GGML_VK_HOST_COPY #221300 bytes=1075712 total=197864694272
GGML_VK_HOST_COPY #221400 bytes=461312 total=197931151360
GGML_VK_HOST_COPY #221500 bytes=461312 total=198015528960
GGML_VK_HOST_COPY #221600 bytes=1690112 total=198094645248
GGML_VK_HOST_COPY #221700 bytes=422912 total=198174529536
GGML_VK_HOST_COPY #221800 bytes=1382912 total=198260289024
GGML_VK_HOST_COPY #221900 bytes=845312 total=198347354112
GGML_VK_HOST_COPY #222000 bytes=422912 total=198429773312
GGML_VK_HOST_COPY #222100 bytes=422912 total=198508390912
GGML_VK_HOST_COPY #222200 bytes=922112 total=198597645312
GGML_VK_HOST_COPY #222300 bytes=845312 total=198688435712
GGML_VK_HOST_COPY #222400 bytes=845312 total=198776345600
GGML_VK_HOST_COPY #222500 bytes=422912 total=198866790400
GGML_VK_HOST_COPY #222600 bytes=461312 total=198964876288
GGML_VK_HOST_COPY #222700 bytes=525312 total=199069720576
GGML_VK_HOST_COPY #222800 bytes=525312 total=199197822464
GGML_VK_HOST_COPY #222900 bytes=922112 total=199324221952
GGML_VK_HOST_COPY #223000 bytes=1382912 total=199425188352
GGML_VK_HOST_COPY #223100 bytes=717312 total=199515095040
GGML_VK_HOST_COPY #223200 bytes=717312 total=199592919040
GGML_VK_HOST_COPY #223300 bytes=2765312 total=199672739840
GGML_VK_HOST_COPY #223400 bytes=922112 total=199767715840
GGML_VK_HOST_COPY #223500 bytes=1267712 total=199872867840
GGML_VK_HOST_COPY #223600 bytes=1690112 total=199974295040
GGML_VK_HOST_COPY #223700 bytes=922112 total=200084669440
GGML_VK_HOST_COPY #223800 bytes=525312 total=200194621440
GGML_VK_HOST_COPY #223900 bytes=1574912 total=200343191040
GGML_VK_HOST_COPY #224000 bytes=2099712 total=200473917440
GGML_VK_HOST_COPY #224100 bytes=2304512 total=200606807040
GGML_SCHED_UPLOAD_STATS layers=48 copies=6030 bytes=5529426944 branch_ms=54.40 id_ms=49.33 wait_ms=744.81
2.02.789.022 I slot print_timing: id  0 | task 8 | prompt processing, n_tokens =  12288, progress = 0.10, t =  38.90 s / 315.86 tokens per second
GGML_VK_HOST_COPY #224200 bytes=525312 total=200732612608
GGML_VK_HOST_COPY #224300 bytes=525312 total=200826602496
GGML_VK_HOST_COPY #224400 bytes=1574912 total=200929514496
GGML_VK_HOST_COPY #224500 bytes=1843712 total=201011203584
GGML_VK_HOST_COPY #224600 bytes=422912 total=201091338240
GGML_VK_HOST_COPY #224700 bytes=422912 total=201170378240
GGML_VK_HOST_COPY #224800 bytes=422912 total=201245616640
GGML_VK_HOST_COPY #224900 bytes=1382912 total=201329149440
GGML_VK_HOST_COPY #225000 bytes=1050112 total=201415767040
GGML_VK_HOST_COPY #225100 bytes=1050112 total=201508182528
GGML_VK_HOST_COPY #225200 bytes=461312 total=201603324416
GGML_VK_HOST_COPY #225300 bytes=461312 total=201682172416
GGML_VK_HOST_COPY #225400 bytes=1574912 total=201770171904
GGML_VK_HOST_COPY #225500 bytes=1050112 total=201851042304
GGML_VK_HOST_COPY #225600 bytes=1382912 total=201928674304
GGML_VK_HOST_COPY #225700 bytes=461312 total=202000610304
GGML_VK_HOST_COPY #225800 bytes=422912 total=202066824704
GGML_VK_HOST_COPY #225900 bytes=422912 total=202139528704
GGML_VK_HOST_COPY #226000 bytes=461312 total=202214805504
GGML_VK_HOST_COPY #226100 bytes=525312 total=202287624704
GGML_VK_HOST_COPY #226200 bytes=525312 total=202384763904
GGML_VK_HOST_COPY #226300 bytes=525312 total=202472981504
GGML_VK_HOST_COPY #226400 bytes=461312 total=202550037504
GGML_VK_HOST_COPY #226500 bytes=1050112 total=202649685504
GGML_VK_HOST_COPY #226600 bytes=525312 total=202744200704
GGML_VK_HOST_COPY #226700 bytes=922112 total=202840699904
GGML_VK_HOST_COPY #226800 bytes=461312 total=202927381504
GGML_VK_HOST_COPY #226900 bytes=1050112 total=203021819904
GGML_VK_HOST_COPY #227000 bytes=1050112 total=203128405504
GGML_VK_HOST_COPY #227100 bytes=922112 total=203238037504
GGML_VK_HOST_COPY #227200 bytes=717312 total=203331272704
GGML_VK_HOST_COPY #227300 bytes=358912 total=203403003904
GGML_VK_HOST_COPY #227400 bytes=717312 total=203470792192
GGML_VK_HOST_COPY #227500 bytes=461312 total=203551892480
GGML_VK_HOST_COPY #227600 bytes=422912 total=203632583168
GGML_VK_HOST_COPY #227700 bytes=1267712 total=203712467456
GGML_VK_HOST_COPY #227800 bytes=422912 total=203792352256
GGML_VK_HOST_COPY #227900 bytes=2304512 total=203874425344
GGML_VK_HOST_COPY #228000 bytes=422912 total=203958303232
GGML_VK_HOST_COPY #228100 bytes=422912 total=204037343232
GGML_VK_HOST_COPY #228200 bytes=845312 total=204116383232
GGML_VK_HOST_COPY #228300 bytes=461312 total=204196575232
GGML_VK_HOST_COPY #228400 bytes=3802112 total=204292012032
GGML_VK_HOST_COPY #228500 bytes=1267712 total=204383301632
GGML_VK_HOST_COPY #228600 bytes=422912 total=204480504832
GGML_VK_HOST_COPY #228700 bytes=922112 total=204589765632
GGML_VK_HOST_COPY #228800 bytes=2099712 total=204702712832
GGML_VK_HOST_COPY #228900 bytes=525312 total=204832389120
GGML_VK_HOST_COPY #229000 bytes=461312 total=204962987008
GGML_VK_HOST_COPY #229100 bytes=717312 total=205073066496
GGML_VK_HOST_COPY #229200 bytes=1075712 total=205154832896
GGML_VK_HOST_COPY #229300 bytes=717312 total=205231223296
GGML_VK_HOST_COPY #229400 bytes=461312 total=205330448896
GGML_VK_HOST_COPY #229500 bytes=422912 total=205436215296
GGML_VK_HOST_COPY #229600 bytes=422912 total=205530461696
GGML_VK_HOST_COPY #229700 bytes=1267712 total=205625552896
GGML_VK_HOST_COPY #229800 bytes=461312 total=205729552896
GGML_VK_HOST_COPY #229900 bytes=525312 total=205836381696
GGML_VK_HOST_COPY #230000 bytes=525312 total=205983376896
GGML_VK_HOST_COPY #230100 bytes=6298112 total=206126173696
GGML_VK_HOST_COPY #230200 bytes=461312 total=206241808896
GGML_SCHED_UPLOAD_STATS layers=48 copies=6084 bytes=5606998528 branch_ms=54.30 id_ms=49.21 wait_ms=750.59
GGML_VK_HOST_COPY #230300 bytes=1050112 total=206365323264
GGML_VK_HOST_COPY #230400 bytes=525312 total=206458263552
GGML_VK_HOST_COPY #230500 bytes=525312 total=206558026752
GGML_VK_HOST_COPY #230600 bytes=461312 total=206637578240
GGML_VK_HOST_COPY #230700 bytes=422912 total=206718788096
GGML_VK_HOST_COPY #230800 bytes=422912 total=206797405696
GGML_VK_HOST_COPY #230900 bytes=2304512 total=206876676096
GGML_VK_HOST_COPY #231000 bytes=1843712 total=206955524096
GGML_VK_HOST_COPY #231100 bytes=525312 total=207047364096
GGML_VK_HOST_COPY #231200 bytes=1574912 total=207138729984
GGML_VK_HOST_COPY #231300 bytes=922112 total=207231542272
GGML_VK_HOST_COPY #231400 bytes=525312 total=207316175360
GGML_VK_HOST_COPY #231500 bytes=1050112 total=207400719360
GGML_VK_HOST_COPY #231600 bytes=1050112 total=207484213760
GGML_VK_HOST_COPY #231700 bytes=1382912 total=207563010560
GGML_VK_HOST_COPY #231800 bytes=845312 total=207637442560
GGML_VK_HOST_COPY #231900 bytes=422912 total=207706344960
GGML_VK_HOST_COPY #232000 bytes=422912 total=207773135360
GGML_VK_HOST_COPY #232100 bytes=922112 total=207850140160
GGML_VK_HOST_COPY #232200 bytes=1574912 total=207930447360
GGML_VK_HOST_COPY #232300 bytes=525312 total=208022863360
GGML_VK_HOST_COPY #232400 bytes=461312 total=208115484160
GGML_VK_HOST_COPY #232500 bytes=461312 total=208195714560
GGML_VK_HOST_COPY #232600 bytes=525312 total=208294210560
GGML_VK_HOST_COPY #232700 bytes=1050112 total=208390300160
GGML_VK_HOST_COPY #232800 bytes=922112 total=208479464960
GGML_VK_HOST_COPY #232900 bytes=525312 total=208562908160
GGML_VK_HOST_COPY #233000 bytes=2624512 total=208668968960
GGML_VK_HOST_COPY #233100 bytes=525312 total=208772930560
GGML_VK_HOST_COPY #233200 bytes=922112 total=208871477760
GGML_VK_HOST_COPY #233300 bytes=717312 total=208963791360
GGML_VK_HOST_COPY #233400 bytes=717312 total=209033013248
GGML_VK_HOST_COPY #233500 bytes=358912 total=209105102848
GGML_VK_HOST_COPY #233600 bytes=461312 total=209191835136
GGML_VK_HOST_COPY #233700 bytes=422912 total=209269645824
GGML_VK_HOST_COPY #233800 bytes=845312 total=209351642112
GGML_VK_HOST_COPY #233900 bytes=1382912 total=209432448000
GGML_VK_HOST_COPY #234000 bytes=461312 total=209519129600
GGML_VK_HOST_COPY #234100 bytes=422912 total=209600780288
GGML_VK_HOST_COPY #234200 bytes=845312 total=209685733888
GGML_VK_HOST_COPY #234300 bytes=1382912 total=209769266688
GGML_VK_HOST_COPY #234400 bytes=461312 total=209853644288
GGML_VK_HOST_COPY #234500 bytes=845312 total=209950578688
GGML_VK_HOST_COPY #234600 bytes=2112512 total=210045246976
GGML_VK_HOST_COPY #234700 bytes=461312 total=210139876864
GGML_VK_HOST_COPY #234800 bytes=2099712 total=210250225152
GGML_VK_HOST_COPY #234900 bytes=525312 total=210374653952
GGML_VK_HOST_COPY #235000 bytes=2624512 total=210496458240
GGML_VK_HOST_COPY #235100 bytes=461312 total=210616291328
GGML_VK_HOST_COPY #235200 bytes=358912 total=210718332416
GGML_VK_HOST_COPY #235300 bytes=358912 total=210802249216
GGML_VK_HOST_COPY #235400 bytes=1075712 total=210892975616
GGML_VK_HOST_COPY #235500 bytes=461312 total=210994454016
GGML_VK_HOST_COPY #235600 bytes=845312 total=211099375616
GGML_VK_HOST_COPY #235700 bytes=422912 total=211200802304
GGML_VK_HOST_COPY #235800 bytes=1382912 total=211309640192
GGML_VK_HOST_COPY #235900 bytes=922112 total=211413371392
GGML_VK_HOST_COPY #236000 bytes=2099712 total=211536980480
GGML_VK_HOST_COPY #236100 bytes=1050112 total=211678727680
GGML_VK_HOST_COPY #236200 bytes=461312 total=211808506880
GGML_SCHED_UPLOAD_STATS layers=48 copies=6033 bytes=5596319744 branch_ms=54.69 id_ms=49.59 wait_ms=754.06
GGML_VK_HOST_COPY #236300 bytes=1050112 total=211937474048
GGML_VK_HOST_COPY #236400 bytes=525312 total=212036712448
GGML_VK_HOST_COPY #236500 bytes=1574912 total=212127553536
GGML_VK_HOST_COPY #236600 bytes=1382912 total=212215796224
GGML_VK_HOST_COPY #236700 bytes=845312 total=212301076480
GGML_VK_HOST_COPY #236800 bytes=422912 total=212375470080
GGML_VK_HOST_COPY #236900 bytes=422912 total=212452820480
GGML_VK_HOST_COPY #237000 bytes=922112 total=212533818880
GGML_VK_HOST_COPY #237100 bytes=525312 total=212618209280
GGML_VK_HOST_COPY #237200 bytes=1050112 total=212715347968
GGML_VK_HOST_COPY #237300 bytes=1050112 total=212805664768
GGML_VK_HOST_COPY #237400 bytes=461312 total=212889273856
GGML_VK_HOST_COPY #237500 bytes=2099712 total=212976748544
GGML_VK_HOST_COPY #237600 bytes=525312 total=213059718144
GGML_VK_HOST_COPY #237700 bytes=525312 total=213146886144
GGML_VK_HOST_COPY #237800 bytes=461312 total=213221714944
GGML_VK_HOST_COPY #237900 bytes=422912 total=213291078144
GGML_VK_HOST_COPY #238000 bytes=422912 total=213364204544
GGML_VK_HOST_COPY #238100 bytes=461312 total=213438674944
GGML_VK_HOST_COPY #238200 bytes=525312 total=213512774144
GGML_VK_HOST_COPY #238300 bytes=525312 total=213602041344
GGML_VK_HOST_COPY #238400 bytes=525312 total=213689734144
GGML_VK_HOST_COPY #238500 bytes=922112 total=213767276544
GGML_VK_HOST_COPY #238600 bytes=525312 total=213860460544
GGML_VK_HOST_COPY #238700 bytes=525312 total=213955500544
GGML_VK_HOST_COPY #238800 bytes=525312 total=214055788544
GGML_VK_HOST_COPY #238900 bytes=461312 total=214140729344
GGML_VK_HOST_COPY #239000 bytes=1050112 total=214230892544
GGML_VK_HOST_COPY #239100 bytes=525312 total=214341676544
GGML_VK_HOST_COPY #239200 bytes=2304512 total=214450719744
GGML_VK_HOST_COPY #239300 bytes=461312 total=214545234944
GGML_VK_HOST_COPY #239400 bytes=1075712 total=214618911744
GGML_VK_HOST_COPY #239500 bytes=717312 total=214686341632
GGML_VK_HOST_COPY #239600 bytes=461312 total=214760632320
GGML_VK_HOST_COPY #239700 bytes=422912 total=214847851008
GGML_VK_HOST_COPY #239800 bytes=1267712 total=214930270208
GGML_VK_HOST_COPY #239900 bytes=845312 total=215010999296
GGML_VK_HOST_COPY #240000 bytes=461312 total=215097296384
GGML_VK_HOST_COPY #240100 bytes=422912 total=215193500672
GGML_VK_HOST_COPY #240200 bytes=845312 total=215277187072
GGML_VK_HOST_COPY #240300 bytes=845312 total=215360873472
GGML_VK_HOST_COPY #240400 bytes=461312 total=215446095872
GGML_VK_HOST_COPY #240500 bytes=2112512 total=215546678272
GGML_VK_HOST_COPY #240600 bytes=422912 total=215637967360
GGML_VK_HOST_COPY #240700 bytes=461312 total=215736245248
GGML_VK_HOST_COPY #240800 bytes=1843712 total=215843202048
GGML_VK_HOST_COPY #240900 bytes=525312 total=215952001536
GGML_VK_HOST_COPY #241000 bytes=525312 total=216076954624
GGML_VK_HOST_COPY #241100 bytes=461312 total=216203341312
GGML_VK_HOST_COPY #241200 bytes=358912 total=216313011200
GGML_VK_HOST_COPY #241300 bytes=1434112 total=216401945600
GGML_VK_HOST_COPY #241400 bytes=1075712 total=216485145088
GGML_VK_HOST_COPY #241500 bytes=1382912 total=216592357376
GGML_VK_HOST_COPY #241600 bytes=422912 total=216704113664
GGML_VK_HOST_COPY #241700 bytes=845312 total=216814833664
GGML_VK_HOST_COPY #241800 bytes=845312 total=216912036864
GGML_VK_HOST_COPY #241900 bytes=922112 total=217026788864
GGML_VK_HOST_COPY #242000 bytes=1050112 total=217156376064
GGML_VK_HOST_COPY #242100 bytes=525312 total=217310193664
GGML_VK_HOST_COPY #242200 bytes=922112 total=217461016064
GGML_SCHED_UPLOAD_STATS layers=48 copies=5997 bytes=5655846912 branch_ms=54.19 id_ms=49.21 wait_ms=762.41
GGML_VK_HOST_COPY #242300 bytes=1050112 total=217604856832
GGML_VK_HOST_COPY #242400 bytes=525312 total=217703570432
GGML_VK_HOST_COPY #242500 bytes=1050112 total=217794936320
GGML_VK_HOST_COPY #242600 bytes=461312 total=217882590208
GGML_VK_HOST_COPY #242700 bytes=1690112 total=217969099264
GGML_VK_HOST_COPY #242800 bytes=422912 total=218042225664
GGML_VK_HOST_COPY #242900 bytes=422912 total=218119576064
GGML_VK_HOST_COPY #243000 bytes=922112 total=218201073664
GGML_VK_HOST_COPY #243100 bytes=525312 total=218285067264
GGML_VK_HOST_COPY #243200 bytes=525312 total=218382205952
GGML_VK_HOST_COPY #243300 bytes=525312 total=218475146752
GGML_VK_HOST_COPY #243400 bytes=461312 total=218557783040
GGML_VK_HOST_COPY #243500 bytes=525312 total=218643670528
GGML_VK_HOST_COPY #243600 bytes=525312 total=218722966528
GGML_VK_HOST_COPY #243700 bytes=1050112 total=218807510528
GGML_VK_HOST_COPY #243800 bytes=922112 total=218881084928
GGML_VK_HOST_COPY #243900 bytes=422912 total=218948412928
GGML_VK_HOST_COPY #244000 bytes=422912 total=219020694528
GGML_VK_HOST_COPY #244100 bytes=461312 total=219094128128
GGML_VK_HOST_COPY #244200 bytes=525312 total=219168099328
GGML_VK_HOST_COPY #244300 bytes=525312 total=219254742528
GGML_VK_HOST_COPY #244400 bytes=4198912 total=219338761728
GGML_VK_HOST_COPY #244500 bytes=461312 total=219416944128
GGML_VK_HOST_COPY #244600 bytes=525312 total=219503843328
GGML_VK_HOST_COPY #244700 bytes=525312 total=219600457728
GGML_VK_HOST_COPY #244800 bytes=525312 total=219700220928
GGML_VK_HOST_COPY #244900 bytes=461312 total=219784816128
GGML_VK_HOST_COPY #245000 bytes=2099712 total=219871382528
GGML_VK_HOST_COPY #245100 bytes=525312 total=219981116928
GGML_VK_HOST_COPY #245200 bytes=461312 total=220085641728
GGML_VK_HOST_COPY #245300 bytes=461312 total=220179235328
GGML_VK_HOST_COPY #245400 bytes=358912 total=220245795328
GGML_VK_HOST_COPY #245500 bytes=1075712 total=220311433216
GGML_VK_HOST_COPY #245600 bytes=461312 total=220384290304
GGML_VK_HOST_COPY #245700 bytes=422912 total=220464174592
GGML_VK_HOST_COPY #245800 bytes=1267712 total=220546171392
GGML_VK_HOST_COPY #245900 bytes=422912 total=220623521280
GGML_VK_HOST_COPY #246000 bytes=461312 total=220707975168
GGML_VK_HOST_COPY #246100 bytes=845312 total=220802873856
GGML_VK_HOST_COPY #246200 bytes=845312 total=220890784256
GGML_VK_HOST_COPY #246300 bytes=845312 total=220981229056
GGML_VK_HOST_COPY #246400 bytes=922112 total=221075513856
GGML_VK_HOST_COPY #246500 bytes=422912 total=221174944256
GGML_VK_HOST_COPY #246600 bytes=422912 total=221269190144
GGML_VK_HOST_COPY #246700 bytes=1382912 total=221365125632
GGML_VK_HOST_COPY #246800 bytes=922112 total=221470700032
GGML_VK_HOST_COPY #246900 bytes=525312 total=221584504320
GGML_VK_HOST_COPY #247000 bytes=1050112 total=221705783808
GGML_VK_HOST_COPY #247100 bytes=1382912 total=221827741696
GGML_VK_HOST_COPY #247200 bytes=358912 total=221933673984
GGML_VK_HOST_COPY #247300 bytes=1075712 total=222025117184
GGML_VK_HOST_COPY #247400 bytes=358912 total=222107600384
GGML_VK_HOST_COPY #247500 bytes=461312 total=222211280384
GGML_VK_HOST_COPY #247600 bytes=422912 total=222320425984
GGML_VK_HOST_COPY #247700 bytes=422912 total=222423542784
GGML_VK_HOST_COPY #247800 bytes=1690112 total=222514409984
GGML_VK_HOST_COPY #247900 bytes=922112 total=222614608384
GGML_VK_HOST_COPY #248000 bytes=2624512 total=222737437184
GGML_VK_HOST_COPY #248100 bytes=1050112 total=222887581184
GGML_VK_HOST_COPY #248200 bytes=922112 total=223038441984
GGML_VK_HOST_COPY #248300 bytes=4608512 total=223177193984
GGML_SCHED_UPLOAD_STATS layers=48 copies=6027 bytes=5592759808 branch_ms=54.53 id_ms=49.40 wait_ms=768.30
2.10.935.830 I slot print_timing: id  0 | task 8 | prompt processing, n_tokens =  14336, progress = 0.11, t =  47.05 s / 304.70 tokens per second
GGML_VK_HOST_COPY #248400 bytes=1050112 total=223278461952
GGML_VK_HOST_COPY #248500 bytes=525312 total=223370877440
GGML_VK_HOST_COPY #248600 bytes=922112 total=223461398528
GGML_VK_HOST_COPY #248700 bytes=461312 total=223548540928
GGML_VK_HOST_COPY #248800 bytes=422912 total=223624758784
GGML_VK_HOST_COPY #248900 bytes=422912 total=223701686784
GGML_VK_HOST_COPY #249000 bytes=461312 total=223778499584
GGML_VK_HOST_COPY #249100 bytes=525312 total=223865731584
GGML_VK_HOST_COPY #249200 bytes=1050112 total=223957622784
GGML_VK_HOST_COPY #249300 bytes=525312 total=224052137472
GGML_VK_HOST_COPY #249400 bytes=461312 total=224137512960
GGML_VK_HOST_COPY #249500 bytes=1050112 total=224222760448
GGML_VK_HOST_COPY #249600 bytes=525312 total=224306254848
GGML_VK_HOST_COPY #249700 bytes=1050112 total=224389749248
GGML_VK_HOST_COPY #249800 bytes=461312 total=224465678848
GGML_VK_HOST_COPY #249900 bytes=422912 total=224538190848
GGML_VK_HOST_COPY #250000 bytes=845312 total=224608782848
GGML_VK_HOST_COPY #250100 bytes=422912 total=224678530048
GGML_VK_HOST_COPY #250200 bytes=922112 total=224756955648
GGML_VK_HOST_COPY #250300 bytes=525312 total=224835790848
GGML_VK_HOST_COPY #250400 bytes=1050112 total=224926107648
GGML_VK_HOST_COPY #250500 bytes=461312 total=225012034048
GGML_VK_HOST_COPY #250600 bytes=525312 total=225094082048
GGML_VK_HOST_COPY #250700 bytes=525312 total=225192795648
GGML_VK_HOST_COPY #250800 bytes=1050112 total=225289410048
GGML_VK_HOST_COPY #250900 bytes=461312 total=225381800448
GGML_VK_HOST_COPY #251000 bytes=1050112 total=225466613248
GGML_VK_HOST_COPY #251100 bytes=2099712 total=225577922048
GGML_VK_HOST_COPY #251200 bytes=525312 total=225686606848
GGML_VK_HOST_COPY #251300 bytes=461312 total=225782517248
GGML_VK_HOST_COPY #251400 bytes=717312 total=225861467648
GGML_VK_HOST_COPY #251500 bytes=717312 total=225927463936
GGML_VK_HOST_COPY #251600 bytes=922112 total=225992897024
GGML_VK_HOST_COPY #251700 bytes=922112 total=226077735424
GGML_VK_HOST_COPY #251800 bytes=422912 total=226150323712
GGML_VK_HOST_COPY #251900 bytes=422912 total=226230208000
GGML_VK_HOST_COPY #252000 bytes=461312 total=226316044288
GGML_VK_HOST_COPY #252100 bytes=922112 total=226399500288
GGML_VK_HOST_COPY #252200 bytes=422912 total=226489483776
GGML_VK_HOST_COPY #252300 bytes=1267712 total=226574437376
GGML_VK_HOST_COPY #252400 bytes=2304512 total=226668376576
GGML_VK_HOST_COPY #252500 bytes=422912 total=226762430976
GGML_VK_HOST_COPY #252600 bytes=845312 total=226859211264
GGML_VK_HOST_COPY #252700 bytes=1267712 total=226959793664
GGML_VK_HOST_COPY #252800 bytes=461312 total=227061719552
GGML_VK_HOST_COPY #252900 bytes=525312 total=227168189440
GGML_VK_HOST_COPY #253000 bytes=2624512 total=227298390528
GGML_VK_HOST_COPY #253100 bytes=1382912 total=227425750016
GGML_VK_HOST_COPY #253200 bytes=461312 total=227537314816
GGML_VK_HOST_COPY #253300 bytes=1075712 total=227626197504
GGML_VK_HOST_COPY #253400 bytes=717312 total=227714415104
GGML_VK_HOST_COPY #253500 bytes=461312 total=227813282304
GGML_VK_HOST_COPY #253600 bytes=845312 total=227930799104
GGML_VK_HOST_COPY #253700 bytes=845312 total=228021243904
GGML_VK_HOST_COPY #253800 bytes=422912 total=228112955904
GGML_VK_HOST_COPY #253900 bytes=461312 total=228214997504
GGML_VK_HOST_COPY #254000 bytes=525312 total=228318831104
GGML_VK_HOST_COPY #254100 bytes=1574912 total=228477896704
GGML_VK_HOST_COPY #254200 bytes=1574912 total=228631714304
GGML_VK_HOST_COPY #254300 bytes=1843712 total=228756514304
GGML_SCHED_UPLOAD_STATS layers=48 copies=6027 bytes=5618615808 branch_ms=54.59 id_ms=49.38 wait_ms=777.32
GGML_VK_HOST_COPY #254400 bytes=525312 total=228877635072
GGML_VK_HOST_COPY #254500 bytes=1050112 total=228970575360
GGML_VK_HOST_COPY #254600 bytes=525312 total=229067714560
GGML_VK_HOST_COPY #254700 bytes=922112 total=229152283648
GGML_VK_HOST_COPY #254800 bytes=422912 total=229231035904
GGML_VK_HOST_COPY #254900 bytes=845312 total=229307541504
GGML_VK_HOST_COPY #255000 bytes=922112 total=229385314304
GGML_VK_HOST_COPY #255100 bytes=1382912 total=229464162304
GGML_VK_HOST_COPY #255200 bytes=525312 total=229556258304
GGML_VK_HOST_COPY #255300 bytes=525312 total=229647099392
GGML_VK_HOST_COPY #255400 bytes=461312 total=229739130880
GGML_VK_HOST_COPY #255500 bytes=525312 total=229825133568
GGML_VK_HOST_COPY #255600 bytes=1050112 total=229909152768
GGML_VK_HOST_COPY #255700 bytes=1050112 total=229992647168
GGML_VK_HOST_COPY #255800 bytes=922112 total=230070061568
GGML_VK_HOST_COPY #255900 bytes=461312 total=230143840768
GGML_VK_HOST_COPY #256000 bytes=422912 total=230213203968
GGML_VK_HOST_COPY #256100 bytes=422912 total=230282106368
GGML_VK_HOST_COPY #256200 bytes=461312 total=230357728768
GGML_VK_HOST_COPY #256300 bytes=525312 total=230436858368
GGML_VK_HOST_COPY #256400 bytes=525312 total=230531373568
GGML_VK_HOST_COPY #256500 bytes=461312 total=230624711168
GGML_VK_HOST_COPY #256600 bytes=922112 total=230702176768
GGML_VK_HOST_COPY #256700 bytes=1050112 total=230802592768
GGML_VK_HOST_COPY #256800 bytes=525312 total=230901831168
GGML_VK_HOST_COPY #256900 bytes=1382912 total=230988743168
GGML_VK_HOST_COPY #257000 bytes=461312 total=231073581568
GGML_VK_HOST_COPY #257100 bytes=1050112 total=231176570368
GGML_VK_HOST_COPY #257200 bytes=525312 total=231286304768
GGML_VK_HOST_COPY #257300 bytes=1843712 total=231392480768
GGML_VK_HOST_COPY #257400 bytes=358912 total=231483360768
GGML_VK_HOST_COPY #257500 bytes=358912 total=231544697856
GGML_VK_HOST_COPY #257600 bytes=717312 total=231606035456
GGML_VK_HOST_COPY #257700 bytes=461312 total=231685087744
GGML_VK_HOST_COPY #257800 bytes=422912 total=231761746432
GGML_VK_HOST_COPY #257900 bytes=845312 total=231845432320
GGML_VK_HOST_COPY #258000 bytes=422912 total=231921937920
GGML_VK_HOST_COPY #258100 bytes=922112 total=232003934208
GGML_VK_HOST_COPY #258200 bytes=845312 total=232097604096
GGML_VK_HOST_COPY #258300 bytes=422912 total=232185092096
GGML_VK_HOST_COPY #258400 bytes=461312 total=232270506496
GGML_VK_HOST_COPY #258500 bytes=461312 total=232365021696
GGML_VK_HOST_COPY #258600 bytes=422912 total=232460381696
GGML_VK_HOST_COPY #258700 bytes=422912 total=232550825984
GGML_VK_HOST_COPY #258800 bytes=922112 total=232646185472
GGML_VK_HOST_COPY #258900 bytes=922112 total=232744387072
GGML_VK_HOST_COPY #259000 bytes=3674112 total=232869736960
GGML_VK_HOST_COPY #259100 bytes=1050112 total=232999413248
GGML_VK_HOST_COPY #259200 bytes=1843712 total=233123598336
GGML_VK_HOST_COPY #259300 bytes=358912 total=233235265024
GGML_VK_HOST_COPY #259400 bytes=358912 total=233319540224
GGML_VK_HOST_COPY #259500 bytes=358912 total=233404890624
GGML_VK_HOST_COPY #259600 bytes=461312 total=233503757824
GGML_VK_HOST_COPY #259700 bytes=845312 total=233614631424
GGML_VK_HOST_COPY #259800 bytes=845312 total=233719437824
GGML_VK_HOST_COPY #259900 bytes=2304512 total=233828084224
GGML_VK_HOST_COPY #260000 bytes=1843712 total=233932276224
GGML_VK_HOST_COPY #260100 bytes=1574912 total=234059905024
GGML_VK_HOST_COPY #260200 bytes=525312 total=234199028224
GGML_VK_HOST_COPY #260300 bytes=461312 total=234347559424
GGML_SCHED_UPLOAD_STATS layers=48 copies=6039 bytes=5640484352 branch_ms=54.42 id_ms=49.40 wait_ms=785.91
GGML_VK_HOST_COPY #260400 bytes=525312 total=234488699392
GGML_VK_HOST_COPY #260500 bytes=525312 total=234587412992
GGML_VK_HOST_COPY #260600 bytes=3149312 total=234681402880
GGML_VK_HOST_COPY #260700 bytes=461312 total=234766368768
GGML_VK_HOST_COPY #260800 bytes=422912 total=234852839424
GGML_VK_HOST_COPY #260900 bytes=2112512 total=234927655424
GGML_VK_HOST_COPY #261000 bytes=422912 total=235003316224
GGML_VK_HOST_COPY #261100 bytes=461312 total=235084852224
GGML_VK_HOST_COPY #261200 bytes=525312 total=235168909824
GGML_VK_HOST_COPY #261300 bytes=525312 total=235266048512
GGML_VK_HOST_COPY #261400 bytes=1050112 total=235359514112
GGML_VK_HOST_COPY #261500 bytes=922112 total=235442944000
GGML_VK_HOST_COPY #261600 bytes=525312 total=235528037888
GGML_VK_HOST_COPY #261700 bytes=1050112 total=235606809088
GGML_VK_HOST_COPY #261800 bytes=525312 total=235689253888
GGML_VK_HOST_COPY #261900 bytes=922112 total=235761842688
GGML_VK_HOST_COPY #262000 bytes=422912 total=235829977088
GGML_VK_HOST_COPY #262100 bytes=422912 total=235903525888
GGML_VK_HOST_COPY #262200 bytes=922112 total=235978956288
GGML_VK_HOST_COPY #262300 bytes=525312 total=236054425088
GGML_VK_HOST_COPY #262400 bytes=525312 total=236144741888
GGML_VK_HOST_COPY #262500 bytes=1574912 total=236237157888
GGML_VK_HOST_COPY #262600 bytes=922112 total=236315237888
GGML_VK_HOST_COPY #262700 bytes=1574912 total=236412223488
GGML_VK_HOST_COPY #262800 bytes=1050112 total=236506213888
GGML_VK_HOST_COPY #262900 bytes=525312 total=236606501888
GGML_VK_HOST_COPY #263000 bytes=1843712 total=236693887488
GGML_VK_HOST_COPY #263100 bytes=1574912 total=236786789888
GGML_VK_HOST_COPY #263200 bytes=1574912 total=236894949888
GGML_VK_HOST_COPY #263300 bytes=461312 total=237006002688
GGML_VK_HOST_COPY #263400 bytes=358912 total=237103589888
GGML_VK_HOST_COPY #263500 bytes=358912 total=237172095488
GGML_VK_HOST_COPY #263600 bytes=717312 total=237243109376
GGML_VK_HOST_COPY #263700 bytes=922112 total=237324209664
GGML_VK_HOST_COPY #263800 bytes=422912 total=237409969152
GGML_VK_HOST_COPY #263900 bytes=422912 total=237494922240
GGML_VK_HOST_COPY #264000 bytes=845312 total=237576496640
GGML_VK_HOST_COPY #264100 bytes=461312 total=237661795328
GGML_VK_HOST_COPY #264200 bytes=845312 total=237750358016
GGML_VK_HOST_COPY #264300 bytes=422912 total=237839958016
GGML_VK_HOST_COPY #264400 bytes=2957312 total=237924911616
GGML_VK_HOST_COPY #264500 bytes=461312 total=238014358016
GGML_VK_HOST_COPY #264600 bytes=422912 total=238121276416
GGML_VK_HOST_COPY #264700 bytes=422912 total=238218479616
GGML_VK_HOST_COPY #264800 bytes=1382912 total=238314185216
GGML_VK_HOST_COPY #264900 bytes=922112 total=238422524416
GGML_VK_HOST_COPY #265000 bytes=2624512 total=238539823616
GGML_VK_HOST_COPY #265100 bytes=1574912 total=238672648704
GGML_VK_HOST_COPY #265200 bytes=461312 total=238800686592
GGML_VK_HOST_COPY #265300 bytes=1075712 total=238908359680
GGML_VK_HOST_COPY #265400 bytes=1434112 total=238999443968
GGML_VK_HOST_COPY #265500 bytes=358912 total=239084435968
GGML_VK_HOST_COPY #265600 bytes=922112 total=239185401856
GGML_VK_HOST_COPY #265700 bytes=845312 total=239308793344
GGML_VK_HOST_COPY #265800 bytes=845312 total=239409798144
GGML_VK_HOST_COPY #265900 bytes=461312 total=239511263744
GGML_VK_HOST_COPY #266000 bytes=461312 total=239619602944
GGML_VK_HOST_COPY #266100 bytes=525312 total=239739884544
GGML_VK_HOST_COPY #266200 bytes=525312 total=239882156544
GGML_VK_HOST_COPY #266300 bytes=461312 total=240025746944
GGML_SCHED_UPLOAD_STATS layers=48 copies=6006 bytes=5672313856 branch_ms=55.85 id_ms=50.55 wait_ms=793.08
GGML_VK_HOST_COPY #266400 bytes=525312 total=240160474112
GGML_VK_HOST_COPY #266500 bytes=525312 total=240263386112
GGML_VK_HOST_COPY #266600 bytes=525312 total=240354227200
GGML_VK_HOST_COPY #266700 bytes=1382912 total=240442713088
GGML_VK_HOST_COPY #266800 bytes=422912 total=240528454144
GGML_VK_HOST_COPY #266900 bytes=422912 total=240602425344
GGML_VK_HOST_COPY #267000 bytes=422912 total=240681042944
GGML_VK_HOST_COPY #267100 bytes=1843712 total=240760198144
GGML_VK_HOST_COPY #267200 bytes=525312 total=240843564544
GGML_VK_HOST_COPY #267300 bytes=525312 total=240939653632
GGML_VK_HOST_COPY #267400 bytes=525312 total=241031544832
GGML_VK_HOST_COPY #267500 bytes=461312 total=241118289920
GGML_VK_HOST_COPY #267600 bytes=1050112 total=241202692608
GGML_VK_HOST_COPY #267700 bytes=525312 total=241281463808
GGML_VK_HOST_COPY #267800 bytes=1050112 total=241362334208
GGML_VK_HOST_COPY #267900 bytes=461312 total=241435473408
GGML_VK_HOST_COPY #268000 bytes=422912 total=241504606208
GGML_VK_HOST_COPY #268100 bytes=1690112 total=241579844608
GGML_VK_HOST_COPY #268200 bytes=922112 total=241651281408
GGML_VK_HOST_COPY #268300 bytes=461312 total=241726903808
GGML_VK_HOST_COPY #268400 bytes=525312 total=241818551808
GGML_VK_HOST_COPY #268500 bytes=1574912 total=241905195008
GGML_VK_HOST_COPY #268600 bytes=1382912 total=241993143808
GGML_VK_HOST_COPY #268700 bytes=525312 total=242081054208
GGML_VK_HOST_COPY #268800 bytes=525312 total=242176619008
GGML_VK_HOST_COPY #268900 bytes=1050112 total=242277431808
GGML_VK_HOST_COPY #269000 bytes=922112 total=242364215808
GGML_VK_HOST_COPY #269100 bytes=525312 total=242447620608
GGML_VK_HOST_COPY #269200 bytes=525312 total=242560503808
GGML_VK_HOST_COPY #269300 bytes=2624512 total=242674436608
GGML_VK_HOST_COPY #269400 bytes=922112 total=242766699008
GGML_VK_HOST_COPY #269500 bytes=358912 total=242847902208
GGML_VK_HOST_COPY #269600 bytes=358912 total=242913898496
GGML_VK_HOST_COPY #269700 bytes=1382912 total=242989622784
GGML_VK_HOST_COPY #269800 bytes=422912 total=243076995072
GGML_VK_HOST_COPY #269900 bytes=422912 total=243157724672
GGML_VK_HOST_COPY #270000 bytes=1267712 total=243234229760
GGML_VK_HOST_COPY #270100 bytes=461312 total=243321218048
GGML_VK_HOST_COPY #270200 bytes=422912 total=243413351936
GGML_VK_HOST_COPY #270300 bytes=1267712 total=243495348736
GGML_VK_HOST_COPY #270400 bytes=422912 total=243579457024
GGML_VK_HOST_COPY #270500 bytes=461312 total=243667328512
GGML_VK_HOST_COPY #270600 bytes=422912 total=243764416000
GGML_VK_HOST_COPY #270700 bytes=1690112 total=243867109888
GGML_VK_HOST_COPY #270800 bytes=845312 total=243974450688
GGML_VK_HOST_COPY #270900 bytes=461312 total=244088702976
GGML_VK_HOST_COPY #271000 bytes=1574912 total=244200254464
GGML_VK_HOST_COPY #271100 bytes=525312 total=244337802752
GGML_VK_HOST_COPY #271200 bytes=461312 total=244467274240
GGML_VK_HOST_COPY #271300 bytes=358912 total=244580067328
GGML_VK_HOST_COPY #271400 bytes=358912 total=244671510528
GGML_VK_HOST_COPY #271500 bytes=358912 total=244753634816
GGML_VK_HOST_COPY #271600 bytes=461312 total=244856085504
GGML_VK_HOST_COPY #271700 bytes=845312 total=244978094592
GGML_VK_HOST_COPY #271800 bytes=1690112 total=245083745280
GGML_VK_HOST_COPY #271900 bytes=422912 total=245183482880
GGML_VK_HOST_COPY #272000 bytes=461312 total=245290362368
GGML_VK_HOST_COPY #272100 bytes=525312 total=245405331456
GGML_VK_HOST_COPY #272200 bytes=525312 total=245562822656
GGML_VK_HOST_COPY #272300 bytes=461312 total=245708998656
GGML_VK_HOST_COPY #272400 bytes=1382912 total=245849593856
GGML_SCHED_UPLOAD_STATS layers=48 copies=6024 bytes=5704574464 branch_ms=55.83 id_ms=50.36 wait_ms=793.97
2.19.453.819 I slot print_timing: id  0 | task 8 | prompt processing, n_tokens =  16384, progress = 0.13, t =  55.57 s / 294.85 tokens per second
GGML_VK_HOST_COPY #272500 bytes=2099712 total=245953242624
GGML_VK_HOST_COPY #272600 bytes=525312 total=246041984512
GGML_VK_HOST_COPY #272700 bytes=461312 total=246129984000
GGML_VK_HOST_COPY #272800 bytes=461312 total=246219430400
GGML_VK_HOST_COPY #272900 bytes=845312 total=246297376256
GGML_VK_HOST_COPY #273000 bytes=422912 total=246369235456
GGML_VK_HOST_COPY #273100 bytes=922112 total=246449773056
GGML_VK_HOST_COPY #273200 bytes=525312 total=246534534656
GGML_VK_HOST_COPY #273300 bytes=525312 total=246625901056
GGML_VK_HOST_COPY #273400 bytes=1574912 total=246719890944
GGML_VK_HOST_COPY #273500 bytes=461312 total=246803461632
GGML_VK_HOST_COPY #273600 bytes=525312 total=246889592320
GGML_VK_HOST_COPY #273700 bytes=525312 total=246971512320
GGML_VK_HOST_COPY #273800 bytes=1050112 total=247055006720
GGML_VK_HOST_COPY #273900 bytes=461312 total=247131038720
GGML_VK_HOST_COPY #274000 bytes=1690112 total=247202091520
GGML_VK_HOST_COPY #274100 bytes=845312 total=247274373120
GGML_VK_HOST_COPY #274200 bytes=422912 total=247344120320
GGML_VK_HOST_COPY #274300 bytes=461312 total=247422469120
GGML_VK_HOST_COPY #274400 bytes=525312 total=247505848320
GGML_VK_HOST_COPY #274500 bytes=1050112 total=247599313920
GGML_VK_HOST_COPY #274600 bytes=922112 total=247689374720
GGML_VK_HOST_COPY #274700 bytes=1050112 total=247776350720
GGML_VK_HOST_COPY #274800 bytes=525312 total=247874014720
GGML_VK_HOST_COPY #274900 bytes=1574912 total=247970629120
GGML_VK_HOST_COPY #275000 bytes=461312 total=248065054720
GGML_VK_HOST_COPY #275100 bytes=1050112 total=248145541120
GGML_VK_HOST_COPY #275200 bytes=525312 total=248259473920
GGML_VK_HOST_COPY #275300 bytes=2624512 total=248369733120
GGML_VK_HOST_COPY #275400 bytes=1382912 total=248464056320
GGML_VK_HOST_COPY #275500 bytes=717312 total=248547512320
GGML_VK_HOST_COPY #275600 bytes=358912 total=248615300608
GGML_VK_HOST_COPY #275700 bytes=461312 total=248686058496
GGML_VK_HOST_COPY #275800 bytes=922112 total=248774583296
GGML_VK_HOST_COPY #275900 bytes=845312 total=248842832384
GGML_VK_HOST_COPY #276000 bytes=1267712 total=248920604672
GGML_VK_HOST_COPY #276100 bytes=461312 total=249003906560
GGML_VK_HOST_COPY #276200 bytes=461312 total=249084597760
GGML_VK_HOST_COPY #276300 bytes=1690112 total=249176194048
GGML_VK_HOST_COPY #276400 bytes=422912 total=249264104448
GGML_VK_HOST_COPY #276500 bytes=461312 total=249355163648
GGML_VK_HOST_COPY #276600 bytes=2534912 total=249453250048
GGML_VK_HOST_COPY #276700 bytes=845312 total=249562702848
GGML_VK_HOST_COPY #276800 bytes=422912 total=249673422336
GGML_VK_HOST_COPY #276900 bytes=2304512 total=249792205824
GGML_VK_HOST_COPY #277000 bytes=1050112 total=249901990912
GGML_VK_HOST_COPY #277100 bytes=3674112 total=250037964800
GGML_VK_HOST_COPY #277200 bytes=2765312 total=250161637888
GGML_VK_HOST_COPY #277300 bytes=358912 total=250276837376
GGML_VK_HOST_COPY #277400 bytes=1075712 total=250359320576
GGML_VK_HOST_COPY #277500 bytes=1792512 total=250444312064
GGML_VK_HOST_COPY #277600 bytes=2304512 total=250541489152
GGML_VK_HOST_COPY #277700 bytes=845312 total=250662307840
GGML_VK_HOST_COPY #277800 bytes=845312 total=250756554240
GGML_VK_HOST_COPY #277900 bytes=1690112 total=250857559040
GGML_VK_HOST_COPY #278000 bytes=1843712 total=250967856640
GGML_VK_HOST_COPY #278100 bytes=1050112 total=251075223040
GGML_VK_HOST_COPY #278200 bytes=1050112 total=251225367040
GGML_VK_HOST_COPY #278300 bytes=461312 total=251385162240
GGML_VK_HOST_COPY #278400 bytes=461312 total=251503639040
GGML_SCHED_UPLOAD_STATS layers=48 copies=6012 bytes=5674900992 branch_ms=56.09 id_ms=50.62 wait_ms=799.37
GGML_VK_HOST_COPY #278500 bytes=1574912 total=251623927808
GGML_VK_HOST_COPY #278600 bytes=2099712 total=251714244096
GGML_VK_HOST_COPY #278700 bytes=461312 total=251807069184
GGML_VK_HOST_COPY #278800 bytes=2304512 total=251895133184
GGML_VK_HOST_COPY #278900 bytes=845312 total=251970506240
GGML_VK_HOST_COPY #279000 bytes=1690112 total=252046167040
GGML_VK_HOST_COPY #279100 bytes=1843712 total=252126474240
GGML_VK_HOST_COPY #279200 bytes=461312 total=252206243840
GGML_VK_HOST_COPY #279300 bytes=1050112 total=252301053440
GGML_VK_HOST_COPY #279400 bytes=525312 total=252391369728
GGML_VK_HOST_COPY #279500 bytes=922112 total=252478319616
GGML_VK_HOST_COPY #279600 bytes=1050112 total=252565794304
GGML_VK_HOST_COPY #279700 bytes=525312 total=252647189504
GGML_VK_HOST_COPY #279800 bytes=525312 total=252731733504
GGML_VK_HOST_COPY #279900 bytes=461312 total=252810837504
GGML_VK_HOST_COPY #280000 bytes=422912 total=252882120704
GGML_VK_HOST_COPY #280100 bytes=422912 total=252953979904
GGML_VK_HOST_COPY #280200 bytes=422912 total=253024994304
GGML_VK_HOST_COPY #280300 bytes=922112 total=253103573504
GGML_VK_HOST_COPY #280400 bytes=1050112 total=253182370304
GGML_VK_HOST_COPY #280500 bytes=1574912 total=253281608704
GGML_VK_HOST_COPY #280600 bytes=461312 total=253373371904
GGML_VK_HOST_COPY #280700 bytes=525312 total=253462255104
GGML_VK_HOST_COPY #280800 bytes=525312 total=253560968704
GGML_VK_HOST_COPY #280900 bytes=1574912 total=253658632704
GGML_VK_HOST_COPY #281000 bytes=461312 total=253753915904
GGML_VK_HOST_COPY #281100 bytes=525312 total=253836040704
GGML_VK_HOST_COPY #281200 bytes=525312 total=253950498304
GGML_VK_HOST_COPY #281300 bytes=525312 total=254062856704
GGML_VK_HOST_COPY #281400 bytes=2765312 total=254161263104
GGML_VK_HOST_COPY #281500 bytes=717312 total=254241595904
GGML_VK_HOST_COPY #281600 bytes=717312 total=254309384192
GGML_VK_HOST_COPY #281700 bytes=461312 total=254377530880
GGML_VK_HOST_COPY #281800 bytes=922112 total=254465594880
GGML_VK_HOST_COPY #281900 bytes=422912 total=254540141568
GGML_VK_HOST_COPY #282000 bytes=1267712 total=254620448256
GGML_VK_HOST_COPY #282100 bytes=461312 total=254707590144
GGML_VK_HOST_COPY #282200 bytes=1382912 total=254796114944
GGML_VK_HOST_COPY #282300 bytes=845312 total=254888210432
GGML_VK_HOST_COPY #282400 bytes=1267712 total=254979077120
GGML_VK_HOST_COPY #282500 bytes=461312 total=255073054208
GGML_VK_HOST_COPY #282600 bytes=845312 total=255170602496
GGML_VK_HOST_COPY #282700 bytes=845312 total=255284278784
GGML_VK_HOST_COPY #282800 bytes=1690112 total=255398377984
GGML_VK_HOST_COPY #282900 bytes=3686912 total=255524227072
GGML_VK_HOST_COPY #283000 bytes=1574912 total=255632130560
GGML_VK_HOST_COPY #283100 bytes=1050112 total=255762331648
GGML_VK_HOST_COPY #283200 bytes=461312 total=255890356736
GGML_VK_HOST_COPY #283300 bytes=358912 total=256003713024
GGML_VK_HOST_COPY #283400 bytes=1075712 total=256091930624
GGML_VK_HOST_COPY #283500 bytes=717312 total=256171188224
GGML_VK_HOST_COPY #283600 bytes=2304512 total=256269287424
GGML_VK_HOST_COPY #283700 bytes=1690112 total=256388033024
GGML_VK_HOST_COPY #283800 bytes=1267712 total=256493261312
GGML_VK_HOST_COPY #283900 bytes=422912 total=256591309312
GGML_VK_HOST_COPY #284000 bytes=461312 total=256700876800
GGML_VK_HOST_COPY #284100 bytes=4198912 total=256819173888
GGML_VK_HOST_COPY #284200 bytes=1050112 total=256970367488
GGML_VK_HOST_COPY #284300 bytes=1382912 total=257117746688
GGML_VK_HOST_COPY #284400 bytes=461312 total=257250508288
GGML_SCHED_UPLOAD_STATS layers=48 copies=5982 bytes=5705040896 branch_ms=54.18 id_ms=49.09 wait_ms=807.75
GGML_VK_HOST_COPY #284500 bytes=525312 total=257355206656
GGML_VK_HOST_COPY #284600 bytes=2624512 total=257446047744
GGML_VK_HOST_COPY #284700 bytes=1843712 total=257536428032
GGML_VK_HOST_COPY #284800 bytes=461312 total=257621266432
GGML_VK_HOST_COPY #284900 bytes=422912 total=257699135488
GGML_VK_HOST_COPY #285000 bytes=422912 total=257774373888
GGML_VK_HOST_COPY #285100 bytes=461312 total=257853068288
GGML_VK_HOST_COPY #285200 bytes=2099712 total=257938341888
GGML_VK_HOST_COPY #285300 bytes=525312 total=258029183488
GGML_VK_HOST_COPY #285400 bytes=525312 total=258125797376
GGML_VK_HOST_COPY #285500 bytes=461312 total=258210110464
GGML_VK_HOST_COPY #285600 bytes=1574912 total=258295959552
GGML_VK_HOST_COPY #285700 bytes=1574912 total=258378404352
GGML_VK_HOST_COPY #285800 bytes=525312 total=258460324352
GGML_VK_HOST_COPY #285900 bytes=922112 total=258538481152
GGML_VK_HOST_COPY #286000 bytes=1690112 total=258609725952
GGML_VK_HOST_COPY #286100 bytes=845312 total=258679895552
GGML_VK_HOST_COPY #286200 bytes=422912 total=258748797952
GGML_VK_HOST_COPY #286300 bytes=461312 total=258826225152
GGML_VK_HOST_COPY #286400 bytes=525312 total=258909130752
GGML_VK_HOST_COPY #286500 bytes=525312 total=259003645952
GGML_VK_HOST_COPY #286600 bytes=461312 total=259097405952
GGML_VK_HOST_COPY #286700 bytes=1574912 total=259186391552
GGML_VK_HOST_COPY #286800 bytes=525312 total=259285629952
GGML_VK_HOST_COPY #286900 bytes=525312 total=259384343552
GGML_VK_HOST_COPY #287000 bytes=1382912 total=259474212352
GGML_VK_HOST_COPY #287100 bytes=525312 total=259554660352
GGML_VK_HOST_COPY #287200 bytes=525312 total=259665444352
GGML_VK_HOST_COPY #287300 bytes=2099712 total=259773079552
GGML_VK_HOST_COPY #287400 bytes=1382912 total=259863357952
GGML_VK_HOST_COPY #287500 bytes=1075712 total=259938058752
GGML_VK_HOST_COPY #287600 bytes=717312 total=260005847040
GGML_VK_HOST_COPY #287700 bytes=461312 total=260072969728
GGML_VK_HOST_COPY #287800 bytes=922112 total=260160572928
GGML_VK_HOST_COPY #287900 bytes=845312 total=260237001216
GGML_VK_HOST_COPY #288000 bytes=1267712 total=260316463104
GGML_VK_HOST_COPY #288100 bytes=461312 total=260404718592
GGML_VK_HOST_COPY #288200 bytes=922112 total=260492782592
GGML_VK_HOST_COPY #288300 bytes=422912 total=260579847680
GGML_VK_HOST_COPY #288400 bytes=422912 total=260662266368
GGML_VK_HOST_COPY #288500 bytes=461312 total=260751366656
GGML_VK_HOST_COPY #288600 bytes=922112 total=260838509056
GGML_VK_HOST_COPY #288700 bytes=422912 total=260943122944
GGML_VK_HOST_COPY #288800 bytes=845312 total=261045816832
GGML_VK_HOST_COPY #288900 bytes=461312 total=261147166720
GGML_VK_HOST_COPY #289000 bytes=525312 total=261254993408
GGML_VK_HOST_COPY #289100 bytes=525312 total=261388343296
GGML_VK_HOST_COPY #289200 bytes=1574912 total=261521693696
GGML_VK_HOST_COPY #289300 bytes=1843712 total=261628291584
GGML_VK_HOST_COPY #289400 bytes=1792512 total=261729103872
GGML_VK_HOST_COPY #289500 bytes=1075712 total=261815171072
GGML_VK_HOST_COPY #289600 bytes=1843712 total=261913679872
GGML_VK_HOST_COPY #289700 bytes=1382912 total=262026166272
GGML_VK_HOST_COPY #289800 bytes=1690112 total=262129283072
GGML_VK_HOST_COPY #289900 bytes=845312 total=262226908160
GGML_VK_HOST_COPY #290000 bytes=461312 total=262333826048
GGML_VK_HOST_COPY #290100 bytes=1050112 total=262441153536
GGML_VK_HOST_COPY #290200 bytes=525312 total=262598644736
GGML_VK_HOST_COPY #290300 bytes=525312 total=262755611136
GGML_VK_HOST_COPY #290400 bytes=461312 total=262875572736
GGML_SCHED_UPLOAD_STATS layers=48 copies=6018 bytes=5650070528 branch_ms=54.71 id_ms=49.47 wait_ms=807.62
GGML_VK_HOST_COPY #290500 bytes=525312 total=262994235904
GGML_VK_HOST_COPY #290600 bytes=1050112 total=263085076992
GGML_VK_HOST_COPY #290700 bytes=1843712 total=263179796480
GGML_VK_HOST_COPY #290800 bytes=922112 total=263263713280
GGML_VK_HOST_COPY #290900 bytes=422912 total=263342542336
GGML_VK_HOST_COPY #291000 bytes=422912 total=263416935936
GGML_VK_HOST_COPY #291100 bytes=1382912 total=263497358336
GGML_VK_HOST_COPY #291200 bytes=1382912 total=263578971136
GGML_VK_HOST_COPY #291300 bytes=1050112 total=263671950336
GGML_VK_HOST_COPY #291400 bytes=1050112 total=263763316224
GGML_VK_HOST_COPY #291500 bytes=461312 total=263851635712
GGML_VK_HOST_COPY #291600 bytes=1574912 total=263939251200
GGML_VK_HOST_COPY #291700 bytes=525312 total=264020646400
GGML_VK_HOST_COPY #291800 bytes=525312 total=264103616000
GGML_VK_HOST_COPY #291900 bytes=1843712 total=264181849600
GGML_VK_HOST_COPY #292000 bytes=422912 total=264253132800
GGML_VK_HOST_COPY #292100 bytes=422912 total=264324992000
GGML_VK_HOST_COPY #292200 bytes=422912 total=264399385600
GGML_VK_HOST_COPY #292300 bytes=461312 total=264480038400
GGML_VK_HOST_COPY #292400 bytes=525312 total=264559232000
GGML_VK_HOST_COPY #292500 bytes=525312 total=264656896000
GGML_VK_HOST_COPY #292600 bytes=461312 total=264748121600
GGML_VK_HOST_COPY #292700 bytes=1050112 total=264831705600
GGML_VK_HOST_COPY #292800 bytes=1574912 total=264931468800
GGML_VK_HOST_COPY #292900 bytes=1050112 total=265027558400
GGML_VK_HOST_COPY #293000 bytes=1843712 total=265118988800
GGML_VK_HOST_COPY #293100 bytes=525312 total=265204966400
GGML_VK_HOST_COPY #293200 bytes=525312 total=265313651200
GGML_VK_HOST_COPY #293300 bytes=525312 total=265418662400
GGML_VK_HOST_COPY #293400 bytes=1382912 total=265518195200
GGML_VK_HOST_COPY #293500 bytes=358912 total=265599961600
GGML_VK_HOST_COPY #293600 bytes=358912 total=265664882688
GGML_VK_HOST_COPY #293700 bytes=461312 total=265730315776
GGML_VK_HOST_COPY #293800 bytes=461312 total=265810546176
GGML_VK_HOST_COPY #293900 bytes=845312 total=265891352064
GGML_VK_HOST_COPY #294000 bytes=1267712 total=265972503552
GGML_VK_HOST_COPY #294100 bytes=461312 total=266059914240
GGML_VK_HOST_COPY #294200 bytes=461312 total=266148899840
GGML_VK_HOST_COPY #294300 bytes=845312 total=266236425728
GGML_VK_HOST_COPY #294400 bytes=1267712 total=266319689728
GGML_VK_HOST_COPY #294500 bytes=461312 total=266408022528
GGML_VK_HOST_COPY #294600 bytes=1690112 total=266503305728
GGML_VK_HOST_COPY #294700 bytes=422912 total=266605155328
GGML_VK_HOST_COPY #294800 bytes=422912 total=266708694016
GGML_VK_HOST_COPY #294900 bytes=2304512 total=266814959104
GGML_VK_HOST_COPY #295000 bytes=3674112 total=266926984192
GGML_VK_HOST_COPY #295100 bytes=525312 total=267056135680
GGML_VK_HOST_COPY #295200 bytes=1382912 total=267189255168
GGML_VK_HOST_COPY #295300 bytes=461312 total=267304506368
GGML_VK_HOST_COPY #295400 bytes=358912 total=267392416256
GGML_VK_HOST_COPY #295500 bytes=358912 total=267478841856
GGML_VK_HOST_COPY #295600 bytes=1382912 total=267577606656
GGML_VK_HOST_COPY #295700 bytes=422912 total=267694585856
GGML_VK_HOST_COPY #295800 bytes=1267712 total=267787142656
GGML_VK_HOST_COPY #295900 bytes=845312 total=267879698944
GGML_VK_HOST_COPY #296000 bytes=922112 total=267982853632
GGML_VK_HOST_COPY #296100 bytes=525312 total=268088619520
GGML_VK_HOST_COPY #296200 bytes=525312 total=268231416320
GGML_VK_HOST_COPY #296300 bytes=3149312 total=268371589120
GGML_VK_HOST_COPY #296400 bytes=1843712 total=268485048320
GGML_SCHED_UPLOAD_STATS layers=48 copies=6018 bytes=5618814464 branch_ms=54.46 id_ms=49.38 wait_ms=813.35
2.28.247.420 I slot print_timing: id  0 | task 8 | prompt processing, n_tokens =  18432, progress = 0.14, t =  64.36 s / 286.38 tokens per second
GGML_VK_HOST_COPY #296500 bytes=525312 total=268604108288
GGML_VK_HOST_COPY #296600 bytes=525312 total=268693374976
GGML_VK_HOST_COPY #296700 bytes=525312 total=268794712576
GGML_VK_HOST_COPY #296800 bytes=461312 total=268875492864
GGML_VK_HOST_COPY #296900 bytes=422912 total=268954936320
GGML_VK_HOST_COPY #297000 bytes=422912 total=269033976320
GGML_VK_HOST_COPY #297100 bytes=2112512 total=269108792320
GGML_VK_HOST_COPY #297200 bytes=461312 total=269190750720
GGML_VK_HOST_COPY #297300 bytes=525312 total=269279723520
GGML_VK_HOST_COPY #297400 bytes=1050112 total=269372663808
GGML_VK_HOST_COPY #297500 bytes=461312 total=269468023296
GGML_VK_HOST_COPY #297600 bytes=460800 total=269553321984
GGML_VK_HOST_COPY #297700 bytes=525312 total=269637341184
GGML_VK_HOST_COPY #297800 bytes=525312 total=269720835584
GGML_VK_HOST_COPY #297900 bytes=922112 total=269797571584
GGML_VK_HOST_COPY #298000 bytes=461312 total=269869968384
GGML_VK_HOST_COPY #298100 bytes=422912 total=269940829184
GGML_VK_HOST_COPY #298200 bytes=845312 total=270011421184
GGML_VK_HOST_COPY #298300 bytes=1382912 total=270088464384
GGML_VK_HOST_COPY #298400 bytes=525312 total=270169245184
GGML_VK_HOST_COPY #298500 bytes=1574912 total=270263760384
GGML_VK_HOST_COPY #298600 bytes=1050112 total=270362998784
GGML_VK_HOST_COPY #298700 bytes=922112 total=270442435584
GGML_VK_HOST_COPY #298800 bytes=1050112 total=270539318784
GGML_VK_HOST_COPY #298900 bytes=1574912 total=270633309184
GGML_VK_HOST_COPY #299000 bytes=461312 total=270722089984
GGML_VK_HOST_COPY #299100 bytes=3226112 total=270809232384
GGML_VK_HOST_COPY #299200 bytes=1050112 total=270900701184
GGML_VK_HOST_COPY #299300 bytes=525312 total=271009385984
GGML_VK_HOST_COPY #299400 bytes=922112 total=271113001984
GGML_VK_HOST_COPY #299500 bytes=358912 total=271206083584
GGML_VK_HOST_COPY #299600 bytes=1434112 total=271272438784
GGML_VK_HOST_COPY #299700 bytes=358912 total=271331983872
GGML_VK_HOST_COPY #299800 bytes=1382912 total=271409039360
GGML_VK_HOST_COPY #299900 bytes=422912 total=271491880448
GGML_VK_HOST_COPY #300000 bytes=422912 total=271571764736
GGML_VK_HOST_COPY #300100 bytes=422912 total=271652916736
GGML_VK_HOST_COPY #300200 bytes=922112 total=271735335424
GGML_VK_HOST_COPY #300300 bytes=422912 total=271826432512
GGML_VK_HOST_COPY #300400 bytes=422912 total=271908429312
GGML_VK_HOST_COPY #300500 bytes=422912 total=271993805312
GGML_VK_HOST_COPY #300600 bytes=1382912 total=272079910912
GGML_VK_HOST_COPY #300700 bytes=2112512 total=272175654912
GGML_VK_HOST_COPY #300800 bytes=845312 total=272273280000
GGML_VK_HOST_COPY #300900 bytes=461312 total=272375589888
GGML_VK_HOST_COPY #301000 bytes=461312 total=272488997888
GGML_VK_HOST_COPY #301100 bytes=525312 total=272598309376
GGML_VK_HOST_COPY #301200 bytes=1574912 total=272725886464
GGML_VK_HOST_COPY #301300 bytes=922112 total=272850877952
GGML_VK_HOST_COPY #301400 bytes=1075712 total=272957373440
GGML_VK_HOST_COPY #301500 bytes=358912 total=273045232640
GGML_VK_HOST_COPY #301600 bytes=1075712 total=273127715840
GGML_VK_HOST_COPY #301700 bytes=1382912 total=273230935040
GGML_VK_HOST_COPY #301800 bytes=1267712 total=273340387840
GGML_VK_HOST_COPY #301900 bytes=1690112 total=273439703040
GGML_VK_HOST_COPY #302000 bytes=1690112 total=273531837440
GGML_VK_HOST_COPY #302100 bytes=461312 total=273632189440
GGML_VK_HOST_COPY #302200 bytes=1050112 total=273736791040
GGML_VK_HOST_COPY #302300 bytes=1050112 total=273880112640
GGML_VK_HOST_COPY #302400 bytes=461312 total=274020592640
GGML_VK_HOST_COPY #302500 bytes=4147712 total=274136304640
GGML_SCHED_UPLOAD_STATS layers=48 copies=6069 bytes=5601126912 branch_ms=54.35 id_ms=49.24 wait_ms=818.24
GGML_VK_HOST_COPY #302600 bytes=1574912 total=274244599808
GGML_VK_HOST_COPY #302700 bytes=1574912 total=274337015296
GGML_VK_HOST_COPY #302800 bytes=461312 total=274428342784
GGML_VK_HOST_COPY #302900 bytes=922112 total=274517328384
GGML_VK_HOST_COPY #303000 bytes=422912 total=274593661440
GGML_VK_HOST_COPY #303100 bytes=422912 total=274668055040
GGML_VK_HOST_COPY #303200 bytes=922112 total=274749898240
GGML_VK_HOST_COPY #303300 bytes=2304512 total=274835197440
GGML_VK_HOST_COPY #303400 bytes=525312 total=274927421440
GGML_VK_HOST_COPY #303500 bytes=1574912 total=275021411328
GGML_VK_HOST_COPY #303600 bytes=461312 total=275107401216
GGML_VK_HOST_COPY #303700 bytes=525312 total=275194722304
GGML_VK_HOST_COPY #303800 bytes=2624512 total=275276642304
GGML_VK_HOST_COPY #303900 bytes=525312 total=275362235904
GGML_VK_HOST_COPY #304000 bytes=922112 total=275439919104
GGML_VK_HOST_COPY #304100 bytes=422912 total=275513199104
GGML_VK_HOST_COPY #304200 bytes=845312 total=275583791104
GGML_VK_HOST_COPY #304300 bytes=422912 total=275653960704
GGML_VK_HOST_COPY #304400 bytes=461312 total=275733269504
GGML_VK_HOST_COPY #304500 bytes=1050112 total=275820757504
GGML_VK_HOST_COPY #304600 bytes=1050112 total=275911074304
GGML_VK_HOST_COPY #304700 bytes=461312 total=276004783104
GGML_VK_HOST_COPY #304800 bytes=1574912 total=276094408704
GGML_VK_HOST_COPY #304900 bytes=2624512 total=276194696704
GGML_VK_HOST_COPY #305000 bytes=525312 total=276293935104
GGML_VK_HOST_COPY #305100 bytes=922112 total=276383944704
GGML_VK_HOST_COPY #305200 bytes=1050112 total=276472392704
GGML_VK_HOST_COPY #305300 bytes=1574912 total=276585275904
GGML_VK_HOST_COPY #305400 bytes=3149312 total=276693960704
GGML_VK_HOST_COPY #305500 bytes=461312 total=276783867904
GGML_VK_HOST_COPY #305600 bytes=358912 total=276855138304
GGML_VK_HOST_COPY #305700 bytes=358912 total=276920417792
GGML_VK_HOST_COPY #305800 bytes=461312 total=276989332480
GGML_VK_HOST_COPY #305900 bytes=461312 total=277072327680
GGML_VK_HOST_COPY #306000 bytes=422912 total=277149523968
GGML_VK_HOST_COPY #306100 bytes=422912 total=277231520256
GGML_VK_HOST_COPY #306200 bytes=461312 total=277317010944
GGML_VK_HOST_COPY #306300 bytes=422912 total=277406303232
GGML_VK_HOST_COPY #306400 bytes=422912 total=277494213632
GGML_VK_HOST_COPY #306500 bytes=845312 total=277577477120
GGML_VK_HOST_COPY #306600 bytes=922112 total=277668267008
GGML_VK_HOST_COPY #306700 bytes=1690112 total=277758596096
GGML_VK_HOST_COPY #306800 bytes=422912 total=277862134784
GGML_VK_HOST_COPY #306900 bytes=1690112 total=277968630784
GGML_VK_HOST_COPY #307000 bytes=2304512 total=278079043072
GGML_VK_HOST_COPY #307100 bytes=525312 total=278176040960
GGML_VK_HOST_COPY #307200 bytes=525312 total=278303093248
GGML_VK_HOST_COPY #307300 bytes=461312 total=278426177536
GGML_VK_HOST_COPY #307400 bytes=2304512 total=278527143936
GGML_VK_HOST_COPY #307500 bytes=1075712 total=278616692224
GGML_VK_HOST_COPY #307600 bytes=358912 total=278702400512
GGML_VK_HOST_COPY #307700 bytes=922112 total=278797427200
GGML_VK_HOST_COPY #307800 bytes=422912 total=278912754688
GGML_VK_HOST_COPY #307900 bytes=1267712 total=279007845888
GGML_VK_HOST_COPY #308000 bytes=845312 total=279101669888
GGML_VK_HOST_COPY #308100 bytes=922112 total=279205823488
GGML_VK_HOST_COPY #308200 bytes=1050112 total=279315378688
GGML_VK_HOST_COPY #308300 bytes=2099712 total=279481791488
GGML_VK_HOST_COPY #308400 bytes=525312 total=279647679488
GGML_VK_HOST_COPY #308500 bytes=4147712 total=279785509888
GGML_SCHED_UPLOAD_STATS layers=48 copies=5997 bytes=5637797376 branch_ms=54.44 id_ms=49.43 wait_ms=823.46
GGML_VK_HOST_COPY #308600 bytes=1050112 total=279893933056
GGML_VK_HOST_COPY #308700 bytes=1050112 total=279986348544
GGML_VK_HOST_COPY #308800 bytes=461312 total=280077087232
GGML_VK_HOST_COPY #308900 bytes=461312 total=280166072832
GGML_VK_HOST_COPY #309000 bytes=422912 total=280242789888
GGML_VK_HOST_COPY #309100 bytes=422912 total=280317605888
GGML_VK_HOST_COPY #309200 bytes=461312 total=280398489088
GGML_VK_HOST_COPY #309300 bytes=922112 total=280482866688
GGML_VK_HOST_COPY #309400 bytes=525312 total=280577266688
GGML_VK_HOST_COPY #309500 bytes=1050112 total=280670206976
GGML_VK_HOST_COPY #309600 bytes=461312 total=280756452864
GGML_VK_HOST_COPY #309700 bytes=1050112 total=280843517952
GGML_VK_HOST_COPY #309800 bytes=2624512 total=280929636352
GGML_VK_HOST_COPY #309900 bytes=525312 total=281016279552
GGML_VK_HOST_COPY #310000 bytes=461312 total=281093501952
GGML_VK_HOST_COPY #310100 bytes=422912 total=281168202752
GGML_VK_HOST_COPY #310200 bytes=845312 total=281238794752
GGML_VK_HOST_COPY #310300 bytes=422912 total=281306852352
GGML_VK_HOST_COPY #310400 bytes=461312 total=281385239552
GGML_VK_HOST_COPY #310500 bytes=2624512 total=281468554752
GGML_VK_HOST_COPY #310600 bytes=1574912 total=281563069952
GGML_VK_HOST_COPY #310700 bytes=461312 total=281653322752
GGML_VK_HOST_COPY #310800 bytes=1050112 total=281737879552
GGML_VK_HOST_COPY #310900 bytes=1050112 total=281838692352
GGML_VK_HOST_COPY #311000 bytes=1050112 total=281933732352
GGML_VK_HOST_COPY #311100 bytes=1843712 total=282026826752
GGML_VK_HOST_COPY #311200 bytes=1050112 total=282113303552
GGML_VK_HOST_COPY #311300 bytes=525312 total=282220938752
GGML_VK_HOST_COPY #311400 bytes=1050112 total=282325425152
GGML_VK_HOST_COPY #311500 bytes=461312 total=282418711552
GGML_VK_HOST_COPY #311600 bytes=358912 total=282502884352
GGML_VK_HOST_COPY #311700 bytes=358912 total=282565296640
GGML_VK_HOST_COPY #311800 bytes=358912 total=282629501440
GGML_VK_HOST_COPY #311900 bytes=922112 total=282704611328
GGML_VK_HOST_COPY #312000 bytes=422912 total=282779695616
GGML_VK_HOST_COPY #312100 bytes=845312 total=282861691904
GGML_VK_HOST_COPY #312200 bytes=2112000 total=282946222592
GGML_VK_HOST_COPY #312300 bytes=461312 total=283025992192
GGML_VK_HOST_COPY #312400 bytes=422912 total=283114170880
GGML_VK_HOST_COPY #312500 bytes=422912 total=283195744768
GGML_VK_HOST_COPY #312600 bytes=922112 total=283277126656
GGML_VK_HOST_COPY #312700 bytes=461312 total=283367494656
GGML_VK_HOST_COPY #312800 bytes=422912 total=283463314944
GGML_VK_HOST_COPY #312900 bytes=845312 total=283560095232
GGML_VK_HOST_COPY #313000 bytes=2304512 total=283661022720
GGML_VK_HOST_COPY #313100 bytes=1050112 total=283771332608
GGML_VK_HOST_COPY #313200 bytes=2099712 total=283902583808
GGML_VK_HOST_COPY #313300 bytes=1574912 total=284033309696
GGML_VK_HOST_COPY #313400 bytes=922112 total=284157123584
GGML_VK_HOST_COPY #313500 bytes=1434112 total=284266486272
GGML_VK_HOST_COPY #313600 bytes=1075712 total=284351119872
GGML_VK_HOST_COPY #313700 bytes=358912 total=284437187072
GGML_VK_HOST_COPY #313800 bytes=461312 total=284537487872
GGML_VK_HOST_COPY #313900 bytes=422912 total=284642716672
GGML_VK_HOST_COPY #314000 bytes=845312 total=284744565760
GGML_VK_HOST_COPY #314100 bytes=461312 total=284855822848
GGML_VK_HOST_COPY #314200 bytes=2304512 total=284962318848
GGML_VK_HOST_COPY #314300 bytes=1050112 total=285112436736
GGML_VK_HOST_COPY #314400 bytes=3674112 total=285275700736
GGML_VK_HOST_COPY #314500 bytes=461312 total=285427060736
GGML_SCHED_UPLOAD_STATS layers=48 copies=6027 bytes=5685915136 branch_ms=54.43 id_ms=49.36 wait_ms=831.93
GGML_VK_HOST_COPY #314600 bytes=525312 total=285560930304
GGML_VK_HOST_COPY #314700 bytes=525312 total=285651246592
GGML_VK_HOST_COPY #314800 bytes=525312 total=285753633792
GGML_VK_HOST_COPY #314900 bytes=461312 total=285834810880
GGML_VK_HOST_COPY #315000 bytes=422912 total=285914676736
GGML_VK_HOST_COPY #315100 bytes=845312 total=285992871936
GGML_VK_HOST_COPY #315200 bytes=422912 total=286067687936
GGML_VK_HOST_COPY #315300 bytes=461312 total=286150759936
GGML_VK_HOST_COPY #315400 bytes=525312 total=286237710336
GGML_VK_HOST_COPY #315500 bytes=1050112 total=286331175424
GGML_VK_HOST_COPY #315600 bytes=461312 total=286425267712
GGML_VK_HOST_COPY #315700 bytes=922112 total=286504115712
GGML_VK_HOST_COPY #315800 bytes=525312 total=286594278400
GGML_VK_HOST_COPY #315900 bytes=525312 total=286676723200
GGML_VK_HOST_COPY #316000 bytes=461312 total=286754022400
GGML_VK_HOST_COPY #316100 bytes=461312 total=286829184000
GGML_VK_HOST_COPY #316200 bytes=422912 total=286897126400
GGML_VK_HOST_COPY #316300 bytes=422912 total=286971520000
GGML_VK_HOST_COPY #316400 bytes=461312 total=287049676800
GGML_VK_HOST_COPY #316500 bytes=1050112 total=287130329600
GGML_VK_HOST_COPY #316600 bytes=525312 total=287224844800
GGML_VK_HOST_COPY #316700 bytes=525312 total=287321984000
GGML_VK_HOST_COPY #316800 bytes=461312 total=287405286400
GGML_VK_HOST_COPY #316900 bytes=1050112 total=287502899200
GGML_VK_HOST_COPY #317000 bytes=1574912 total=287601088000
GGML_VK_HOST_COPY #317100 bytes=922112 total=287697228800
GGML_VK_HOST_COPY #317200 bytes=461312 total=287788518400
GGML_VK_HOST_COPY #317300 bytes=525312 total=287884364800
GGML_VK_HOST_COPY #317400 bytes=525312 total=287986752000
GGML_VK_HOST_COPY #317500 bytes=1382912 total=288087756800
GGML_VK_HOST_COPY #317600 bytes=358912 total=288176486400
GGML_VK_HOST_COPY #317700 bytes=1434112 total=288241408000
GGML_VK_HOST_COPY #317800 bytes=717312 total=288300953088
GGML_VK_HOST_COPY #317900 bytes=461312 total=288376574976
GGML_VK_HOST_COPY #318000 bytes=422912 total=288458033664
GGML_VK_HOST_COPY #318100 bytes=1267712 total=288542141952
GGML_VK_HOST_COPY #318200 bytes=422912 total=288626250752
GGML_VK_HOST_COPY #318300 bytes=922112 total=288711779840
GGML_VK_HOST_COPY #318400 bytes=422912 total=288804566528
GGML_VK_HOST_COPY #318500 bytes=422912 total=288887408128
GGML_VK_HOST_COPY #318600 bytes=845312 total=288972361728
GGML_VK_HOST_COPY #318700 bytes=461312 total=289064496128
GGML_VK_HOST_COPY #318800 bytes=845312 total=289165692928
GGML_VK_HOST_COPY #318900 bytes=845312 total=289267964416
GGML_VK_HOST_COPY #319000 bytes=922112 total=289378914304
GGML_VK_HOST_COPY #319100 bytes=525312 total=289495572992
GGML_VK_HOST_COPY #319200 bytes=1050112 total=289631547392
GGML_VK_HOST_COPY #319300 bytes=4198912 total=289754401280
GGML_VK_HOST_COPY #319400 bytes=2304512 total=289877395968
GGML_VK_HOST_COPY #319500 bytes=2150912 total=289990035456
GGML_VK_HOST_COPY #319600 bytes=358912 total=290080403456
GGML_VK_HOST_COPY #319700 bytes=2765312 total=290178707456
GGML_VK_HOST_COPY #319800 bytes=1382912 total=290297184256
GGML_VK_HOST_COPY #319900 bytes=422912 total=290393696256
GGML_VK_HOST_COPY #320000 bytes=1690112 total=290498924544
GGML_VK_HOST_COPY #320100 bytes=2765312 total=290604997632
GGML_VK_HOST_COPY #320200 bytes=1050112 total=290718187520
GGML_VK_HOST_COPY #320300 bytes=1574912 total=290884075520
GGML_VK_HOST_COPY #320400 bytes=1574912 total=291042616320
GGML_VK_HOST_COPY #320500 bytes=461312 total=291180254720
GGML_SCHED_UPLOAD_STATS layers=48 copies=5982 bytes=5707679232 branch_ms=54.11 id_ms=49.00 wait_ms=834.13
2.37.287.458 I slot print_timing: id  0 | task 8 | prompt processing, n_tokens =  20480, progress = 0.16, t =  73.40 s / 279.01 tokens per second
GGML_VK_HOST_COPY #320600 bytes=525312 total=291294847488
GGML_VK_HOST_COPY #320700 bytes=525312 total=291387262976
GGML_VK_HOST_COPY #320800 bytes=525312 total=291482827776
GGML_VK_HOST_COPY #320900 bytes=922112 total=291568190464
GGML_VK_HOST_COPY #321000 bytes=1690112 total=291645521920
GGML_VK_HOST_COPY #321100 bytes=845312 total=291722027520
GGML_VK_HOST_COPY #321200 bytes=461312 total=291799301120
GGML_VK_HOST_COPY #321300 bytes=461312 total=291877688320
GGML_VK_HOST_COPY #321400 bytes=525312 total=291969528320
GGML_VK_HOST_COPY #321500 bytes=525312 total=292060369408
GGML_VK_HOST_COPY #321600 bytes=461312 total=292152656896
GGML_VK_HOST_COPY #321700 bytes=525312 total=292236829184
GGML_VK_HOST_COPY #321800 bytes=525312 total=292321373184
GGML_VK_HOST_COPY #321900 bytes=525312 total=292401193984
GGML_VK_HOST_COPY #322000 bytes=922112 total=292478262784
GGML_VK_HOST_COPY #322100 bytes=461312 total=292549737984
GGML_VK_HOST_COPY #322200 bytes=422912 total=292621328384
GGML_VK_HOST_COPY #322300 bytes=422912 total=292693609984
GGML_VK_HOST_COPY #322400 bytes=922112 total=292772304384
GGML_VK_HOST_COPY #322500 bytes=525312 total=292855235584
GGML_VK_HOST_COPY #322600 bytes=1050112 total=292949750784
GGML_VK_HOST_COPY #322700 bytes=461312 total=293043945984
GGML_VK_HOST_COPY #322800 bytes=461312 total=293126941184
GGML_VK_HOST_COPY #322900 bytes=525312 total=293228061184
GGML_VK_HOST_COPY #323000 bytes=525312 total=293326774784
GGML_VK_HOST_COPY #323100 bytes=461312 total=293417782784
GGML_VK_HOST_COPY #323200 bytes=525312 total=293505360384
GGML_VK_HOST_COPY #323300 bytes=525312 total=293609321984
GGML_VK_HOST_COPY #323400 bytes=525312 total=293713283584
GGML_VK_HOST_COPY #323500 bytes=461312 total=293814941184
GGML_VK_HOST_COPY #323600 bytes=1792512 total=293900189184
GGML_VK_HOST_COPY #323700 bytes=358912 total=293963318272
GGML_VK_HOST_COPY #323800 bytes=358912 total=294025731072
GGML_VK_HOST_COPY #323900 bytes=1843712 total=294105756160
GGML_VK_HOST_COPY #324000 bytes=422912 total=294183374848
GGML_VK_HOST_COPY #324100 bytes=422912 total=294267905536
GGML_VK_HOST_COPY #324200 bytes=422912 total=294346523136
GGML_VK_HOST_COPY #324300 bytes=922112 total=294430362624
GGML_VK_HOST_COPY #324400 bytes=422912 total=294521037312
GGML_VK_HOST_COPY #324500 bytes=845312 total=294605568000
GGML_VK_HOST_COPY #324600 bytes=422912 total=294690944000
GGML_VK_HOST_COPY #324700 bytes=1382912 total=294779314688
GGML_VK_HOST_COPY #324800 bytes=1267712 total=294881163776
GGML_VK_HOST_COPY #324900 bytes=1267712 total=294986814464
GGML_VK_HOST_COPY #325000 bytes=1382912 total=295093962752
GGML_VK_HOST_COPY #325100 bytes=1382912 total=295213361152
GGML_VK_HOST_COPY #325200 bytes=525312 total=295321200640
GGML_VK_HOST_COPY #325300 bytes=525312 total=295445628928
GGML_VK_HOST_COPY #325400 bytes=1382912 total=295569942016
GGML_VK_HOST_COPY #325500 bytes=717312 total=295683093504
GGML_VK_HOST_COPY #325600 bytes=717312 total=295776328704
GGML_VK_HOST_COPY #325700 bytes=3226112 total=295867055104
GGML_VK_HOST_COPY #325800 bytes=1843712 total=295973909504
GGML_VK_HOST_COPY #325900 bytes=5069312 total=296096879104
GGML_VK_HOST_COPY #326000 bytes=422912 total=296199150592
GGML_VK_HOST_COPY #326100 bytes=1843712 total=296309217280
GGML_VK_HOST_COPY #326200 bytes=461312 total=296416634880
GGML_VK_HOST_COPY #326300 bytes=1050112 total=296541191168
GGML_VK_HOST_COPY #326400 bytes=525312 total=296681363968
GGML_VK_HOST_COPY #326500 bytes=461312 total=296822599168
GGML_SCHED_UPLOAD_STATS layers=48 copies=6051 bytes=5701927424 branch_ms=54.53 id_ms=49.40 wait_ms=837.45
GGML_VK_HOST_COPY #326600 bytes=525312 total=296953179136
GGML_VK_HOST_COPY #326700 bytes=525312 total=297055566336
GGML_VK_HOST_COPY #326800 bytes=525312 total=297146407424
GGML_VK_HOST_COPY #326900 bytes=1382912 total=297233574912
GGML_VK_HOST_COPY #327000 bytes=422912 total=297319469568
GGML_VK_HOST_COPY #327100 bytes=1267712 total=297391751168
GGML_VK_HOST_COPY #327200 bytes=845312 total=297469946368
GGML_VK_HOST_COPY #327300 bytes=461312 total=297544839168
GGML_VK_HOST_COPY #327400 bytes=525312 total=297633363968
GGML_VK_HOST_COPY #327500 bytes=1050112 total=297728928768
GGML_VK_HOST_COPY #327600 bytes=525312 total=297821344256
GGML_VK_HOST_COPY #327700 bytes=922112 total=297906156544
GGML_VK_HOST_COPY #327800 bytes=1050112 total=297993016832
GGML_VK_HOST_COPY #327900 bytes=525312 total=298070213632
GGML_VK_HOST_COPY #328000 bytes=525312 total=298154757632
GGML_VK_HOST_COPY #328100 bytes=2304512 total=298228741632
GGML_VK_HOST_COPY #328200 bytes=422912 total=298296760832
GGML_VK_HOST_COPY #328300 bytes=845312 total=298366508032
GGML_VK_HOST_COPY #328400 bytes=422912 total=298437944832
GGML_VK_HOST_COPY #328500 bytes=461312 total=298513106432
GGML_VK_HOST_COPY #328600 bytes=1050112 total=298597906432
GGML_VK_HOST_COPY #328700 bytes=525312 total=298690847232
GGML_VK_HOST_COPY #328800 bytes=922112 total=298782700032
GGML_VK_HOST_COPY #328900 bytes=1050112 total=298868741632
GGML_VK_HOST_COPY #329000 bytes=1574912 total=298970604032
GGML_VK_HOST_COPY #329100 bytes=525312 total=299067218432
GGML_VK_HOST_COPY #329200 bytes=922112 total=299159762432
GGML_VK_HOST_COPY #329300 bytes=1050112 total=299242130432
GGML_VK_HOST_COPY #329400 bytes=525312 total=299351340032
GGML_VK_HOST_COPY #329500 bytes=2624512 total=299457400832
GGML_VK_HOST_COPY #329600 bytes=461312 total=299547576832
GGML_VK_HOST_COPY #329700 bytes=1434112 total=299625042432
GGML_VK_HOST_COPY #329800 bytes=358912 total=299687454720
GGML_VK_HOST_COPY #329900 bytes=461312 total=299751556608
GGML_VK_HOST_COPY #330000 bytes=922112 total=299829943808
GGML_VK_HOST_COPY #330100 bytes=422912 total=299908215296
GGML_VK_HOST_COPY #330200 bytes=422912 total=299992323584
GGML_VK_HOST_COPY #330300 bytes=922112 total=300079926272
GGML_VK_HOST_COPY #330400 bytes=1382912 total=300167990272
GGML_VK_HOST_COPY #330500 bytes=2112512 total=300264002560
GGML_VK_HOST_COPY #330600 bytes=422912 total=300351067648
GGML_VK_HOST_COPY #330700 bytes=461312 total=300440628736
GGML_VK_HOST_COPY #330800 bytes=845312 total=300535066624
GGML_VK_HOST_COPY #330900 bytes=422912 total=300635649024
GGML_VK_HOST_COPY #331000 bytes=422912 total=300737498112
GGML_VK_HOST_COPY #331100 bytes=922112 total=300836198400
GGML_VK_HOST_COPY #331200 bytes=2099712 total=300947314688
GGML_VK_HOST_COPY #331300 bytes=1050112 total=301081189376
GGML_VK_HOST_COPY #331400 bytes=525312 total=301215064576
GGML_VK_HOST_COPY #331500 bytes=2304512 total=301318961664
GGML_VK_HOST_COPY #331600 bytes=1075712 total=301421053952
GGML_VK_HOST_COPY #331700 bytes=358912 total=301502820352
GGML_VK_HOST_COPY #331800 bytes=1382912 total=301596157952
GGML_VK_HOST_COPY #331900 bytes=1382912 total=301706801152
GGML_VK_HOST_COPY #332000 bytes=422912 total=301806807552
GGML_VK_HOST_COPY #332100 bytes=1690112 total=301912880640
GGML_VK_HOST_COPY #332200 bytes=2765312 total=302016688128
GGML_VK_HOST_COPY #332300 bytes=525312 total=302122991616
GGML_VK_HOST_COPY #332400 bytes=4198912 total=302259490816
GGML_VK_HOST_COPY #332500 bytes=1050112 total=302390742016
GGML_VK_HOST_COPY #332600 bytes=461312 total=302514146816
GGML_SCHED_UPLOAD_STATS layers=48 copies=6081 bytes=5657552384 branch_ms=54.78 id_ms=49.62 wait_ms=833.53
GGML_VK_HOST_COPY #332700 bytes=525312 total=302639593984
GGML_VK_HOST_COPY #332800 bytes=524800 total=302735158272
GGML_VK_HOST_COPY #332900 bytes=525312 total=302832297472
GGML_VK_HOST_COPY #333000 bytes=1382912 total=302917288960
GGML_VK_HOST_COPY #333100 bytes=1267712 total=303000610816
GGML_VK_HOST_COPY #333200 bytes=845312 total=303075004416
GGML_VK_HOST_COPY #333300 bytes=422912 total=303149820416
GGML_VK_HOST_COPY #333400 bytes=461312 total=303229935616
GGML_VK_HOST_COPY #333500 bytes=1050112 total=303315580416
GGML_VK_HOST_COPY #333600 bytes=1050112 total=303413243904
GGML_VK_HOST_COPY #333700 bytes=2099712 total=303505135104
GGML_VK_HOST_COPY #333800 bytes=922112 total=303589742592
GGML_VK_HOST_COPY #333900 bytes=525312 total=303674772480
GGML_VK_HOST_COPY #334000 bytes=525312 total=303754593280
GGML_VK_HOST_COPY #334100 bytes=1574912 total=303837562880
GGML_VK_HOST_COPY #334200 bytes=922112 total=303910740480
GGML_VK_HOST_COPY #334300 bytes=422912 total=303978990080
GGML_VK_HOST_COPY #334400 bytes=845312 total=304054228480
GGML_VK_HOST_COPY #334500 bytes=461312 total=304130004480
GGML_VK_HOST_COPY #334600 bytes=525312 total=304204692480
GGML_VK_HOST_COPY #334700 bytes=525312 total=304299732480
GGML_VK_HOST_COPY #334800 bytes=1574912 total=304396346880
GGML_VK_HOST_COPY #334900 bytes=1382912 total=304476679680
GGML_VK_HOST_COPY #335000 bytes=525312 total=304577057280
GGML_VK_HOST_COPY #335100 bytes=1050112 total=304668423680
GGML_VK_HOST_COPY #335200 bytes=525312 total=304765562880
GGML_VK_HOST_COPY #335300 bytes=461312 total=304853486080
GGML_VK_HOST_COPY #335400 bytes=525312 total=304942702080
GGML_VK_HOST_COPY #335500 bytes=1050112 total=305045614080
GGML_VK_HOST_COPY #335600 bytes=922112 total=305153441280
GGML_VK_HOST_COPY #335700 bytes=1843712 total=305246113280
GGML_VK_HOST_COPY #335800 bytes=358912 total=305306836480
GGML_VK_HOST_COPY #335900 bytes=358912 total=305370682368
GGML_VK_HOST_COPY #336000 bytes=922112 total=305441798656
GGML_VK_HOST_COPY #336100 bytes=422912 total=305519455744
GGML_VK_HOST_COPY #336200 bytes=422912 total=305602719744
GGML_VK_HOST_COPY #336300 bytes=422912 total=305681759232
GGML_VK_HOST_COPY #336400 bytes=1382912 total=305764561920
GGML_VK_HOST_COPY #336500 bytes=422912 total=305860497408
GGML_VK_HOST_COPY #336600 bytes=422912 total=305942494208
GGML_VK_HOST_COPY #336700 bytes=422912 total=306023223808
GGML_VK_HOST_COPY #336800 bytes=461312 total=306112977408
GGML_VK_HOST_COPY #336900 bytes=1267712 total=306202462208
GGML_VK_HOST_COPY #337000 bytes=845312 total=306301354496
GGML_VK_HOST_COPY #337100 bytes=422912 total=306396868096
GGML_VK_HOST_COPY #337200 bytes=922112 total=306503939584
GGML_VK_HOST_COPY #337300 bytes=525312 total=306618447872
GGML_VK_HOST_COPY #337400 bytes=2624512 total=306750223360
GGML_VK_HOST_COPY #337500 bytes=922112 total=306878235648
GGML_VK_HOST_COPY #337600 bytes=922112 total=306994408448
GGML_VK_HOST_COPY #337700 bytes=358912 total=307076123136
GGML_VK_HOST_COPY #337800 bytes=1075712 total=307157889536
GGML_VK_HOST_COPY #337900 bytes=922112 total=307250510336
GGML_VK_HOST_COPY #338000 bytes=845312 total=307365799936
GGML_VK_HOST_COPY #338100 bytes=422912 total=307470183936
GGML_VK_HOST_COPY #338200 bytes=1267712 total=307577524224
GGML_VK_HOST_COPY #338300 bytes=922112 total=307693542912
GGML_VK_HOST_COPY #338400 bytes=525312 total=307803699200
GGML_VK_HOST_COPY #338500 bytes=1050112 total=307950694400
GGML_VK_HOST_COPY #338600 bytes=5248512 total=308100313600
GGML_VK_HOST_COPY #338700 bytes=461312 total=308214220800
GGML_SCHED_UPLOAD_STATS layers=48 copies=6066 bytes=5649943040 branch_ms=54.51 id_ms=49.40 wait_ms=844.00
GGML_VK_HOST_COPY #338800 bytes=525312 total=308332051968
GGML_VK_HOST_COPY #338900 bytes=525312 total=308424467456
GGML_VK_HOST_COPY #339000 bytes=525312 total=308521606656
GGML_VK_HOST_COPY #339100 bytes=461312 total=308605842944
GGML_VK_HOST_COPY #339200 bytes=422912 total=308681331200
GGML_VK_HOST_COPY #339300 bytes=422912 total=308759526400
GGML_VK_HOST_COPY #339400 bytes=845312 total=308836454400
GGML_VK_HOST_COPY #339500 bytes=461312 total=308915264000
GGML_VK_HOST_COPY #339600 bytes=2624512 total=309005939200
GGML_VK_HOST_COPY #339700 bytes=525312 total=309097829888
GGML_VK_HOST_COPY #339800 bytes=922112 total=309192869376
GGML_VK_HOST_COPY #339900 bytes=1574912 total=309276977664
GGML_VK_HOST_COPY #340000 bytes=525312 total=309360996864
GGML_VK_HOST_COPY #340100 bytes=525312 total=309442392064
GGML_VK_HOST_COPY #340200 bytes=461312 total=309519780864
GGML_VK_HOST_COPY #340300 bytes=461312 total=309593099264
GGML_VK_HOST_COPY #340400 bytes=422912 total=309663998464
GGML_VK_HOST_COPY #340500 bytes=422912 total=309734168064
GGML_VK_HOST_COPY #340600 bytes=461312 total=309812132864
GGML_VK_HOST_COPY #340700 bytes=1050112 total=309895204864
GGML_VK_HOST_COPY #340800 bytes=525312 total=309992344064
GGML_VK_HOST_COPY #340900 bytes=461312 total=310088049664
GGML_VK_HOST_COPY #341000 bytes=461312 total=310171966464
GGML_VK_HOST_COPY #341100 bytes=525312 total=310271115264
GGML_VK_HOST_COPY #341200 bytes=1574912 total=310370353664
GGML_VK_HOST_COPY #341300 bytes=922112 total=310459915264
GGML_VK_HOST_COPY #341400 bytes=525312 total=310544804864
GGML_VK_HOST_COPY #341500 bytes=525312 total=310647716864
GGML_VK_HOST_COPY #341600 bytes=525312 total=310756401664
GGML_VK_HOST_COPY #341700 bytes=922112 total=310858123264
GGML_VK_HOST_COPY #341800 bytes=717312 total=310941067264
GGML_VK_HOST_COPY #341900 bytes=1075712 total=311005629952
GGML_VK_HOST_COPY #342000 bytes=358912 total=311066609152
GGML_VK_HOST_COPY #342100 bytes=2765312 total=311144995840
GGML_VK_HOST_COPY #342200 bytes=422912 total=311223766528
GGML_VK_HOST_COPY #342300 bytes=422912 total=311303650816
GGML_VK_HOST_COPY #342400 bytes=422912 total=311383535616
GGML_VK_HOST_COPY #342500 bytes=461312 total=311464379904
GGML_VK_HOST_COPY #342600 bytes=1267712 total=311557281792
GGML_VK_HOST_COPY #342700 bytes=2534912 total=311642657792
GGML_VK_HOST_COPY #342800 bytes=2112512 total=311728878592
GGML_VK_HOST_COPY #342900 bytes=1382912 total=311819860992
GGML_VK_HOST_COPY #343000 bytes=1267712 total=311915873792
GGML_VK_HOST_COPY #343100 bytes=845312 total=312018145280
GGML_VK_HOST_COPY #343200 bytes=1843712 total=312120224768
GGML_VK_HOST_COPY #343300 bytes=461312 total=312234093568
GGML_VK_HOST_COPY #343400 bytes=525312 total=312348192256
GGML_VK_HOST_COPY #343500 bytes=1574912 total=312481017344
GGML_VK_HOST_COPY #343600 bytes=461312 total=312612716032
GGML_VK_HOST_COPY #343700 bytes=717312 total=312723717120
GGML_VK_HOST_COPY #343800 bytes=1434112 total=312813009920
GGML_VK_HOST_COPY #343900 bytes=717312 total=312899077120
GGML_VK_HOST_COPY #344000 bytes=922112 total=313003576320
GGML_VK_HOST_COPY #344100 bytes=2112512 total=313114219520
GGML_VK_HOST_COPY #344200 bytes=845312 total=313216913920
GGML_VK_HOST_COPY #344300 bytes=1382912 total=313324753920
GGML_VK_HOST_COPY #344400 bytes=461312 total=313433553920
GGML_VK_HOST_COPY #344500 bytes=1050112 total=313567019520
GGML_VK_HOST_COPY #344600 bytes=1050112 total=313717163520
GGML_VK_HOST_COPY #344700 bytes=461312 total=313863889920
GGML_SCHED_UPLOAD_STATS layers=48 copies=6039 bytes=5695421952 branch_ms=54.46 id_ms=49.35 wait_ms=850.16
2.46.568.302 I slot print_timing: id  0 | task 8 | prompt processing, n_tokens =  22528, progress = 0.18, t =  82.68 s / 272.46 tokens per second
GGML_VK_HOST_COPY #344800 bytes=525312 total=313998578688
GGML_VK_HOST_COPY #344900 bytes=525312 total=314096767488
GGML_VK_HOST_COPY #345000 bytes=1050112 total=314188133376
GGML_VK_HOST_COPY #345100 bytes=1382912 total=314275326464
GGML_VK_HOST_COPY #345200 bytes=422912 total=314359761920
GGML_VK_HOST_COPY #345300 bytes=422912 total=314433733120
GGML_VK_HOST_COPY #345400 bytes=1267712 total=314511505920
GGML_VK_HOST_COPY #345500 bytes=461312 total=314588049920
GGML_VK_HOST_COPY #345600 bytes=525312 total=314673784320
GGML_VK_HOST_COPY #345700 bytes=1574912 total=314772497408
GGML_VK_HOST_COPY #345800 bytes=2099712 total=314862289408
GGML_VK_HOST_COPY #345900 bytes=461312 total=314948189696
GGML_VK_HOST_COPY #346000 bytes=525312 total=315034614784
GGML_VK_HOST_COPY #346100 bytes=1050112 total=315115485184
GGML_VK_HOST_COPY #346200 bytes=525312 total=315198454784
GGML_VK_HOST_COPY #346300 bytes=922112 total=315277533184
GGML_VK_HOST_COPY #346400 bytes=422912 total=315347702784
GGML_VK_HOST_COPY #346500 bytes=422912 total=315422518784
GGML_VK_HOST_COPY #346600 bytes=2304512 total=315497257984
GGML_VK_HOST_COPY #346700 bytes=525312 total=315572675584
GGML_VK_HOST_COPY #346800 bytes=3149312 total=315668240384
GGML_VK_HOST_COPY #346900 bytes=3149312 total=315760131584
GGML_VK_HOST_COPY #347000 bytes=1843712 total=315840630784
GGML_VK_HOST_COPY #347100 bytes=525312 total=315934352384
GGML_VK_HOST_COPY #347200 bytes=1050112 total=316033065984
GGML_VK_HOST_COPY #347300 bytes=525312 total=316134928384
GGML_VK_HOST_COPY #347400 bytes=1382912 total=316220253184
GGML_VK_HOST_COPY #347500 bytes=3674112 total=316311811584
GGML_VK_HOST_COPY #347600 bytes=1050112 total=316416822784
GGML_VK_HOST_COPY #347700 bytes=461312 total=316526070784
GGML_VK_HOST_COPY #347800 bytes=461312 total=316616438784
GGML_VK_HOST_COPY #347900 bytes=358912 total=316681872384
GGML_VK_HOST_COPY #348000 bytes=717312 total=316745001472
GGML_VK_HOST_COPY #348100 bytes=461312 total=316813045760
GGML_VK_HOST_COPY #348200 bytes=845312 total=316895118848
GGML_VK_HOST_COPY #348300 bytes=2112512 total=316973314048
GGML_VK_HOST_COPY #348400 bytes=1267712 total=317052775936
GGML_VK_HOST_COPY #348500 bytes=1382912 total=317133812224
GGML_VK_HOST_COPY #348600 bytes=845312 total=317223565312
GGML_VK_HOST_COPY #348700 bytes=2534912 total=317306829312
GGML_VK_HOST_COPY #348800 bytes=845312 total=317387558912
GGML_VK_HOST_COPY #348900 bytes=922112 total=317475008512
GGML_VK_HOST_COPY #349000 bytes=845312 total=317563571712
GGML_VK_HOST_COPY #349100 bytes=422912 total=317666266112
GGML_VK_HOST_COPY #349200 bytes=422912 total=317767692800
GGML_VK_HOST_COPY #349300 bytes=1382912 total=317874495488
GGML_VK_HOST_COPY #349400 bytes=2099712 total=317992024576
GGML_VK_HOST_COPY #349500 bytes=1050112 total=318123275264
GGML_VK_HOST_COPY #349600 bytes=922112 total=318256497152
GGML_VK_HOST_COPY #349700 bytes=1843712 total=318367140352
GGML_VK_HOST_COPY #349800 bytes=358912 total=318453514240
GGML_VK_HOST_COPY #349900 bytes=1792512 total=318534922240
GGML_VK_HOST_COPY #350000 bytes=461312 total=318625085440
GGML_VK_HOST_COPY #350100 bytes=1843712 total=318735267840
GGML_VK_HOST_COPY #350200 bytes=1267712 total=318843875840
GGML_VK_HOST_COPY #350300 bytes=845312 total=318955440640
GGML_VK_HOST_COPY #350400 bytes=1382912 total=319061283840
GGML_VK_HOST_COPY #350500 bytes=525312 total=319176663040
GGML_VK_HOST_COPY #350600 bytes=1050112 total=319337303040
GGML_VK_HOST_COPY #350700 bytes=4723712 total=319486397440
GGML_VK_HOST_COPY #350800 bytes=461312 total=319622435840
GGML_SCHED_UPLOAD_STATS layers=48 copies=6054 bytes=5686290432 branch_ms=54.60 id_ms=49.49 wait_ms=858.28
GGML_VK_HOST_COPY #350900 bytes=525312 total=319737886208
GGML_VK_HOST_COPY #351000 bytes=1050112 total=319830301696
GGML_VK_HOST_COPY #351100 bytes=525312 total=319925866496
GGML_VK_HOST_COPY #351200 bytes=922112 total=320010832384
GGML_VK_HOST_COPY #351300 bytes=422912 total=320087395840
GGML_VK_HOST_COPY #351400 bytes=1267712 total=320164746240
GGML_VK_HOST_COPY #351500 bytes=461312 total=320242403840
GGML_VK_HOST_COPY #351600 bytes=1382912 total=320320791040
GGML_VK_HOST_COPY #351700 bytes=525312 total=320413091840
GGML_VK_HOST_COPY #351800 bytes=525312 total=320505507328
GGML_VK_HOST_COPY #351900 bytes=461312 total=320597346816
GGML_VK_HOST_COPY #352000 bytes=525312 total=320683669504
GGML_VK_HOST_COPY #352100 bytes=1574912 total=320772411904
GGML_VK_HOST_COPY #352200 bytes=2624512 total=320856431104
GGML_VK_HOST_COPY #352300 bytes=461312 total=320933141504
GGML_VK_HOST_COPY #352400 bytes=845312 total=321009147904
GGML_VK_HOST_COPY #352500 bytes=1267712 total=321080584704
GGML_VK_HOST_COPY #352600 bytes=1267712 total=321153711104
GGML_VK_HOST_COPY #352700 bytes=922112 total=321229487104
GGML_VK_HOST_COPY #352800 bytes=525312 total=321312315904
GGML_VK_HOST_COPY #352900 bytes=525312 total=321409455104
GGML_VK_HOST_COPY #353000 bytes=1382912 total=321501845504
GGML_VK_HOST_COPY #353100 bytes=2304512 total=321588066304
GGML_VK_HOST_COPY #353200 bytes=1574912 total=321687637504
GGML_VK_HOST_COPY #353300 bytes=1050112 total=321788975104
GGML_VK_HOST_COPY #353400 bytes=461312 total=321879215104
GGML_VK_HOST_COPY #353500 bytes=525312 total=321968226304
GGML_VK_HOST_COPY #353600 bytes=1574912 total=322070088704
GGML_VK_HOST_COPY #353700 bytes=525312 total=322174050304
GGML_VK_HOST_COPY #353800 bytes=461312 total=322267055104
GGML_VK_HOST_COPY #353900 bytes=358912 total=322347131904
GGML_VK_HOST_COPY #354000 bytes=358912 total=322408468992
GGML_VK_HOST_COPY #354100 bytes=717312 total=322470164992
GGML_VK_HOST_COPY #354200 bytes=461312 total=322546503680
GGML_VK_HOST_COPY #354300 bytes=845312 total=322623891968
GGML_VK_HOST_COPY #354400 bytes=422912 total=322702931456
GGML_VK_HOST_COPY #354500 bytes=1267712 total=322782393856
GGML_VK_HOST_COPY #354600 bytes=1382912 total=322865196544
GGML_VK_HOST_COPY #354700 bytes=422912 total=322954988032
GGML_VK_HOST_COPY #354800 bytes=1267712 total=323035295232
GGML_VK_HOST_COPY #354900 bytes=422912 total=323117714432
GGML_VK_HOST_COPY #355000 bytes=922112 total=323202936832
GGML_VK_HOST_COPY #355100 bytes=1267712 total=323297413632
GGML_VK_HOST_COPY #355200 bytes=422912 total=323401797120
GGML_VK_HOST_COPY #355300 bytes=422912 total=323509137920
GGML_VK_HOST_COPY #355400 bytes=3686912 total=323626615808
GGML_VK_HOST_COPY #355500 bytes=2624512 total=323741213696
GGML_VK_HOST_COPY #355600 bytes=525312 total=323869315584
GGML_VK_HOST_COPY #355700 bytes=461312 total=323997609472
GGML_VK_HOST_COPY #355800 bytes=358912 total=324110760960
GGML_VK_HOST_COPY #355900 bytes=358912 total=324199695360
GGML_VK_HOST_COPY #356000 bytes=358912 total=324281461760
GGML_VK_HOST_COPY #356100 bytes=461312 total=324382581760
GGML_VK_HOST_COPY #356200 bytes=422912 total=324497986560
GGML_VK_HOST_COPY #356300 bytes=422912 total=324606171648
GGML_VK_HOST_COPY #356400 bytes=422912 total=324708021248
GGML_VK_HOST_COPY #356500 bytes=461312 total=324815707136
GGML_VK_HOST_COPY #356600 bytes=2099712 total=324937805824
GGML_VK_HOST_COPY #356700 bytes=1050112 total=325093197824
GGML_VK_HOST_COPY #356800 bytes=461312 total=325244711424
GGML_VK_HOST_COPY #356900 bytes=1843712 total=325388071424
GGML_SCHED_UPLOAD_STATS layers=48 copies=6072 bytes=5713664512 branch_ms=54.56 id_ms=49.45 wait_ms=864.17
GGML_VK_HOST_COPY #357000 bytes=1050112 total=325489339392
GGML_VK_HOST_COPY #357100 bytes=1050112 total=325581230080
GGML_VK_HOST_COPY #357200 bytes=461312 total=325670893568
GGML_VK_HOST_COPY #357300 bytes=922112 total=325756653568
GGML_VK_HOST_COPY #357400 bytes=422912 total=325833946624
GGML_VK_HOST_COPY #357500 bytes=1267712 total=325906228224
GGML_VK_HOST_COPY #357600 bytes=922112 total=325985921024
GGML_VK_HOST_COPY #357700 bytes=1574912 total=326071604224
GGML_VK_HOST_COPY #357800 bytes=525312 total=326161921024
GGML_VK_HOST_COPY #357900 bytes=525312 total=326256435712
GGML_VK_HOST_COPY #358000 bytes=461312 total=326340864000
GGML_VK_HOST_COPY #358100 bytes=1050112 total=326428825088
GGML_VK_HOST_COPY #358200 bytes=1050112 total=326515993088
GGML_VK_HOST_COPY #358300 bytes=1050112 total=326604210688
GGML_VK_HOST_COPY #358400 bytes=461312 total=326678834688
GGML_VK_HOST_COPY #358500 bytes=422912 total=326754188288
GGML_VK_HOST_COPY #358600 bytes=422912 total=326829426688
GGML_VK_HOST_COPY #358700 bytes=1382912 total=326902169088
GGML_VK_HOST_COPY #358800 bytes=1382912 total=326981938688
GGML_VK_HOST_COPY #358900 bytes=1574912 total=327074841088
GGML_VK_HOST_COPY #359000 bytes=2624512 total=327160434688
GGML_VK_HOST_COPY #359100 bytes=461312 total=327250482688
GGML_VK_HOST_COPY #359200 bytes=3149312 total=327342591488
GGML_VK_HOST_COPY #359300 bytes=525312 total=327440255488
GGML_VK_HOST_COPY #359400 bytes=2624512 total=327541593088
GGML_VK_HOST_COPY #359500 bytes=922112 total=327630105088
GGML_VK_HOST_COPY #359600 bytes=525312 total=327717426688
GGML_VK_HOST_COPY #359700 bytes=525312 total=327826636288
GGML_VK_HOST_COPY #359800 bytes=461312 total=327935461888
GGML_VK_HOST_COPY #359900 bytes=922112 total=328025829888
GGML_VK_HOST_COPY #360000 bytes=717312 total=328092389888
GGML_VK_HOST_COPY #360100 bytes=358912 total=328153726976
GGML_VK_HOST_COPY #360200 bytes=461312 total=328218238464
GGML_VK_HOST_COPY #360300 bytes=922112 total=328299390464
GGML_VK_HOST_COPY #360400 bytes=845312 total=328371748352
GGML_VK_HOST_COPY #360500 bytes=1267712 total=328446986240
GGML_VK_HOST_COPY #360600 bytes=1843712 total=328525795328
GGML_VK_HOST_COPY #360700 bytes=922112 total=328610172928
GGML_VK_HOST_COPY #360800 bytes=422912 total=328694396416
GGML_VK_HOST_COPY #360900 bytes=845312 total=328783996416
GGML_VK_HOST_COPY #361000 bytes=922112 total=328869986816
GGML_VK_HOST_COPY #361100 bytes=461312 total=328961737216
GGML_VK_HOST_COPY #361200 bytes=422912 total=329069577216
GGML_VK_HOST_COPY #361300 bytes=422912 total=329171426304
GGML_VK_HOST_COPY #361400 bytes=2304512 total=329276769792
GGML_VK_HOST_COPY #361500 bytes=525312 total=329386913280
GGML_VK_HOST_COPY #361600 bytes=525312 total=329518163968
GGML_VK_HOST_COPY #361700 bytes=2624512 total=329637869568
GGML_VK_HOST_COPY #361800 bytes=1382912 total=329748857856
GGML_VK_HOST_COPY #361900 bytes=358912 total=329851103744
GGML_VK_HOST_COPY #362000 bytes=358912 total=329942546944
GGML_VK_HOST_COPY #362100 bytes=358912 total=330030406144
GGML_VK_HOST_COPY #362200 bytes=922112 total=330144274944
GGML_VK_HOST_COPY #362300 bytes=422912 total=330253996544
GGML_VK_HOST_COPY #362400 bytes=2112512 total=330357535232
GGML_VK_HOST_COPY #362500 bytes=922112 total=330468369920
GGML_VK_HOST_COPY #362600 bytes=525312 total=330575185408
GGML_VK_HOST_COPY #362700 bytes=525312 total=330715883008
GGML_VK_HOST_COPY #362800 bytes=525312 total=330860254208
GGML_VK_HOST_COPY #362900 bytes=461312 total=330997419008
GGML_SCHED_UPLOAD_STATS layers=48 copies=6063 bytes=5699349504 branch_ms=54.23 id_ms=49.17 wait_ms=868.99
GGML_VK_HOST_COPY #363000 bytes=1050112 total=331133541376
GGML_VK_HOST_COPY #363100 bytes=525312 total=331229106176
GGML_VK_HOST_COPY #363200 bytes=2099712 total=331323620864
GGML_VK_HOST_COPY #363300 bytes=461312 total=331406423552
GGML_VK_HOST_COPY #363400 bytes=845312 total=331490283008
GGML_VK_HOST_COPY #363500 bytes=422912 total=331564676608
GGML_VK_HOST_COPY #363600 bytes=422912 total=331641604608
GGML_VK_HOST_COPY #363700 bytes=461312 total=331719607808
GGML_VK_HOST_COPY #363800 bytes=1050112 total=331806711808
GGML_VK_HOST_COPY #363900 bytes=525312 total=331903850496
GGML_VK_HOST_COPY #364000 bytes=1050112 total=331993642496
GGML_VK_HOST_COPY #364100 bytes=461312 total=332080080384
GGML_VK_HOST_COPY #364200 bytes=525312 total=332165507072
GGML_VK_HOST_COPY #364300 bytes=525312 total=332246902272
GGML_VK_HOST_COPY #364400 bytes=525312 total=332331446272
GGML_VK_HOST_COPY #364500 bytes=922112 total=332405942272
GGML_VK_HOST_COPY #364600 bytes=845312 total=332474115072
GGML_VK_HOST_COPY #364700 bytes=845312 total=332550620672
GGML_VK_HOST_COPY #364800 bytes=922112 total=332629891072
GGML_VK_HOST_COPY #364900 bytes=1574912 total=332707638272
GGML_VK_HOST_COPY #365000 bytes=525312 total=332806351872
GGML_VK_HOST_COPY #365100 bytes=525312 total=332898767872
GGML_VK_HOST_COPY #365200 bytes=3686912 total=332982940672
GGML_VK_HOST_COPY #365300 bytes=1574912 total=333081385472
GGML_VK_HOST_COPY #365400 bytes=525312 total=333175900672
GGML_VK_HOST_COPY #365500 bytes=922112 total=333274243072
GGML_VK_HOST_COPY #365600 bytes=461312 total=333360924672
GGML_VK_HOST_COPY #365700 bytes=525312 total=333453199872
GGML_VK_HOST_COPY #365800 bytes=525312 total=333552438272
GGML_VK_HOST_COPY #365900 bytes=1382912 total=333657731072
GGML_VK_HOST_COPY #366000 bytes=717312 total=333749020672
GGML_VK_HOST_COPY #366100 bytes=717312 total=333812867072
GGML_VK_HOST_COPY #366200 bytes=358912 total=333877071360
GGML_VK_HOST_COPY #366300 bytes=461312 total=333948699648
GGML_VK_HOST_COPY #366400 bytes=1267712 total=334029966336
GGML_VK_HOST_COPY #366500 bytes=845312 total=334115342336
GGML_VK_HOST_COPY #366600 bytes=2112512 total=334190580224
GGML_VK_HOST_COPY #366700 bytes=461312 total=334275226112
GGML_VK_HOST_COPY #366800 bytes=1690112 total=334372044800
GGML_VK_HOST_COPY #366900 bytes=845312 total=334450240000
GGML_VK_HOST_COPY #367000 bytes=422912 total=334529702400
GGML_VK_HOST_COPY #367100 bytes=1843712 total=334618956800
GGML_VK_HOST_COPY #367200 bytes=845312 total=334713625600
GGML_VK_HOST_COPY #367300 bytes=422912 total=334818853888
GGML_VK_HOST_COPY #367400 bytes=422912 total=334923660288
GGML_VK_HOST_COPY #367500 bytes=922112 total=335040485376
GGML_VK_HOST_COPY #367600 bytes=1050112 total=335152510464
GGML_VK_HOST_COPY #367700 bytes=1574912 total=335294257152
GGML_VK_HOST_COPY #367800 bytes=2765312 total=335424765440
GGML_VK_HOST_COPY #367900 bytes=717312 total=335542832128
GGML_VK_HOST_COPY #368000 bytes=1075712 total=335627824128
GGML_VK_HOST_COPY #368100 bytes=717312 total=335707440128
GGML_VK_HOST_COPY #368200 bytes=922112 total=335798064128
GGML_VK_HOST_COPY #368300 bytes=1267712 total=335914774528
GGML_VK_HOST_COPY #368400 bytes=844800 total=336015356416
GGML_VK_HOST_COPY #368500 bytes=2112512 total=336126921216
GGML_VK_HOST_COPY #368600 bytes=461312 total=336232648704
GGML_VK_HOST_COPY #368700 bytes=2099712 total=336364155392
GGML_VK_HOST_COPY #368800 bytes=1050112 total=336517448192
GGML_VK_HOST_COPY #368900 bytes=922112 total=336668308992
GGML_VK_HOST_COPY #369000 bytes=2304512 total=336801531392
GGML_SCHED_UPLOAD_STATS layers=48 copies=6039 bytes=5701436416 branch_ms=54.59 id_ms=49.54 wait_ms=869.83
2.56.170.424 I slot print_timing: id  0 | task 8 | prompt processing, n_tokens =  24576, progress = 0.19, t =  92.28 s / 266.31 tokens per second
GGML_VK_HOST_COPY #369100 bytes=1050112 total=336901647360
GGML_VK_HOST_COPY #369200 bytes=1574912 total=336995112448
GGML_VK_HOST_COPY #369300 bytes=461312 total=337082382336
GGML_VK_HOST_COPY #369400 bytes=461312 total=337170907136
GGML_VK_HOST_COPY #369500 bytes=1267712 total=337246587392
GGML_VK_HOST_COPY #369600 bytes=422912 total=337319291392
GGML_VK_HOST_COPY #369700 bytes=461312 total=337399713792
GGML_VK_HOST_COPY #369800 bytes=461312 total=337479483392
GGML_VK_HOST_COPY #369900 bytes=1050112 total=337575342592
GGML_VK_HOST_COPY #370000 bytes=1050112 total=337668282880
GGML_VK_HOST_COPY #370100 bytes=1382912 total=337756499968
GGML_VK_HOST_COPY #370200 bytes=525312 total=337840672256
GGML_VK_HOST_COPY #370300 bytes=525312 total=337925216256
GGML_VK_HOST_COPY #370400 bytes=1050112 total=338012384256
GGML_VK_HOST_COPY #370500 bytes=461312 total=338090118656
GGML_VK_HOST_COPY #370600 bytes=845312 total=338160557056
GGML_VK_HOST_COPY #370700 bytes=422912 total=338232838656
GGML_VK_HOST_COPY #370800 bytes=422912 total=338303430656
GGML_VK_HOST_COPY #370900 bytes=922112 total=338382009856
GGML_VK_HOST_COPY #371000 bytes=1050112 total=338462969856
GGML_VK_HOST_COPY #371100 bytes=525312 total=338558009856
GGML_VK_HOST_COPY #371200 bytes=461312 total=338650425856
GGML_VK_HOST_COPY #371300 bytes=525312 total=338737606656
GGML_VK_HOST_COPY #371400 bytes=525312 total=338836845056
GGML_VK_HOST_COPY #371500 bytes=525312 total=338933984256
GGML_VK_HOST_COPY #371600 bytes=461312 total=339028077056
GGML_VK_HOST_COPY #371700 bytes=525312 total=339113030656
GGML_VK_HOST_COPY #371800 bytes=525312 total=339222765056
GGML_VK_HOST_COPY #371900 bytes=525312 total=339326201856
GGML_VK_HOST_COPY #372000 bytes=922112 total=339421753856
GGML_VK_HOST_COPY #372100 bytes=1075712 total=339497529856
GGML_VK_HOST_COPY #372200 bytes=358912 total=339561017344
GGML_VK_HOST_COPY #372300 bytes=922112 total=339626143232
GGML_VK_HOST_COPY #372400 bytes=922112 total=339705452032
GGML_VK_HOST_COPY #372500 bytes=2112512 total=339785144320
GGML_VK_HOST_COPY #372600 bytes=422912 total=339865873408
GGML_VK_HOST_COPY #372700 bytes=461312 total=339943837696
GGML_VK_HOST_COPY #372800 bytes=461312 total=340032362496
GGML_VK_HOST_COPY #372900 bytes=422912 total=340110557184
GGML_VK_HOST_COPY #373000 bytes=422912 total=340191286784
GGML_VK_HOST_COPY #373100 bytes=922112 total=340270902784
GGML_VK_HOST_COPY #373200 bytes=922112 total=340354358784
GGML_VK_HOST_COPY #373300 bytes=2534912 total=340454710784
GGML_VK_HOST_COPY #373400 bytes=422912 total=340552758272
GGML_VK_HOST_COPY #373500 bytes=922112 total=340662940160
GGML_VK_HOST_COPY #373600 bytes=525312 total=340773762048
GGML_VK_HOST_COPY #373700 bytes=1574912 total=340910786048
GGML_VK_HOST_COPY #373800 bytes=2099712 total=341030491136
GGML_VK_HOST_COPY #373900 bytes=461312 total=341154714624
GGML_VK_HOST_COPY #374000 bytes=1075712 total=341257882112
GGML_VK_HOST_COPY #374100 bytes=717312 total=341348966400
GGML_VK_HOST_COPY #374200 bytes=1075712 total=341437900800
GGML_VK_HOST_COPY #374300 bytes=4608512 total=341543577088
GGML_VK_HOST_COPY #374400 bytes=422912 total=341661438976
GGML_VK_HOST_COPY #374500 bytes=1267712 total=341765400064
GGML_VK_HOST_COPY #374600 bytes=461312 total=341877885952
GGML_VK_HOST_COPY #374700 bytes=922112 total=341988989952
GGML_VK_HOST_COPY #374800 bytes=1574912 total=342130954240
GGML_VK_HOST_COPY #374900 bytes=2624512 total=342275325440
GGML_VK_HOST_COPY #375000 bytes=1843712 total=342412567040
GGML_SCHED_UPLOAD_STATS layers=48 copies=6048 bytes=5684901888 branch_ms=53.78 id_ms=48.89 wait_ms=877.72
GGML_VK_HOST_COPY #375100 bytes=1050112 total=342548727808
GGML_VK_HOST_COPY #375200 bytes=1050112 total=342643242496
GGML_VK_HOST_COPY #375300 bytes=2624512 total=342739856896
GGML_VK_HOST_COPY #375400 bytes=461312 total=342821110784
GGML_VK_HOST_COPY #375500 bytes=422912 total=342904355840
GGML_VK_HOST_COPY #375600 bytes=845312 total=342981283840
GGML_VK_HOST_COPY #375700 bytes=422912 total=343053565440
GGML_VK_HOST_COPY #375800 bytes=1382912 total=343135216640
GGML_VK_HOST_COPY #375900 bytes=525312 total=343219799040
GGML_VK_HOST_COPY #376000 bytes=525312 total=343317987328
GGML_VK_HOST_COPY #376100 bytes=525312 total=343413552128
GGML_VK_HOST_COPY #376200 bytes=922112 total=343494306816
GGML_VK_HOST_COPY #376300 bytes=1050112 total=343582792704
GGML_VK_HOST_COPY #376400 bytes=525312 total=343662613504
GGML_VK_HOST_COPY #376500 bytes=461312 total=343746978304
GGML_VK_HOST_COPY #376600 bytes=461312 total=343823061504
GGML_VK_HOST_COPY #376700 bytes=1267712 total=343891810304
GGML_VK_HOST_COPY #376800 bytes=422912 total=343966203904
GGML_VK_HOST_COPY #376900 bytes=922112 total=344046088704
GGML_VK_HOST_COPY #377000 bytes=525312 total=344125909504
GGML_VK_HOST_COPY #377100 bytes=525312 total=344221999104
GGML_VK_HOST_COPY #377200 bytes=525312 total=344315989504
GGML_VK_HOST_COPY #377300 bytes=461312 total=344400187904
GGML_VK_HOST_COPY #377400 bytes=2624512 total=344496443904
GGML_VK_HOST_COPY #377500 bytes=525312 total=344587810304
GGML_VK_HOST_COPY #377600 bytes=922112 total=344684578304
GGML_VK_HOST_COPY #377700 bytes=461312 total=344771720704
GGML_VK_HOST_COPY #377800 bytes=525312 total=344856712704
GGML_VK_HOST_COPY #377900 bytes=525312 total=344960149504
GGML_VK_HOST_COPY #378000 bytes=461312 total=345063330304
GGML_VK_HOST_COPY #378100 bytes=358912 total=345155336704
GGML_VK_HOST_COPY #378200 bytes=358912 total=345216315904
GGML_VK_HOST_COPY #378300 bytes=358912 total=345281953792
GGML_VK_HOST_COPY #378400 bytes=461312 total=345355271680
GGML_VK_HOST_COPY #378500 bytes=422912 total=345439456768
GGML_VK_HOST_COPY #378600 bytes=422912 total=345519763968
GGML_VK_HOST_COPY #378700 bytes=845312 total=345603027456
GGML_VK_HOST_COPY #378800 bytes=1382912 total=345690169344
GGML_VK_HOST_COPY #378900 bytes=1690112 total=345785106432
GGML_VK_HOST_COPY #379000 bytes=1267712 total=345864568832
GGML_VK_HOST_COPY #379100 bytes=422912 total=345942764032
GGML_VK_HOST_COPY #379200 bytes=1382912 total=346030674432
GGML_VK_HOST_COPY #379300 bytes=422912 total=346115512832
GGML_VK_HOST_COPY #379400 bytes=422912 total=346220741632
GGML_VK_HOST_COPY #379500 bytes=422912 total=346323435520
GGML_VK_HOST_COPY #379600 bytes=922112 total=346434923008
GGML_VK_HOST_COPY #379700 bytes=525312 total=346542160896
GGML_VK_HOST_COPY #379800 bytes=525312 total=346671312384
GGML_VK_HOST_COPY #379900 bytes=1574912 total=346799414784
GGML_VK_HOST_COPY #380000 bytes=922112 total=346902735872
GGML_VK_HOST_COPY #380100 bytes=358912 total=346999452160
GGML_VK_HOST_COPY #380200 bytes=717312 total=347081218560
GGML_VK_HOST_COPY #380300 bytes=1382912 total=347166415360
GGML_VK_HOST_COPY #380400 bytes=2304512 total=347277519360
GGML_VK_HOST_COPY #380500 bytes=422912 total=347383285760
GGML_VK_HOST_COPY #380600 bytes=422912 total=347485979648
GGML_VK_HOST_COPY #380700 bytes=1843712 total=347597083136
GGML_VK_HOST_COPY #380800 bytes=922112 total=347704500736
GGML_VK_HOST_COPY #380900 bytes=1050112 total=347847169024
GGML_VK_HOST_COPY #381000 bytes=2624512 total=348012532224
GGML_VK_HOST_COPY #381100 bytes=922112 total=348153857024
GGML_SCHED_UPLOAD_STATS layers=48 copies=6087 bytes=5710523392 branch_ms=54.61 id_ms=49.44 wait_ms=880.15
GGML_VK_HOST_COPY #381200 bytes=525312 total=348281812992
GGML_VK_HOST_COPY #381300 bytes=1050112 total=348371604480
GGML_VK_HOST_COPY #381400 bytes=1574912 total=348472417280
GGML_VK_HOST_COPY #381500 bytes=461312 total=348550880768
GGML_VK_HOST_COPY #381600 bytes=422912 total=348632129024
GGML_VK_HOST_COPY #381700 bytes=422912 total=348709479424
GGML_VK_HOST_COPY #381800 bytes=845312 total=348783450624
GGML_VK_HOST_COPY #381900 bytes=922112 total=348868289024
GGML_VK_HOST_COPY #382000 bytes=525312 total=348950004224
GGML_VK_HOST_COPY #382100 bytes=2624512 total=349044518912
GGML_VK_HOST_COPY #382200 bytes=922112 total=349138342400
GGML_VK_HOST_COPY #382300 bytes=461312 total=349215808000
GGML_VK_HOST_COPY #382400 bytes=525312 total=349304857088
GGML_VK_HOST_COPY #382500 bytes=1050112 total=349387301888
GGML_VK_HOST_COPY #382600 bytes=1382912 total=349464409088
GGML_VK_HOST_COPY #382700 bytes=461312 total=349538649088
GGML_VK_HOST_COPY #382800 bytes=3379712 total=349609394688
GGML_VK_HOST_COPY #382900 bytes=845312 total=349682098688
GGML_VK_HOST_COPY #383000 bytes=461312 total=349762981888
GGML_VK_HOST_COPY #383100 bytes=525312 total=349846322688
GGML_VK_HOST_COPY #383200 bytes=2624512 total=349942937088
GGML_VK_HOST_COPY #383300 bytes=525312 total=350037452288
GGML_VK_HOST_COPY #383400 bytes=461312 total=350118207488
GGML_VK_HOST_COPY #383500 bytes=525312 total=350213311488
GGML_VK_HOST_COPY #383600 bytes=1050112 total=350310975488
GGML_VK_HOST_COPY #383700 bytes=461312 total=350400498688
GGML_VK_HOST_COPY #383800 bytes=461312 total=350488101888
GGML_VK_HOST_COPY #383900 bytes=525312 total=350581580288
GGML_VK_HOST_COPY #384000 bytes=1050112 total=350677669888
GGML_VK_HOST_COPY #384100 bytes=922112 total=350775103488
GGML_VK_HOST_COPY #384200 bytes=358912 total=350861529088
GGML_VK_HOST_COPY #384300 bytes=358912 total=350924300288
GGML_VK_HOST_COPY #384400 bytes=358912 total=350988862976
GGML_VK_HOST_COPY #384500 bytes=461312 total=351061156864
GGML_VK_HOST_COPY #384600 bytes=422912 total=351142193152
GGML_VK_HOST_COPY #384700 bytes=1690112 total=351227146752
GGML_VK_HOST_COPY #384800 bytes=2112512 total=351300695040
GGML_VK_HOST_COPY #384900 bytes=922112 total=351384073728
GGML_VK_HOST_COPY #385000 bytes=1690112 total=351474518016
GGML_VK_HOST_COPY #385100 bytes=845312 total=351558626816
GGML_VK_HOST_COPY #385200 bytes=845312 total=351633442816
GGML_VK_HOST_COPY #385300 bytes=1382912 total=351724962816
GGML_VK_HOST_COPY #385400 bytes=1267712 total=351815522816
GGML_VK_HOST_COPY #385500 bytes=845312 total=351924130816
GGML_VK_HOST_COPY #385600 bytes=422912 total=352026824704
GGML_VK_HOST_COPY #385700 bytes=461312 total=352136968192
GGML_VK_HOST_COPY #385800 bytes=1574912 total=352250106880
GGML_VK_HOST_COPY #385900 bytes=525312 total=352377683968
GGML_VK_HOST_COPY #386000 bytes=922112 total=352510086656
GGML_VK_HOST_COPY #386100 bytes=1382912 total=352624416256
GGML_VK_HOST_COPY #386200 bytes=358912 total=352705567744
GGML_VK_HOST_COPY #386300 bytes=1075712 total=352789484032
GGML_VK_HOST_COPY #386400 bytes=461312 total=352878366720
GGML_VK_HOST_COPY #386500 bytes=921600 total=352990391808
GGML_VK_HOST_COPY #386600 bytes=845312 total=353105758208
GGML_VK_HOST_COPY #386700 bytes=422912 total=353206340608
GGML_VK_HOST_COPY #386800 bytes=2304512 total=353322398208
GGML_VK_HOST_COPY #386900 bytes=525312 total=353439147008
GGML_VK_HOST_COPY #387000 bytes=525312 total=353586142208
GGML_VK_HOST_COPY #387100 bytes=1574912 total=353743108608
GGML_VK_HOST_COPY #387200 bytes=461312 total=353865809408
GGML_SCHED_UPLOAD_STATS layers=48 copies=6084 bytes=5680723456 branch_ms=53.67 id_ms=48.57 wait_ms=881.70
GGML_VK_HOST_COPY #387300 bytes=1050112 total=353985624576
GGML_VK_HOST_COPY #387400 bytes=525312 total=354077515264
GGML_VK_HOST_COPY #387500 bytes=525312 total=354174654464
GGML_VK_HOST_COPY #387600 bytes=1382912 total=354254077952
GGML_VK_HOST_COPY #387700 bytes=845312 total=354332215808
GGML_VK_HOST_COPY #387800 bytes=1267712 total=354412100608
GGML_VK_HOST_COPY #387900 bytes=2112512 total=354488606208
GGML_VK_HOST_COPY #388000 bytes=461312 total=354567799808
GGML_VK_HOST_COPY #388100 bytes=1050112 total=354659588608
GGML_VK_HOST_COPY #388200 bytes=1574912 total=354752528896
GGML_VK_HOST_COPY #388300 bytes=461312 total=354844227584
GGML_VK_HOST_COPY #388400 bytes=525312 total=354928655872
GGML_VK_HOST_COPY #388500 bytes=525312 total=355016348672
GGML_VK_HOST_COPY #388600 bytes=525312 total=355096694272
GGML_VK_HOST_COPY #388700 bytes=922112 total=355174108672
GGML_VK_HOST_COPY #388800 bytes=461312 total=355247887872
GGML_VK_HOST_COPY #388900 bytes=422912 total=355320169472
GGML_VK_HOST_COPY #389000 bytes=845312 total=355394985472
GGML_VK_HOST_COPY #389100 bytes=922112 total=355471299072
GGML_VK_HOST_COPY #389200 bytes=525312 total=355555651072
GGML_VK_HOST_COPY #389300 bytes=1050112 total=355652790272
GGML_VK_HOST_COPY #389400 bytes=461312 total=355746422272
GGML_VK_HOST_COPY #389500 bytes=922112 total=355834486272
GGML_VK_HOST_COPY #389600 bytes=2099712 total=355932547072
GGML_VK_HOST_COPY #389700 bytes=1050112 total=356029686272
GGML_VK_HOST_COPY #389800 bytes=1843712 total=356120259072
GGML_VK_HOST_COPY #389900 bytes=525312 total=356205647872
GGML_VK_HOST_COPY #390000 bytes=525312 total=356307510272
GGML_VK_HOST_COPY #390100 bytes=1050112 total=356408323072
GGML_VK_HOST_COPY #390200 bytes=1843712 total=356506102272
GGML_VK_HOST_COPY #390300 bytes=717312 total=356588790272
GGML_VK_HOST_COPY #390400 bytes=358912 total=356650844160
GGML_VK_HOST_COPY #390500 bytes=717312 total=356709314560
GGML_VK_HOST_COPY #390600 bytes=461312 total=356784424448
GGML_VK_HOST_COPY #390700 bytes=1690112 total=356863003136
GGML_VK_HOST_COPY #390800 bytes=422912 total=356944999424
GGML_VK_HOST_COPY #390900 bytes=1267712 total=357022772224
GGML_VK_HOST_COPY #391000 bytes=922112 total=357105574912
GGML_VK_HOST_COPY #391100 bytes=422912 total=357199513600
GGML_VK_HOST_COPY #391200 bytes=422912 total=357282355200
GGML_VK_HOST_COPY #391300 bytes=845312 total=357363507200
GGML_VK_HOST_COPY #391400 bytes=461312 total=357453222400
GGML_VK_HOST_COPY #391500 bytes=1690112 total=357551577600
GGML_VK_HOST_COPY #391600 bytes=845312 total=357653849088
GGML_VK_HOST_COPY #391700 bytes=422912 total=357759500288
GGML_VK_HOST_COPY #391800 bytes=1382912 total=357869298176
GGML_VK_HOST_COPY #391900 bytes=1574912 total=357982027264
GGML_VK_HOST_COPY #392000 bytes=1050112 total=358115377152
GGML_VK_HOST_COPY #392100 bytes=2765312 total=358240880640
GGML_VK_HOST_COPY #392200 bytes=2509312 total=358358896128
GGML_VK_HOST_COPY #392300 bytes=1434112 total=358451414528
GGML_VK_HOST_COPY #392400 bytes=358912 total=358534256128
GGML_VK_HOST_COPY #392500 bytes=2765312 total=358640854528
GGML_VK_HOST_COPY #392600 bytes=845312 total=358754723328
GGML_VK_HOST_COPY #392700 bytes=1690112 total=358863753216
GGML_VK_HOST_COPY #392800 bytes=422912 total=358961801216
GGML_VK_HOST_COPY #392900 bytes=461312 total=359067144704
GGML_VK_HOST_COPY #393000 bytes=1050112 total=359183636992
GGML_VK_HOST_COPY #393100 bytes=2624512 total=359336404992
GGML_VK_HOST_COPY #393200 bytes=1843712 total=359482657792
GGML_VK_HOST_COPY #393300 bytes=922112 total=359616801792
GGML_SCHED_UPLOAD_STATS layers=48 copies=6069 bytes=5693029376 branch_ms=54.59 id_ms=49.40 wait_ms=886.98
3.06.015.487 I slot print_timing: id  0 | task 8 | prompt processing, n_tokens =  26624, progress = 0.21, t = 102.13 s / 260.69 tokens per second
GGML_VK_HOST_COPY #393400 bytes=525312 total=359719068160
GGML_VK_HOST_COPY #393500 bytes=525312 total=359808334848
GGML_VK_HOST_COPY #393600 bytes=461312 total=359895809536
GGML_VK_HOST_COPY #393700 bytes=461312 total=359984795136
GGML_VK_HOST_COPY #393800 bytes=2957312 total=360062779392
GGML_VK_HOST_COPY #393900 bytes=2112512 total=360134638592
GGML_VK_HOST_COPY #394000 bytes=1382912 total=360214523392
GGML_VK_HOST_COPY #394100 bytes=922112 total=360296136192
GGML_VK_HOST_COPY #394200 bytes=525312 total=360388040192
GGML_VK_HOST_COPY #394300 bytes=525312 total=360478356480
GGML_VK_HOST_COPY #394400 bytes=461312 total=360564013568
GGML_VK_HOST_COPY #394500 bytes=2099712 total=360650413056
GGML_VK_HOST_COPY #394600 bytes=2624512 total=360732857856
GGML_VK_HOST_COPY #394700 bytes=525312 total=360817401856
GGML_VK_HOST_COPY #394800 bytes=461312 total=360893638656
GGML_VK_HOST_COPY #394900 bytes=422912 total=360964845056
GGML_VK_HOST_COPY #395000 bytes=422912 total=361035859456
GGML_VK_HOST_COPY #395100 bytes=422912 total=361107296256
GGML_VK_HOST_COPY #395200 bytes=461312 total=361185069056
GGML_VK_HOST_COPY #395300 bytes=525312 total=361271520256
GGML_VK_HOST_COPY #395400 bytes=525312 total=361363936256
GGML_VK_HOST_COPY #395500 bytes=922112 total=361455584256
GGML_VK_HOST_COPY #395600 bytes=1050112 total=361541830656
GGML_VK_HOST_COPY #395700 bytes=525312 total=361644217856
GGML_VK_HOST_COPY #395800 bytes=525312 total=361741881856
GGML_VK_HOST_COPY #395900 bytes=1382912 total=361834157056
GGML_VK_HOST_COPY #396000 bytes=1050112 total=361918829056
GGML_VK_HOST_COPY #396100 bytes=1574912 total=362023840256
GGML_VK_HOST_COPY #396200 bytes=1050112 total=362122029056
GGML_VK_HOST_COPY #396300 bytes=1843712 total=362214752256
GGML_VK_HOST_COPY #396400 bytes=358912 total=362287661056
GGML_VK_HOST_COPY #396500 bytes=358912 total=362351148544
GGML_VK_HOST_COPY #396600 bytes=358912 total=362412844544
GGML_VK_HOST_COPY #396700 bytes=922112 total=362486674432
GGML_VK_HOST_COPY #396800 bytes=422912 total=362565560320
GGML_VK_HOST_COPY #396900 bytes=422912 total=362644599808
GGML_VK_HOST_COPY #397000 bytes=845312 total=362723217408
GGML_VK_HOST_COPY #397100 bytes=922112 total=362805213696
GGML_VK_HOST_COPY #397200 bytes=422912 total=362893353984
GGML_VK_HOST_COPY #397300 bytes=1690112 total=362980841984
GGML_VK_HOST_COPY #397400 bytes=422912 total=363065795584
GGML_VK_HOST_COPY #397500 bytes=922112 total=363155241984
GGML_VK_HOST_COPY #397600 bytes=422912 total=363263734784
GGML_VK_HOST_COPY #397700 bytes=3379712 total=363361359872
GGML_VK_HOST_COPY #397800 bytes=1382912 total=363467048960
GGML_VK_HOST_COPY #397900 bytes=525312 total=363580187648
GGML_VK_HOST_COPY #398000 bytes=1574912 total=363699893248
GGML_VK_HOST_COPY #398100 bytes=1574912 total=363823271936
GGML_VK_HOST_COPY #398200 bytes=461312 total=363943361024
GGML_VK_HOST_COPY #398300 bytes=1075712 total=364052774912
GGML_VK_HOST_COPY #398400 bytes=1075712 total=364143142912
GGML_VK_HOST_COPY #398500 bytes=1792512 total=364232077312
GGML_VK_HOST_COPY #398600 bytes=461312 total=364337754112
GGML_VK_HOST_COPY #398700 bytes=422912 total=364459187712
GGML_VK_HOST_COPY #398800 bytes=422912 total=364558502912
GGML_VK_HOST_COPY #398900 bytes=461312 total=364672678912
GGML_VK_HOST_COPY #399000 bytes=461312 total=364779174912
GGML_VK_HOST_COPY #399100 bytes=2624512 total=364915379712
GGML_VK_HOST_COPY #399200 bytes=2624512 total=365062374912
GGML_VK_HOST_COPY #399300 bytes=1382912 total=365206746112
GGML_SCHED_UPLOAD_STATS layers=48 copies=6066 bytes=5676722176 branch_ms=54.62 id_ms=49.44 wait_ms=892.02
GGML_VK_HOST_COPY #399400 bytes=525312 total=365339591680
GGML_VK_HOST_COPY #399500 bytes=525312 total=365436206080
GGML_VK_HOST_COPY #399600 bytes=525312 total=365524423168
GGML_VK_HOST_COPY #399700 bytes=461312 total=365611936256
GGML_VK_HOST_COPY #399800 bytes=1690112 total=365695642112
GGML_VK_HOST_COPY #399900 bytes=1267712 total=365769190912
GGML_VK_HOST_COPY #400000 bytes=422912 total=365847386112
GGML_VK_HOST_COPY #400100 bytes=461312 total=365922355712
GGML_VK_HOST_COPY #400200 bytes=525312 total=366008627712
GGML_VK_HOST_COPY #400300 bytes=525312 total=366104192000
GGML_VK_HOST_COPY #400400 bytes=525312 total=366192934400
GGML_VK_HOST_COPY #400500 bytes=461312 total=366277042688
GGML_VK_HOST_COPY #400600 bytes=1050112 total=366364402176
GGML_VK_HOST_COPY #400700 bytes=525312 total=366442123776
GGML_VK_HOST_COPY #400800 bytes=525312 total=366525093376
GGML_VK_HOST_COPY #400900 bytes=461312 total=366601931776
GGML_VK_HOST_COPY #401000 bytes=422912 total=366668299776
GGML_VK_HOST_COPY #401100 bytes=845312 total=366744382976
GGML_VK_HOST_COPY #401200 bytes=922112 total=366815282176
GGML_VK_HOST_COPY #401300 bytes=525312 total=366894194176
GGML_VK_HOST_COPY #401400 bytes=525312 total=366985560576
GGML_VK_HOST_COPY #401500 bytes=1050112 total=367072728576
GGML_VK_HOST_COPY #401600 bytes=461312 total=367158526976
GGML_VK_HOST_COPY #401700 bytes=525312 total=367250162176
GGML_VK_HOST_COPY #401800 bytes=525312 total=367347826176
GGML_VK_HOST_COPY #401900 bytes=525312 total=367447064576
GGML_VK_HOST_COPY #402000 bytes=922112 total=367532440576
GGML_VK_HOST_COPY #402100 bytes=1050112 total=367619019776
GGML_VK_HOST_COPY #402200 bytes=525312 total=367721406976
GGML_VK_HOST_COPY #402300 bytes=461312 total=367827608576
GGML_VK_HOST_COPY #402400 bytes=461312 total=367914290176
GGML_VK_HOST_COPY #402500 bytes=1792512 total=367983410176
GGML_VK_HOST_COPY #402600 bytes=717312 total=368045464064
GGML_VK_HOST_COPY #402700 bytes=922112 total=368116068352
GGML_VK_HOST_COPY #402800 bytes=1690112 total=368195069440
GGML_VK_HOST_COPY #402900 bytes=845312 total=368269885440
GGML_VK_HOST_COPY #403000 bytes=422912 total=368345123328
GGML_VK_HOST_COPY #403100 bytes=461312 total=368430153216
GGML_VK_HOST_COPY #403200 bytes=422912 total=368515375104
GGML_VK_HOST_COPY #403300 bytes=422912 total=368597794304
GGML_VK_HOST_COPY #403400 bytes=422912 total=368678523904
GGML_VK_HOST_COPY #403500 bytes=922112 total=368766357504
GGML_VK_HOST_COPY #403600 bytes=1267712 total=368858491904
GGML_VK_HOST_COPY #403700 bytes=1690112 total=368962030592
GGML_VK_HOST_COPY #403800 bytes=422912 total=369067681792
GGML_VK_HOST_COPY #403900 bytes=461312 total=369175060480
GGML_VK_HOST_COPY #404000 bytes=525312 total=369278381568
GGML_VK_HOST_COPY #404100 bytes=525312 total=369406483456
GGML_VK_HOST_COPY #404200 bytes=461312 total=369531334144
GGML_VK_HOST_COPY #404300 bytes=2304512 total=369644742144
GGML_VK_HOST_COPY #404400 bytes=358912 total=369732498432
GGML_VK_HOST_COPY #404500 bytes=717312 total=369819640832
GGML_VK_HOST_COPY #404600 bytes=922112 total=369914156032
GGML_VK_HOST_COPY #404700 bytes=2112512 total=370033631232
GGML_VK_HOST_COPY #404800 bytes=845312 total=370122808832
GGML_VK_HOST_COPY #404900 bytes=845312 total=370216210432
GGML_VK_HOST_COPY #405000 bytes=922112 total=370315871232
GGML_VK_HOST_COPY #405100 bytes=2099712 total=370420792832
GGML_VK_HOST_COPY #405200 bytes=525312 total=370589829632
GGML_VK_HOST_COPY #405300 bytes=1574912 total=370755717632
GGML_VK_HOST_COPY #405400 bytes=922112 total=370895404032
GGML_SCHED_UPLOAD_STATS layers=48 copies=6048 bytes=5613173760 branch_ms=54.63 id_ms=49.40 wait_ms=892.65
GGML_VK_HOST_COPY #405500 bytes=525312 total=371008934400
GGML_VK_HOST_COPY #405600 bytes=1050112 total=371100825088
GGML_VK_HOST_COPY #405700 bytes=524800 total=371193765376
GGML_VK_HOST_COPY #405800 bytes=922112 total=371277221376
GGML_VK_HOST_COPY #405900 bytes=1690112 total=371355052032
GGML_VK_HOST_COPY #406000 bytes=422912 total=371431557632
GGML_VK_HOST_COPY #406100 bytes=922112 total=371509330432
GGML_VK_HOST_COPY #406200 bytes=461312 total=371588178432
GGML_VK_HOST_COPY #406300 bytes=1050112 total=371679749632
GGML_VK_HOST_COPY #406400 bytes=525312 total=371768491520
GGML_VK_HOST_COPY #406500 bytes=461312 total=371858359808
GGML_VK_HOST_COPY #406600 bytes=525312 total=371944221696
GGML_VK_HOST_COPY #406700 bytes=525312 total=372031389696
GGML_VK_HOST_COPY #406800 bytes=1574912 total=372116458496
GGML_VK_HOST_COPY #406900 bytes=922112 total=372189956096
GGML_VK_HOST_COPY #407000 bytes=422912 total=372263236096
GGML_VK_HOST_COPY #407100 bytes=422912 total=372332983296
GGML_VK_HOST_COPY #407200 bytes=422912 total=372403997696
GGML_VK_HOST_COPY #407300 bytes=1382912 total=372479082496
GGML_VK_HOST_COPY #407400 bytes=525312 total=372561591296
GGML_VK_HOST_COPY #407500 bytes=525312 total=372656106496
GGML_VK_HOST_COPY #407600 bytes=461312 total=372747959296
GGML_VK_HOST_COPY #407700 bytes=1382912 total=372828650496
GGML_VK_HOST_COPY #407800 bytes=1050112 total=372928644096
GGML_VK_HOST_COPY #407900 bytes=525312 total=373029456896
GGML_VK_HOST_COPY #408000 bytes=461312 total=373120336896
GGML_VK_HOST_COPY #408100 bytes=525312 total=373205751296
GGML_VK_HOST_COPY #408200 bytes=1050112 total=373306039296
GGML_VK_HOST_COPY #408300 bytes=1050112 total=373408426496
GGML_VK_HOST_COPY #408400 bytes=922112 total=373503159296
GGML_VK_HOST_COPY #408500 bytes=358912 total=373587844096
GGML_VK_HOST_COPY #408600 bytes=1075712 total=373650256896
GGML_VK_HOST_COPY #408700 bytes=358912 total=373706576384
GGML_VK_HOST_COPY #408800 bytes=461312 total=373780559872
GGML_VK_HOST_COPY #408900 bytes=845312 total=373862748160
GGML_VK_HOST_COPY #409000 bytes=422912 total=373942210048
GGML_VK_HOST_COPY #409100 bytes=1267712 total=374021672448
GGML_VK_HOST_COPY #409200 bytes=461312 total=374104935936
GGML_VK_HOST_COPY #409300 bytes=845312 total=374196532224
GGML_VK_HOST_COPY #409400 bytes=845312 total=374274305024
GGML_VK_HOST_COPY #409500 bytes=845312 total=374354612224
GGML_VK_HOST_COPY #409600 bytes=461312 total=374438836224
GGML_VK_HOST_COPY #409700 bytes=1690112 total=374528244224
GGML_VK_HOST_COPY #409800 bytes=1690112 total=374628826112
GGML_VK_HOST_COPY #409900 bytes=422912 total=374731942912
GGML_VK_HOST_COPY #410000 bytes=461312 total=374836403200
GGML_VK_HOST_COPY #410100 bytes=525312 total=374941298688
GGML_VK_HOST_COPY #410200 bytes=525312 total=375071499776
GGML_VK_HOST_COPY #410300 bytes=461312 total=375198334464
GGML_VK_HOST_COPY #410400 bytes=461312 total=375308516864
GGML_VK_HOST_COPY #410500 bytes=358912 total=375395709952
GGML_VK_HOST_COPY #410600 bytes=1792512 total=375476401152
GGML_VK_HOST_COPY #410700 bytes=461312 total=375570199552
GGML_VK_HOST_COPY #410800 bytes=2112512 total=375690596352
GGML_VK_HOST_COPY #410900 bytes=845312 total=375784842752
GGML_VK_HOST_COPY #411000 bytes=845312 total=375883313152
GGML_VK_HOST_COPY #411100 bytes=1382912 total=375995492352
GGML_VK_HOST_COPY #411200 bytes=2624512 total=376093207552
GGML_VK_HOST_COPY #411300 bytes=1050112 total=376249124352
GGML_VK_HOST_COPY #411400 bytes=525312 total=376382999552
GGML_VK_HOST_COPY #411500 bytes=461312 total=376510615552
GGML_SCHED_UPLOAD_STATS layers=48 copies=6117 bytes=5637913088 branch_ms=54.17 id_ms=49.10 wait_ms=900.58
GGML_VK_HOST_COPY #411600 bytes=525312 total=376639480320
GGML_VK_HOST_COPY #411700 bytes=525312 total=376728222208
GGML_VK_HOST_COPY #411800 bytes=525312 total=376828510208
GGML_VK_HOST_COPY #411900 bytes=461312 total=376907050496
GGML_VK_HOST_COPY #412000 bytes=422912 total=376987146752
GGML_VK_HOST_COPY #412100 bytes=1690112 total=377064497152
GGML_VK_HOST_COPY #412200 bytes=1690112 total=377139313152
GGML_VK_HOST_COPY #412300 bytes=461312 total=377222077952
GGML_VK_HOST_COPY #412400 bytes=525312 total=377303793152
GGML_VK_HOST_COPY #412500 bytes=525312 total=377396733440
GGML_VK_HOST_COPY #412600 bytes=461312 total=377491926528
GGML_VK_HOST_COPY #412700 bytes=461312 total=377569852928
GGML_VK_HOST_COPY #412800 bytes=525312 total=377659567616
GGML_VK_HOST_COPY #412900 bytes=525312 total=377743062016
GGML_VK_HOST_COPY #413000 bytes=461312 total=377821423616
GGML_VK_HOST_COPY #413100 bytes=922112 total=377895202816
GGML_VK_HOST_COPY #413200 bytes=845312 total=377965295616
GGML_VK_HOST_COPY #413300 bytes=845312 total=378034198016
GGML_VK_HOST_COPY #413400 bytes=461312 total=378111394816
GGML_VK_HOST_COPY #413500 bytes=525312 total=378192252416
GGML_VK_HOST_COPY #413600 bytes=1050112 total=378284668416
GGML_VK_HOST_COPY #413700 bytes=525312 total=378376034816
GGML_VK_HOST_COPY #413800 bytes=1382912 total=378460041216
GGML_VK_HOST_COPY #413900 bytes=1050112 total=378551958016
GGML_VK_HOST_COPY #414000 bytes=525312 total=378648047616
GGML_VK_HOST_COPY #414100 bytes=922112 total=378744303616
GGML_VK_HOST_COPY #414200 bytes=461312 total=378833750016
GGML_VK_HOST_COPY #414300 bytes=1050112 total=378923836416
GGML_VK_HOST_COPY #414400 bytes=525312 total=379027798016
GGML_VK_HOST_COPY #414500 bytes=1843712 total=379127458816
GGML_VK_HOST_COPY #414600 bytes=717312 total=379217519616
GGML_VK_HOST_COPY #414700 bytes=1075712 total=379281007616
GGML_VK_HOST_COPY #414800 bytes=717312 total=379346645504
GGML_VK_HOST_COPY #414900 bytes=461312 total=379423956992
GGML_VK_HOST_COPY #415000 bytes=422912 total=379509217280
GGML_VK_HOST_COPY #415100 bytes=422912 total=379590368768
GGML_VK_HOST_COPY #415200 bytes=1267712 total=379671098368
GGML_VK_HOST_COPY #415300 bytes=461312 total=379757625856
GGML_VK_HOST_COPY #415400 bytes=1267712 total=379848876544
GGML_VK_HOST_COPY #415500 bytes=422912 total=379928338944
GGML_VK_HOST_COPY #415600 bytes=845312 total=380006534144
GGML_VK_HOST_COPY #415700 bytes=461312 total=380090374144
GGML_VK_HOST_COPY #415800 bytes=422912 total=380186194944
GGML_VK_HOST_COPY #415900 bytes=422912 total=380285509632
GGML_VK_HOST_COPY #416000 bytes=422912 total=380386514432
GGML_VK_HOST_COPY #416100 bytes=1382912 total=380499614720
GGML_VK_HOST_COPY #416200 bytes=2624512 total=380601118208
GGML_VK_HOST_COPY #416300 bytes=525312 total=380722922496
GGML_VK_HOST_COPY #416400 bytes=922112 total=380850870784
GGML_VK_HOST_COPY #416500 bytes=922112 total=380959670784
GGML_VK_HOST_COPY #416600 bytes=358912 total=381047939072
GGML_VK_HOST_COPY #416700 bytes=358912 total=381133289472
GGML_VK_HOST_COPY #416800 bytes=1843712 total=381227651072
GGML_VK_HOST_COPY #416900 bytes=461312 total=381334607872
GGML_VK_HOST_COPY #417000 bytes=422912 total=381433923072
GGML_VK_HOST_COPY #417100 bytes=422912 total=381538728960
GGML_VK_HOST_COPY #417200 bytes=461312 total=381639579648
GGML_VK_HOST_COPY #417300 bytes=525312 total=381741249536
GGML_VK_HOST_COPY #417400 bytes=1574912 total=381915009536
GGML_VK_HOST_COPY #417500 bytes=525312 total=382066203136
GGML_VK_HOST_COPY #417600 bytes=922112 total=382215476736
GGML_SCHED_UPLOAD_STATS layers=48 copies=6090 bytes=5679164928 branch_ms=54.68 id_ms=49.55 wait_ms=911.09
3.16.064.552 I slot print_timing: id  0 | task 8 | prompt processing, n_tokens =  28672, progress = 0.22, t = 112.18 s / 255.59 tokens per second
GGML_VK_HOST_COPY #417700 bytes=525312 total=382337007104
GGML_VK_HOST_COPY #417800 bytes=525312 total=382428897792
GGML_VK_HOST_COPY #417900 bytes=525312 total=382524987392
GGML_VK_HOST_COPY #418000 bytes=461312 total=382602695680
GGML_VK_HOST_COPY #418100 bytes=422912 total=382681025536
GGML_VK_HOST_COPY #418200 bytes=422912 total=382759643136
GGML_VK_HOST_COPY #418300 bytes=422912 total=382832347136
GGML_VK_HOST_COPY #418400 bytes=461312 total=382915956736
GGML_VK_HOST_COPY #418500 bytes=1050112 total=383002638336
GGML_VK_HOST_COPY #418600 bytes=525312 total=383093479424
GGML_VK_HOST_COPY #418700 bytes=461312 total=383187776512
GGML_VK_HOST_COPY #418800 bytes=461312 total=383268006912
GGML_VK_HOST_COPY #418900 bytes=525312 total=383355200000
GGML_VK_HOST_COPY #419000 bytes=525312 total=383439219200
GGML_VK_HOST_COPY #419100 bytes=461312 total=383516608000
GGML_VK_HOST_COPY #419200 bytes=461312 total=383590387200
GGML_VK_HOST_COPY #419300 bytes=422912 total=383660288000
GGML_VK_HOST_COPY #419400 bytes=422912 total=383730880000
GGML_VK_HOST_COPY #419500 bytes=461312 total=383806963200
GGML_VK_HOST_COPY #419600 bytes=525312 total=383888537600
GGML_VK_HOST_COPY #419700 bytes=525312 total=383980953600
GGML_VK_HOST_COPY #419800 bytes=1050112 total=384077043200
GGML_VK_HOST_COPY #419900 bytes=461312 total=384159884800
GGML_VK_HOST_COPY #420000 bytes=525312 total=384253952000
GGML_VK_HOST_COPY #420100 bytes=2099712 total=384354240000
GGML_VK_HOST_COPY #420200 bytes=1382912 total=384445862400
GGML_VK_HOST_COPY #420300 bytes=461312 total=384533465600
GGML_VK_HOST_COPY #420400 bytes=1574912 total=384633766400
GGML_VK_HOST_COPY #420500 bytes=525312 total=384733004800
GGML_VK_HOST_COPY #420600 bytes=2304512 total=384830988800
GGML_VK_HOST_COPY #420700 bytes=1075712 total=384917158400
GGML_VK_HOST_COPY #420800 bytes=1075712 total=384981363200
GGML_VK_HOST_COPY #420900 bytes=717312 total=385041983488
GGML_VK_HOST_COPY #421000 bytes=922112 total=385114533376
GGML_VK_HOST_COPY #421100 bytes=845312 total=385191998464
GGML_VK_HOST_COPY #421200 bytes=3379712 total=385275684864
GGML_VK_HOST_COPY #421300 bytes=845312 total=385351767552
GGML_VK_HOST_COPY #421400 bytes=461312 total=385432995840
GGML_VK_HOST_COPY #421500 bytes=422912 total=385526588928
GGML_VK_HOST_COPY #421600 bytes=422912 total=385605206528
GGML_VK_HOST_COPY #421700 bytes=422912 total=385681712128
GGML_VK_HOST_COPY #421800 bytes=922112 total=385764515328
GGML_VK_HOST_COPY #421900 bytes=422912 total=385850966528
GGML_VK_HOST_COPY #422000 bytes=845312 total=385958729728
GGML_VK_HOST_COPY #422100 bytes=2112512 total=386062268416
GGML_VK_HOST_COPY #422200 bytes=2765312 total=386174600704
GGML_VK_HOST_COPY #422300 bytes=2099712 total=386279956992
GGML_VK_HOST_COPY #422400 bytes=1050112 total=386412782080
GGML_VK_HOST_COPY #422500 bytes=461312 total=386551712768
GGML_VK_HOST_COPY #422600 bytes=4608512 total=386665120768
GGML_VK_HOST_COPY #422700 bytes=717312 total=386758457856
GGML_VK_HOST_COPY #422800 bytes=1434112 total=386843449344
GGML_VK_HOST_COPY #422900 bytes=461312 total=386939756032
GGML_VK_HOST_COPY #423000 bytes=1690112 total=387056043520
GGML_VK_HOST_COPY #423100 bytes=845312 total=387159160320
GGML_VK_HOST_COPY #423200 bytes=1690112 total=387263966208
GGML_VK_HOST_COPY #423300 bytes=1843712 total=387366967296
GGML_VK_HOST_COPY #423400 bytes=1050112 total=387477136384
GGML_VK_HOST_COPY #423500 bytes=525312 total=387646173184
GGML_VK_HOST_COPY #423600 bytes=1050112 total=387817833984
GGML_VK_HOST_COPY #423700 bytes=922112 total=387963421184
GGML_SCHED_UPLOAD_STATS layers=48 copies=6078 bytes=5701045248 branch_ms=53.36 id_ms=48.34 wait_ms=909.88
GGML_VK_HOST_COPY #423800 bytes=1574912 total=388067441152
GGML_VK_HOST_COPY #423900 bytes=1574912 total=388159331840
GGML_VK_HOST_COPY #424000 bytes=461312 total=388249212928
GGML_VK_HOST_COPY #424100 bytes=461312 total=388334512128
GGML_VK_HOST_COPY #424200 bytes=1267712 total=388411574784
GGML_VK_HOST_COPY #424300 bytes=422912 total=388485545984
GGML_VK_HOST_COPY #424400 bytes=1382912 total=388565161984
GGML_VK_HOST_COPY #424500 bytes=461312 total=388647235584
GGML_VK_HOST_COPY #424600 bytes=525312 total=388738576384
GGML_VK_HOST_COPY #424700 bytes=1050112 total=388828892672
GGML_VK_HOST_COPY #424800 bytes=461312 total=388916290560
GGML_VK_HOST_COPY #424900 bytes=1574912 total=389001870848
GGML_VK_HOST_COPY #425000 bytes=525312 total=389087989248
GGML_VK_HOST_COPY #425100 bytes=525312 total=389173582848
GGML_VK_HOST_COPY #425200 bytes=922112 total=389247605248
GGML_VK_HOST_COPY #425300 bytes=422912 total=389321077248
GGML_VK_HOST_COPY #425400 bytes=422912 total=389391246848
GGML_VK_HOST_COPY #425500 bytes=422912 total=389464373248
GGML_VK_HOST_COPY #425600 bytes=922112 total=389539803648
GGML_VK_HOST_COPY #425700 bytes=525312 total=389622056448
GGML_VK_HOST_COPY #425800 bytes=1050112 total=389713947648
GGML_VK_HOST_COPY #425900 bytes=1382912 total=389807298048
GGML_VK_HOST_COPY #426000 bytes=461312 total=389887528448
GGML_VK_HOST_COPY #426100 bytes=1050112 total=389985435648
GGML_VK_HOST_COPY #426200 bytes=1574912 total=390087822848
GGML_VK_HOST_COPY #426300 bytes=461312 total=390179419648
GGML_VK_HOST_COPY #426400 bytes=525312 total=390265294848
GGML_VK_HOST_COPY #426500 bytes=1050112 total=390366632448
GGML_VK_HOST_COPY #426600 bytes=1050112 total=390468494848
GGML_VK_HOST_COPY #426700 bytes=461312 total=390564469248
GGML_VK_HOST_COPY #426800 bytes=358912 total=390652277248
GGML_VK_HOST_COPY #426900 bytes=717312 total=390712181248
GGML_VK_HOST_COPY #427000 bytes=358912 total=390769575936
GGML_VK_HOST_COPY #427100 bytes=461312 total=390840999424
GGML_VK_HOST_COPY #427200 bytes=1267712 total=390921152512
GGML_VK_HOST_COPY #427300 bytes=422912 total=391006105600
GGML_VK_HOST_COPY #427400 bytes=845312 total=391084300800
GGML_VK_HOST_COPY #427500 bytes=1843712 total=391171903488
GGML_VK_HOST_COPY #427600 bytes=2112512 total=391265880576
GGML_VK_HOST_COPY #427700 bytes=422912 total=391344075776
GGML_VK_HOST_COPY #427800 bytes=422912 total=391423538176
GGML_VK_HOST_COPY #427900 bytes=461312 total=391506034176
GGML_VK_HOST_COPY #428000 bytes=845312 total=391601509376
GGML_VK_HOST_COPY #428100 bytes=1690112 total=391710961664
GGML_VK_HOST_COPY #428200 bytes=422912 total=391817880064
GGML_VK_HOST_COPY #428300 bytes=922112 total=391938007552
GGML_VK_HOST_COPY #428400 bytes=2624512 total=392043351040
GGML_VK_HOST_COPY #428500 bytes=525312 total=392169878528
GGML_VK_HOST_COPY #428600 bytes=922112 total=392291567616
GGML_VK_HOST_COPY #428700 bytes=358912 total=392406203904
GGML_VK_HOST_COPY #428800 bytes=1075712 total=392490120704
GGML_VK_HOST_COPY #428900 bytes=717312 total=392573679104
GGML_VK_HOST_COPY #429000 bytes=922112 total=392664661504
GGML_VK_HOST_COPY #429100 bytes=422912 total=392781947904
GGML_VK_HOST_COPY #429200 bytes=2112512 total=392880418304
GGML_VK_HOST_COPY #429300 bytes=1267712 total=392986491392
GGML_VK_HOST_COPY #429400 bytes=922112 total=393101934080
GGML_VK_HOST_COPY #429500 bytes=1050112 total=393205344768
GGML_VK_HOST_COPY #429600 bytes=525312 total=393349715968
GGML_VK_HOST_COPY #429700 bytes=1574912 total=393497760768
GGML_VK_HOST_COPY #429800 bytes=2765312 total=393621843968
GGML_SCHED_UPLOAD_STATS layers=48 copies=6117 bytes=5671908352 branch_ms=54.84 id_ms=49.63 wait_ms=916.89
GGML_VK_HOST_COPY #429900 bytes=1050112 total=393731982336
GGML_VK_HOST_COPY #430000 bytes=525312 total=393823348224
GGML_VK_HOST_COPY #430100 bytes=525312 total=393919437824
GGML_VK_HOST_COPY #430200 bytes=1382912 total=393997875712
GGML_VK_HOST_COPY #430300 bytes=422912 total=394078509568
GGML_VK_HOST_COPY #430400 bytes=422912 total=394156282368
GGML_VK_HOST_COPY #430500 bytes=845312 total=394233632768
GGML_VK_HOST_COPY #430600 bytes=922112 total=394313363968
GGML_VK_HOST_COPY #430700 bytes=1050112 total=394403706368
GGML_VK_HOST_COPY #430800 bytes=2099712 total=394494022656
GGML_VK_HOST_COPY #430900 bytes=922112 total=394585055744
GGML_VK_HOST_COPY #431000 bytes=460800 total=394667589632
GGML_VK_HOST_COPY #431100 bytes=2099712 total=394754232832
GGML_VK_HOST_COPY #431200 bytes=1050112 total=394836677632
GGML_VK_HOST_COPY #431300 bytes=461312 total=394914348032
GGML_VK_HOST_COPY #431400 bytes=461312 total=394988588032
GGML_VK_HOST_COPY #431500 bytes=845312 total=395057567232
GGML_VK_HOST_COPY #431600 bytes=422912 total=395128581632
GGML_VK_HOST_COPY #431700 bytes=922112 total=395205087232
GGML_VK_HOST_COPY #431800 bytes=525312 total=395288351232
GGML_VK_HOST_COPY #431900 bytes=525312 total=395381816832
GGML_VK_HOST_COPY #432000 bytes=1050112 total=395476856832
GGML_VK_HOST_COPY #432100 bytes=1382912 total=395557215232
GGML_VK_HOST_COPY #432200 bytes=1050112 total=395652652032
GGML_VK_HOST_COPY #432300 bytes=1050112 total=395753989632
GGML_VK_HOST_COPY #432400 bytes=2304512 total=395847852032
GGML_VK_HOST_COPY #432500 bytes=461312 total=395934994432
GGML_VK_HOST_COPY #432600 bytes=1574912 total=396033784832
GGML_VK_HOST_COPY #432700 bytes=525312 total=396133023232
GGML_VK_HOST_COPY #432800 bytes=461312 total=396229829632
GGML_VK_HOST_COPY #432900 bytes=1075712 total=396314053632
GGML_VK_HOST_COPY #433000 bytes=717312 total=396381484032
GGML_VK_HOST_COPY #433100 bytes=358912 total=396441745920
GGML_VK_HOST_COPY #433200 bytes=461312 total=396518494208
GGML_VK_HOST_COPY #433300 bytes=2534912 total=396601450496
GGML_VK_HOST_COPY #433400 bytes=422912 total=396685558784
GGML_VK_HOST_COPY #433500 bytes=1690112 total=396764598784
GGML_VK_HOST_COPY #433600 bytes=2304512 total=396850089472
GGML_VK_HOST_COPY #433700 bytes=845312 total=396942722560
GGML_VK_HOST_COPY #433800 bytes=422912 total=397026408960
GGML_VK_HOST_COPY #433900 bytes=845312 total=397103759360
GGML_VK_HOST_COPY #434000 bytes=922112 total=397193820160
GGML_VK_HOST_COPY #434100 bytes=422912 total=397288335360
GGML_VK_HOST_COPY #434200 bytes=844800 total=397390184448
GGML_VK_HOST_COPY #434300 bytes=422912 total=397493301248
GGML_VK_HOST_COPY #434400 bytes=461312 total=397600833536
GGML_VK_HOST_COPY #434500 bytes=525312 total=397706036224
GGML_VK_HOST_COPY #434600 bytes=1050112 total=397830464512
GGML_VK_HOST_COPY #434700 bytes=1574912 total=397954893312
GGML_VK_HOST_COPY #434800 bytes=3226112 total=398051673600
GGML_VK_HOST_COPY #434900 bytes=2150912 total=398155353088
GGML_VK_HOST_COPY #435000 bytes=358912 total=398239986688
GGML_VK_HOST_COPY #435100 bytes=922112 total=398325541888
GGML_VK_HOST_COPY #435200 bytes=2765312 total=398442636288
GGML_VK_HOST_COPY #435300 bytes=422912 total=398540645888
GGML_VK_HOST_COPY #435400 bytes=422912 total=398638270976
GGML_VK_HOST_COPY #435500 bytes=3226112 total=398733860864
GGML_VK_HOST_COPY #435600 bytes=461312 total=398838974464
GGML_VK_HOST_COPY #435700 bytes=3674112 total=398965066752
GGML_VK_HOST_COPY #435800 bytes=1050112 total=399108913152
GGML_VK_HOST_COPY #435900 bytes=2304512 total=399261015552
GGML_SCHED_UPLOAD_STATS layers=48 copies=6153 bytes=5709814784 branch_ms=53.39 id_ms=48.39 wait_ms=917.46
GGML_VK_HOST_COPY #436000 bytes=525312 total=399399774720
GGML_VK_HOST_COPY #436100 bytes=525312 total=399500062720
GGML_VK_HOST_COPY #436200 bytes=2099712 total=399588279808
GGML_VK_HOST_COPY #436300 bytes=922112 total=399677264896
GGML_VK_HOST_COPY #436400 bytes=422912 total=399762698752
GGML_VK_HOST_COPY #436500 bytes=1267712 total=399836669952
GGML_VK_HOST_COPY #436600 bytes=422912 total=399914865152
GGML_VK_HOST_COPY #436700 bytes=461312 total=399991831552
GGML_VK_HOST_COPY #436800 bytes=1050112 total=400078257152
GGML_VK_HOST_COPY #436900 bytes=2099712 total=400172772352
GGML_VK_HOST_COPY #437000 bytes=1574912 total=400263613440
GGML_VK_HOST_COPY #437100 bytes=922112 total=400345596928
GGML_VK_HOST_COPY #437200 bytes=1050112 total=400432457216
GGML_VK_HOST_COPY #437300 bytes=525312 total=400512802816
GGML_VK_HOST_COPY #437400 bytes=1050112 total=400601020416
GGML_VK_HOST_COPY #437500 bytes=922112 total=400677244416
GGML_VK_HOST_COPY #437600 bytes=422912 total=400746953216
GGML_VK_HOST_COPY #437700 bytes=2112512 total=400820502016
GGML_VK_HOST_COPY #437800 bytes=461312 total=400891439616
GGML_VK_HOST_COPY #437900 bytes=922112 total=400968905216
GGML_VK_HOST_COPY #438000 bytes=1574912 total=401062934016
GGML_VK_HOST_COPY #438100 bytes=1050112 total=401148002816
GGML_VK_HOST_COPY #438200 bytes=461312 total=401239087616
GGML_VK_HOST_COPY #438300 bytes=2624512 total=401328457216
GGML_VK_HOST_COPY #438400 bytes=525312 total=401428220416
GGML_VK_HOST_COPY #438500 bytes=525312 total=401525884416
GGML_VK_HOST_COPY #438600 bytes=461312 total=401618377216
GGML_VK_HOST_COPY #438700 bytes=2099712 total=401706902016
GGML_VK_HOST_COPY #438800 bytes=525312 total=401809289216
GGML_VK_HOST_COPY #438900 bytes=1574912 total=401905378816
GGML_VK_HOST_COPY #439000 bytes=1843712 total=401996463616
GGML_VK_HOST_COPY #439100 bytes=358912 total=402071625216
GGML_VK_HOST_COPY #439200 bytes=358912 total=402136546304
GGML_VK_HOST_COPY #439300 bytes=358912 total=402196808704
GGML_VK_HOST_COPY #439400 bytes=461312 total=402272225792
GGML_VK_HOST_COPY #439500 bytes=422912 total=402353108480
GGML_VK_HOST_COPY #439600 bytes=845312 total=402436371968
GGML_VK_HOST_COPY #439700 bytes=845312 total=402518368768
GGML_VK_HOST_COPY #439800 bytes=2304512 total=402605280256
GGML_VK_HOST_COPY #439900 bytes=422912 total=402692422144
GGML_VK_HOST_COPY #440000 bytes=845312 total=402774841344
GGML_VK_HOST_COPY #440100 bytes=422912 total=402857260544
GGML_VK_HOST_COPY #440200 bytes=922112 total=402944786944
GGML_VK_HOST_COPY #440300 bytes=2534912 total=403043756544
GGML_VK_HOST_COPY #440400 bytes=422912 total=403148140032
GGML_VK_HOST_COPY #440500 bytes=922112 total=403262123520
GGML_VK_HOST_COPY #440600 bytes=1574912 total=403378859008
GGML_VK_HOST_COPY #440700 bytes=2624512 total=403514833408
GGML_VK_HOST_COPY #440800 bytes=1574912 total=403632439296
GGML_VK_HOST_COPY #440900 bytes=2304512 total=403752233984
GGML_VK_HOST_COPY #441000 bytes=358912 total=403860572672
GGML_VK_HOST_COPY #441100 bytes=358912 total=403944489472
GGML_VK_HOST_COPY #441200 bytes=1792512 total=404030556672
GGML_VK_HOST_COPY #441300 bytes=461312 total=404124713472
GGML_VK_HOST_COPY #441400 bytes=845312 total=404236777472
GGML_VK_HOST_COPY #441500 bytes=1267712 total=404334824960
GGML_VK_HOST_COPY #441600 bytes=845312 total=404427381760
GGML_VK_HOST_COPY #441700 bytes=1843712 total=404529346048
GGML_VK_HOST_COPY #441800 bytes=1050112 total=404640308736
GGML_VK_HOST_COPY #441900 bytes=525312 total=404800948736
GGML_VK_HOST_COPY #442000 bytes=2304512 total=404951207936
GGML_VK_HOST_COPY #442100 bytes=922112 total=405090420736
GGML_SCHED_UPLOAD_STATS layers=48 copies=6114 bytes=5698146816 branch_ms=55.56 id_ms=50.06 wait_ms=918.42
3.26.280.559 I slot print_timing: id  0 | task 8 | prompt processing, n_tokens =  30720, progress = 0.24, t = 122.39 s / 250.99 tokens per second
GGML_VK_HOST_COPY #442200 bytes=525312 total=405191368704
GGML_VK_HOST_COPY #442300 bytes=525312 total=405282209792
GGML_VK_HOST_COPY #442400 bytes=922112 total=405372986880
GGML_VK_HOST_COPY #442500 bytes=922112 total=405457364480
GGML_VK_HOST_COPY #442600 bytes=422912 total=405535579136
GGML_VK_HOST_COPY #442700 bytes=1690112 total=405609972736
GGML_VK_HOST_COPY #442800 bytes=922112 total=405687937536
GGML_VK_HOST_COPY #442900 bytes=1574912 total=405772967936
GGML_VK_HOST_COPY #443000 bytes=525312 total=405862235136
GGML_VK_HOST_COPY #443100 bytes=1574912 total=405953601024
GGML_VK_HOST_COPY #443200 bytes=1382912 total=406038144512
GGML_VK_HOST_COPY #443300 bytes=1050112 total=406121856000
GGML_VK_HOST_COPY #443400 bytes=525312 total=406205875200
GGML_VK_HOST_COPY #443500 bytes=1050112 total=406293568000
GGML_VK_HOST_COPY #443600 bytes=1382912 total=406371251200
GGML_VK_HOST_COPY #443700 bytes=1267712 total=406443724800
GGML_VK_HOST_COPY #443800 bytes=422912 total=406514739200
GGML_VK_HOST_COPY #443900 bytes=1267712 total=406587020800
GGML_VK_HOST_COPY #444000 bytes=461312 total=406664755200
GGML_VK_HOST_COPY #444100 bytes=525312 total=406750950400
GGML_VK_HOST_COPY #444200 bytes=525312 total=406843891200
GGML_VK_HOST_COPY #444300 bytes=461312 total=406934604800
GGML_VK_HOST_COPY #444400 bytes=1050112 total=407022182400
GGML_VK_HOST_COPY #444500 bytes=1050112 total=407121945600
GGML_VK_HOST_COPY #444600 bytes=525312 total=407216460800
GGML_VK_HOST_COPY #444700 bytes=461312 total=407311206400
GGML_VK_HOST_COPY #444800 bytes=525312 total=407396096000
GGML_VK_HOST_COPY #444900 bytes=525312 total=407496384000
GGML_VK_HOST_COPY #445000 bytes=525312 total=407596147200
GGML_VK_HOST_COPY #445100 bytes=461312 total=407686272000
GGML_VK_HOST_COPY #445200 bytes=1075712 total=407767833600
GGML_VK_HOST_COPY #445300 bytes=358912 total=407828453888
GGML_VK_HOST_COPY #445400 bytes=358912 total=407889791488
GGML_VK_HOST_COPY #445500 bytes=461312 total=407968126976
GGML_VK_HOST_COPY #445600 bytes=422912 total=408050660864
GGML_VK_HOST_COPY #445700 bytes=422912 total=408133924352
GGML_VK_HOST_COPY #445800 bytes=845312 total=408218033152
GGML_VK_HOST_COPY #445900 bytes=922112 total=408304176640
GGML_VK_HOST_COPY #446000 bytes=422912 total=408391548928
GGML_VK_HOST_COPY #446100 bytes=422912 total=408476080128
GGML_VK_HOST_COPY #446200 bytes=422912 total=408560188928
GGML_VK_HOST_COPY #446300 bytes=922112 total=408643529728
GGML_VK_HOST_COPY #446400 bytes=1690112 total=408745072128
GGML_VK_HOST_COPY #446500 bytes=1267712 total=408852412416
GGML_VK_HOST_COPY #446600 bytes=922112 total=408964245504
GGML_VK_HOST_COPY #446700 bytes=525312 total=409084155392
GGML_VK_HOST_COPY #446800 bytes=525312 total=409212782592
GGML_VK_HOST_COPY #446900 bytes=525312 total=409333012480
GGML_VK_HOST_COPY #447000 bytes=922112 total=409453971968
GGML_VK_HOST_COPY #447100 bytes=358912 total=409566969856
GGML_VK_HOST_COPY #447200 bytes=2509312 total=409659488256
GGML_VK_HOST_COPY #447300 bytes=1075712 total=409749856256
GGML_VK_HOST_COPY #447400 bytes=2304512 total=409863929856
GGML_VK_HOST_COPY #447500 bytes=422912 total=409971193856
GGML_VK_HOST_COPY #447600 bytes=422912 total=410065862144
GGML_VK_HOST_COPY #447700 bytes=922112 total=410160991232
GGML_VK_HOST_COPY #447800 bytes=1843712 total=410266104832
GGML_VK_HOST_COPY #447900 bytes=2624512 total=410393784320
GGML_VK_HOST_COPY #448000 bytes=525312 total=410540254720
GGML_VK_HOST_COPY #448100 bytes=461312 total=410695902720
GGML_SCHED_UPLOAD_STATS layers=48 copies=6078 bytes=5716227584 branch_ms=54.18 id_ms=49.13 wait_ms=927.84
GGML_VK_HOST_COPY #448200 bytes=1050112 total=410838271488
GGML_VK_HOST_COPY #448300 bytes=1050112 total=410939609088
GGML_VK_HOST_COPY #448400 bytes=525312 total=411028350976
GGML_VK_HOST_COPY #448500 bytes=461312 total=411116299264
GGML_VK_HOST_COPY #448600 bytes=422912 total=411201425920
GGML_VK_HOST_COPY #448700 bytes=1267712 total=411274552320
GGML_VK_HOST_COPY #448800 bytes=845312 total=411353169920
GGML_VK_HOST_COPY #448900 bytes=922112 total=411429406720
GGML_VK_HOST_COPY #449000 bytes=1050112 total=411515960320
GGML_VK_HOST_COPY #449100 bytes=2099712 total=411609425920
GGML_VK_HOST_COPY #449200 bytes=1050112 total=411698692608
GGML_VK_HOST_COPY #449300 bytes=2304512 total=411780868096
GGML_VK_HOST_COPY #449400 bytes=2099712 total=411867011584
GGML_VK_HOST_COPY #449500 bytes=525312 total=411948931584
GGML_VK_HOST_COPY #449600 bytes=525312 total=412037673984
GGML_VK_HOST_COPY #449700 bytes=461312 total=412115152384
GGML_VK_HOST_COPY #449800 bytes=422912 total=412184630784
GGML_VK_HOST_COPY #449900 bytes=2957312 total=412259869184
GGML_VK_HOST_COPY #450000 bytes=922112 total=412328195584
GGML_VK_HOST_COPY #450100 bytes=461312 total=412405661184
GGML_VK_HOST_COPY #450200 bytes=525312 total=412499408384
GGML_VK_HOST_COPY #450300 bytes=1574912 total=412586576384
GGML_VK_HOST_COPY #450400 bytes=461312 total=412673539584
GGML_VK_HOST_COPY #450500 bytes=3149312 total=412765456384
GGML_VK_HOST_COPY #450600 bytes=2624512 total=412862070784
GGML_VK_HOST_COPY #450700 bytes=2099712 total=412958685184
GGML_VK_HOST_COPY #450800 bytes=1382912 total=413048093184
GGML_VK_HOST_COPY #450900 bytes=525312 total=413132944384
GGML_VK_HOST_COPY #451000 bytes=2624512 total=413236381184
GGML_VK_HOST_COPY #451100 bytes=1050112 total=413330371584
GGML_VK_HOST_COPY #451200 bytes=922112 total=413420854784
GGML_VK_HOST_COPY #451300 bytes=1075712 total=413499395584
GGML_VK_HOST_COPY #451400 bytes=1075712 total=413562166272
GGML_VK_HOST_COPY #451500 bytes=1075712 total=413628163072
GGML_VK_HOST_COPY #451600 bytes=922112 total=413707010560
GGML_VK_HOST_COPY #451700 bytes=845312 total=413786088448
GGML_VK_HOST_COPY #451800 bytes=1690112 total=413869351936
GGML_VK_HOST_COPY #451900 bytes=2957312 total=413953038336
GGML_VK_HOST_COPY #452000 bytes=2765312 total=414038375424
GGML_VK_HOST_COPY #452100 bytes=1267712 total=414126400512
GGML_VK_HOST_COPY #452200 bytes=422912 total=414205017600
GGML_VK_HOST_COPY #452300 bytes=422912 total=414284057600
GGML_VK_HOST_COPY #452400 bytes=461312 total=414365593088
GGML_VK_HOST_COPY #452500 bytes=422912 total=414462872576
GGML_VK_HOST_COPY #452600 bytes=422912 total=414567256064
GGML_VK_HOST_COPY #452700 bytes=461312 total=414677169152
GGML_VK_HOST_COPY #452800 bytes=461312 total=414796106752
GGML_VK_HOST_COPY #452900 bytes=525312 total=414913162240
GGML_VK_HOST_COPY #453000 bytes=1050112 total=415038115328
GGML_VK_HOST_COPY #453100 bytes=461312 total=415161314816
GGML_VK_HOST_COPY #453200 bytes=717312 total=415266376704
GGML_VK_HOST_COPY #453300 bytes=358912 total=415355669504
GGML_VK_HOST_COPY #453400 bytes=358912 total=415437794304
GGML_VK_HOST_COPY #453500 bytes=922112 total=415537071104
GGML_VK_HOST_COPY #453600 bytes=1690112 total=415652629504
GGML_VK_HOST_COPY #453700 bytes=1690112 total=415749832192
GGML_VK_HOST_COPY #453800 bytes=1690112 total=415847035392
GGML_VK_HOST_COPY #453900 bytes=461312 total=415954145280
GGML_VK_HOST_COPY #454000 bytes=2624512 total=416068167168
GGML_VK_HOST_COPY #454100 bytes=525312 total=416246125568
GGML_VK_HOST_COPY #454200 bytes=5069312 total=416421959168
GGML_SCHED_UPLOAD_STATS layers=48 copies=6099 bytes=5725248000 branch_ms=53.85 id_ms=48.58 wait_ms=933.50
GGML_VK_HOST_COPY #454300 bytes=525312 total=416572955136
GGML_VK_HOST_COPY #454400 bytes=1050112 total=416674817536
GGML_VK_HOST_COPY #454500 bytes=2099712 total=416764609024
GGML_VK_HOST_COPY #454600 bytes=1843712 total=416853082112
GGML_VK_HOST_COPY #454700 bytes=422912 total=416938247168
GGML_VK_HOST_COPY #454800 bytes=422912 total=417010106368
GGML_VK_HOST_COPY #454900 bytes=422912 total=417088723968
GGML_VK_HOST_COPY #455000 bytes=461312 total=417164883968
GGML_VK_HOST_COPY #455100 bytes=1050112 total=417250848768
GGML_VK_HOST_COPY #455200 bytes=2099712 total=417343264768
GGML_VK_HOST_COPY #455300 bytes=1050112 total=417433581056
GGML_VK_HOST_COPY #455400 bytes=461312 total=417514502144
GGML_VK_HOST_COPY #455500 bytes=525312 total=417600850432
GGML_VK_HOST_COPY #455600 bytes=525312 total=417682770432
GGML_VK_HOST_COPY #455700 bytes=1574912 total=417769938432
GGML_VK_HOST_COPY #455800 bytes=922112 total=417846226432
GGML_VK_HOST_COPY #455900 bytes=422912 total=417915436032
GGML_VK_HOST_COPY #456000 bytes=422912 total=417988984832
GGML_VK_HOST_COPY #456100 bytes=461312 total=418060268032
GGML_VK_HOST_COPY #456200 bytes=2765312 total=418140959232
GGML_VK_HOST_COPY #456300 bytes=1050112 total=418233119232
GGML_VK_HOST_COPY #456400 bytes=1574912 total=418319762432
GGML_VK_HOST_COPY #456500 bytes=461312 total=418407250432
GGML_VK_HOST_COPY #456600 bytes=525312 total=418497464832
GGML_VK_HOST_COPY #456700 bytes=2624512 total=418597228032
GGML_VK_HOST_COPY #456800 bytes=2099712 total=418694367232
GGML_VK_HOST_COPY #456900 bytes=461312 total=418784696832
GGML_VK_HOST_COPY #457000 bytes=2099712 total=418871711232
GGML_VK_HOST_COPY #457100 bytes=525312 total=418973573632
GGML_VK_HOST_COPY #457200 bytes=525312 total=419070188032
GGML_VK_HOST_COPY #457300 bytes=461312 total=419157074432
GGML_VK_HOST_COPY #457400 bytes=358912 total=419232082432
GGML_VK_HOST_COPY #457500 bytes=358912 total=419296286720
GGML_VK_HOST_COPY #457600 bytes=717312 total=419359057920
GGML_VK_HOST_COPY #457700 bytes=461312 total=419433911808
GGML_VK_HOST_COPY #457800 bytes=2112512 total=419514256896
GGML_VK_HOST_COPY #457900 bytes=845312 total=419594563584
GGML_VK_HOST_COPY #458000 bytes=845312 total=419676137984
GGML_VK_HOST_COPY #458100 bytes=2304512 total=419762972672
GGML_VK_HOST_COPY #458200 bytes=422912 total=419843970560
GGML_VK_HOST_COPY #458300 bytes=845312 total=419923432448
GGML_VK_HOST_COPY #458400 bytes=422912 total=420001627648
GGML_VK_HOST_COPY #458500 bytes=1382912 total=420084123136
GGML_VK_HOST_COPY #458600 bytes=2112512 total=420176641024
GGML_VK_HOST_COPY #458700 bytes=845312 total=420277645312
GGML_VK_HOST_COPY #458800 bytes=461312 total=420379033600
GGML_VK_HOST_COPY #458900 bytes=1382912 total=420491980800
GGML_VK_HOST_COPY #459000 bytes=1574912 total=420611340288
GGML_VK_HOST_COPY #459100 bytes=525312 total=420732094976
GGML_VK_HOST_COPY #459200 bytes=3226112 total=420862027264
GGML_VK_HOST_COPY #459300 bytes=1434112 total=420976356352
GGML_VK_HOST_COPY #459400 bytes=717312 total=421061348352
GGML_VK_HOST_COPY #459500 bytes=1434112 total=421137021952
GGML_VK_HOST_COPY #459600 bytes=1382912 total=421230973952
GGML_VK_HOST_COPY #459700 bytes=422912 total=421343729152
GGML_VK_HOST_COPY #459800 bytes=422912 total=421435018752
GGML_VK_HOST_COPY #459900 bytes=422912 total=421526730240
GGML_VK_HOST_COPY #460000 bytes=922112 total=421626236928
GGML_VK_HOST_COPY #460100 bytes=525312 total=421733180416
GGML_VK_HOST_COPY #460200 bytes=1050112 total=421896969216
GGML_VK_HOST_COPY #460300 bytes=6298112 total=422055510016
GGML_VK_HOST_COPY #460400 bytes=2304512 total=422189769216
GGML_SCHED_UPLOAD_STATS layers=48 copies=6147 bytes=5674814976 branch_ms=54.75 id_ms=49.55 wait_ms=935.23
GGML_VK_HOST_COPY #460500 bytes=1050112 total=422309712384
GGML_VK_HOST_COPY #460600 bytes=525312 total=422401603072
GGML_VK_HOST_COPY #460700 bytes=525312 total=422498742272
GGML_VK_HOST_COPY #460800 bytes=2765312 total=422581263360
GGML_VK_HOST_COPY #460900 bytes=422912 total=422659055616
GGML_VK_HOST_COPY #461000 bytes=422912 total=422736406016
GGML_VK_HOST_COPY #461100 bytes=845312 total=422813334016
GGML_VK_HOST_COPY #461200 bytes=461312 total=422892143616
GGML_VK_HOST_COPY #461300 bytes=2624512 total=422981833216
GGML_VK_HOST_COPY #461400 bytes=525312 total=423067951104
GGML_VK_HOST_COPY #461500 bytes=461312 total=423160020992
GGML_VK_HOST_COPY #461600 bytes=461312 total=423238868992
GGML_VK_HOST_COPY #461700 bytes=525312 total=423328225280
GGML_VK_HOST_COPY #461800 bytes=525312 total=423411719680
GGML_VK_HOST_COPY #461900 bytes=461312 total=423490158080
GGML_VK_HOST_COPY #462000 bytes=461312 total=423565319680
GGML_VK_HOST_COPY #462100 bytes=1267712 total=423637754880
GGML_VK_HOST_COPY #462200 bytes=422912 total=423709191680
GGML_VK_HOST_COPY #462300 bytes=922112 total=423787041280
GGML_VK_HOST_COPY #462400 bytes=1574912 total=423872135680
GGML_VK_HOST_COPY #462500 bytes=525312 total=423964026880
GGML_VK_HOST_COPY #462600 bytes=525312 total=424058542080
GGML_VK_HOST_COPY #462700 bytes=922112 total=424137454080
GGML_VK_HOST_COPY #462800 bytes=525312 total=424230074880
GGML_VK_HOST_COPY #462900 bytes=1574912 total=424329313280
GGML_VK_HOST_COPY #463000 bytes=461312 total=424421383680
GGML_VK_HOST_COPY #463100 bytes=461312 total=424508986880
GGML_VK_HOST_COPY #463200 bytes=2099712 total=424603988480
GGML_VK_HOST_COPY #463300 bytes=525312 total=424706900480
GGML_VK_HOST_COPY #463400 bytes=461312 total=424805716480
GGML_VK_HOST_COPY #463500 bytes=358912 total=424895470080
GGML_VK_HOST_COPY #463600 bytes=717312 total=424963617280
GGML_VK_HOST_COPY #463700 bytes=717312 total=425031405568
GGML_VK_HOST_COPY #463800 bytes=922112 total=425110867456
GGML_VK_HOST_COPY #463900 bytes=845312 total=425192863744
GGML_VK_HOST_COPY #464000 bytes=845312 total=425280774144
GGML_VK_HOST_COPY #464100 bytes=422912 total=425362348032
GGML_VK_HOST_COPY #464200 bytes=461312 total=425448145920
GGML_VK_HOST_COPY #464300 bytes=422912 total=425539550208
GGML_VK_HOST_COPY #464400 bytes=422912 total=425616900608
GGML_VK_HOST_COPY #464500 bytes=422912 total=425688337408
GGML_VK_HOST_COPY #464600 bytes=461312 total=425774596608
GGML_VK_HOST_COPY #464700 bytes=845312 total=425862238208
GGML_VK_HOST_COPY #464800 bytes=2534912 total=425977182208
GGML_VK_HOST_COPY #464900 bytes=845312 total=426087479296
GGML_VK_HOST_COPY #465000 bytes=461312 total=426202729984
GGML_VK_HOST_COPY #465100 bytes=1574912 total=426319747072
GGML_VK_HOST_COPY #465200 bytes=3149312 total=426448898560
GGML_VK_HOST_COPY #465300 bytes=922112 total=426578715648
GGML_VK_HOST_COPY #465400 bytes=461312 total=426685672448
GGML_VK_HOST_COPY #465500 bytes=1434112 total=426777831936
GGML_VK_HOST_COPY #465600 bytes=717312 total=426863182336
GGML_VK_HOST_COPY #465700 bytes=461312 total=426959694336
GGML_VK_HOST_COPY #465800 bytes=422912 total=427079323136
GGML_VK_HOST_COPY #465900 bytes=422912 total=427181595136
GGML_VK_HOST_COPY #466000 bytes=422912 total=427289358336
GGML_VK_HOST_COPY #466100 bytes=1382912 total=427395892736
GGML_VK_HOST_COPY #466200 bytes=525312 total=427507841536
GGML_VK_HOST_COPY #466300 bytes=1050112 total=427662183936
GGML_VK_HOST_COPY #466400 bytes=525312 total=427801307136
GGML_VK_HOST_COPY #466500 bytes=1843712 total=427937409536
GGML_SCHED_UPLOAD_STATS layers=48 copies=6108 bytes=5749601280 branch_ms=56.03 id_ms=50.32 wait_ms=942.35
3.36.774.519 I slot print_timing: id  0 | task 8 | prompt processing, n_tokens =  32768, progress = 0.26, t = 132.89 s / 246.58 tokens per second
GGML_VK_HOST_COPY #466600 bytes=525312 total=428060347904
GGML_VK_HOST_COPY #466700 bytes=525312 total=428149614592
GGML_VK_HOST_COPY #466800 bytes=525312 total=428250952192
GGML_VK_HOST_COPY #466900 bytes=461312 total=428331668480
GGML_VK_HOST_COPY #467000 bytes=422912 total=428412379136
GGML_VK_HOST_COPY #467100 bytes=845312 total=428489307136
GGML_VK_HOST_COPY #467200 bytes=422912 total=428563700736
GGML_VK_HOST_COPY #467300 bytes=461312 total=428646695936
GGML_VK_HOST_COPY #467400 bytes=4723712 total=428732468736
GGML_VK_HOST_COPY #467500 bytes=1050112 total=428822785024
GGML_VK_HOST_COPY #467600 bytes=922112 total=428916083712
GGML_VK_HOST_COPY #467700 bytes=1843712 total=428994010112
GGML_VK_HOST_COPY #467800 bytes=2099712 total=429084044800
GGML_VK_HOST_COPY #467900 bytes=525312 total=429167014400
GGML_VK_HOST_COPY #468000 bytes=461312 total=429247014400
GGML_VK_HOST_COPY #468100 bytes=461312 total=429321715200
GGML_VK_HOST_COPY #468200 bytes=845312 total=429392768000
GGML_VK_HOST_COPY #468300 bytes=845312 total=429462515200
GGML_VK_HOST_COPY #468400 bytes=461312 total=429539059200
GGML_VK_HOST_COPY #468500 bytes=525312 total=429619379200
GGML_VK_HOST_COPY #468600 bytes=1574912 total=429712844800
GGML_VK_HOST_COPY #468700 bytes=4198912 total=429807884800
GGML_VK_HOST_COPY #468800 bytes=922112 total=429889804800
GGML_VK_HOST_COPY #468900 bytes=1050112 total=429983155200
GGML_VK_HOST_COPY #469000 bytes=2099712 total=430078720000
GGML_VK_HOST_COPY #469100 bytes=922112 total=430171891200
GGML_VK_HOST_COPY #469200 bytes=461312 total=430261337600
GGML_VK_HOST_COPY #469300 bytes=1574912 total=430349196800
GGML_VK_HOST_COPY #469400 bytes=1574912 total=430447910400
GGML_VK_HOST_COPY #469500 bytes=461312 total=430545779200
GGML_VK_HOST_COPY #469600 bytes=358912 total=430636761600
GGML_VK_HOST_COPY #469700 bytes=717312 total=430699174400
GGML_VK_HOST_COPY #469800 bytes=717312 total=430764812288
GGML_VK_HOST_COPY #469900 bytes=922112 total=430837259776
GGML_VK_HOST_COPY #470000 bytes=845312 total=430916760064
GGML_VK_HOST_COPY #470100 bytes=1267712 total=431001713664
GGML_VK_HOST_COPY #470200 bytes=845312 total=431082442752
GGML_VK_HOST_COPY #470300 bytes=461312 total=431173079040
GGML_VK_HOST_COPY #470400 bytes=1267712 total=431265788928
GGML_VK_HOST_COPY #470500 bytes=422912 total=431346518528
GGML_VK_HOST_COPY #470600 bytes=422912 total=431421334528
GGML_VK_HOST_COPY #470700 bytes=922112 total=431510358528
GGML_VK_HOST_COPY #470800 bytes=1267712 total=431597001728
GGML_VK_HOST_COPY #470900 bytes=422912 total=431700963328
GGML_VK_HOST_COPY #471000 bytes=422912 total=431799855616
GGML_VK_HOST_COPY #471100 bytes=2304512 total=431899477504
GGML_VK_HOST_COPY #471200 bytes=525312 total=432011080192
GGML_VK_HOST_COPY #471300 bytes=525312 total=432145479680
GGML_VK_HOST_COPY #471400 bytes=1574912 total=432273582080
GGML_VK_HOST_COPY #471500 bytes=461312 total=432379117568
GGML_VK_HOST_COPY #471600 bytes=717312 total=432481773056
GGML_VK_HOST_COPY #471700 bytes=1792512 total=432573933056
GGML_VK_HOST_COPY #471800 bytes=922112 total=432676384256
GGML_VK_HOST_COPY #471900 bytes=1690112 total=432792864256
GGML_VK_HOST_COPY #472000 bytes=1690112 total=432890912256
GGML_VK_HOST_COPY #472100 bytes=845312 total=432995718144
GGML_VK_HOST_COPY #472200 bytes=1382912 total=433099909632
GGML_VK_HOST_COPY #472300 bytes=2099712 total=433212395520
GGML_VK_HOST_COPY #472400 bytes=1574912 total=433369361920
GGML_VK_HOST_COPY #472500 bytes=525312 total=433514782720
GGML_VK_HOST_COPY #472600 bytes=1382912 total=433652920320
GGML_SCHED_UPLOAD_STATS layers=48 copies=6099 bytes=5707790336 branch_ms=54.30 id_ms=49.24 wait_ms=944.21
GGML_VK_HOST_COPY #472700 bytes=525312 total=433778098688
GGML_VK_HOST_COPY #472800 bytes=1050112 total=433867365376
GGML_VK_HOST_COPY #472900 bytes=525312 total=433968702976
GGML_VK_HOST_COPY #473000 bytes=461312 total=434049483264
GGML_VK_HOST_COPY #473100 bytes=422912 total=434130232320
GGML_VK_HOST_COPY #473200 bytes=422912 total=434206737920
GGML_VK_HOST_COPY #473300 bytes=422912 total=434281553920
GGML_VK_HOST_COPY #473400 bytes=461312 total=434364510720
GGML_VK_HOST_COPY #473500 bytes=525312 total=434446021120
GGML_VK_HOST_COPY #473600 bytes=1050112 total=434540535808
GGML_VK_HOST_COPY #473700 bytes=922112 total=434634231296
GGML_VK_HOST_COPY #473800 bytes=461312 total=434711696896
GGML_VK_HOST_COPY #473900 bytes=2099712 total=434801334784
GGML_VK_HOST_COPY #474000 bytes=525312 total=434883779584
GGML_VK_HOST_COPY #474100 bytes=461312 total=434963779584
GGML_VK_HOST_COPY #474200 bytes=461312 total=435038019584
GGML_VK_HOST_COPY #474300 bytes=422912 total=435106998784
GGML_VK_HOST_COPY #474400 bytes=1267712 total=435176323584
GGML_VK_HOST_COPY #474500 bytes=461312 total=435253443584
GGML_VK_HOST_COPY #474600 bytes=1050112 total=435332726784
GGML_VK_HOST_COPY #474700 bytes=1050112 total=435426717184
GGML_VK_HOST_COPY #474800 bytes=525312 total=435518608384
GGML_VK_HOST_COPY #474900 bytes=1382912 total=435604982784
GGML_VK_HOST_COPY #475000 bytes=525312 total=435697616384
GGML_VK_HOST_COPY #475100 bytes=525312 total=435795280384
GGML_VK_HOST_COPY #475200 bytes=461312 total=435888912384
GGML_VK_HOST_COPY #475300 bytes=461312 total=435977897984
GGML_VK_HOST_COPY #475400 bytes=525312 total=436065757184
GGML_VK_HOST_COPY #475500 bytes=1574912 total=436164470784
GGML_VK_HOST_COPY #475600 bytes=461312 total=436262339584
GGML_VK_HOST_COPY #475700 bytes=717312 total=436352963584
GGML_VK_HOST_COPY #475800 bytes=717312 total=436416093184
GGML_VK_HOST_COPY #475900 bytes=1075712 total=436484598272
GGML_VK_HOST_COPY #476000 bytes=461312 total=436561653760
GGML_VK_HOST_COPY #476100 bytes=422912 total=436640078848
GGML_VK_HOST_COPY #476200 bytes=1267712 total=436730946048
GGML_VK_HOST_COPY #476300 bytes=422912 total=436812097536
GGML_VK_HOST_COPY #476400 bytes=461312 total=436902772224
GGML_VK_HOST_COPY #476500 bytes=422912 total=437000858112
GGML_VK_HOST_COPY #476600 bytes=422912 total=437078208512
GGML_VK_HOST_COPY #476700 bytes=422912 total=437150067200
GGML_VK_HOST_COPY #476800 bytes=922112 total=437237285888
GGML_VK_HOST_COPY #476900 bytes=845312 total=437322354176
GGML_VK_HOST_COPY #477000 bytes=845312 total=437436030976
GGML_VK_HOST_COPY #477100 bytes=845312 total=437546750464
GGML_VK_HOST_COPY #477200 bytes=922112 total=437659889152
GGML_VK_HOST_COPY #477300 bytes=2624512 total=437773975040
GGML_VK_HOST_COPY #477400 bytes=2099712 total=437899452928
GGML_VK_HOST_COPY #477500 bytes=922112 total=438031369216
GGML_VK_HOST_COPY #477600 bytes=1382912 total=438136482816
GGML_VK_HOST_COPY #477700 bytes=358912 total=438232021504
GGML_VK_HOST_COPY #477800 bytes=2509312 total=438320955904
GGML_VK_HOST_COPY #477900 bytes=2304512 total=438412194304
GGML_VK_HOST_COPY #478000 bytes=461312 total=438525602304
GGML_VK_HOST_COPY #478100 bytes=422912 total=438630063104
GGML_VK_HOST_COPY #478200 bytes=1690112 total=438735291392
GGML_VK_HOST_COPY #478300 bytes=1843712 total=438841479680
GGML_VK_HOST_COPY #478400 bytes=2624512 total=438948295168
GGML_VK_HOST_COPY #478500 bytes=3149312 total=439096864768
GGML_VK_HOST_COPY #478600 bytes=525312 total=439254880768
GGML_VK_HOST_COPY #478700 bytes=461312 total=439399559168
GGML_SCHED_UPLOAD_STATS layers=48 copies=6102 bytes=5741684736 branch_ms=64.30 id_ms=49.41 wait_ms=948.52
GGML_VK_HOST_COPY #478800 bytes=525312 total=439527118336
GGML_VK_HOST_COPY #478900 bytes=1050112 total=439616385024
GGML_VK_HOST_COPY #479000 bytes=525312 total=439717722624
GGML_VK_HOST_COPY #479100 bytes=1382912 total=439797504512
GGML_VK_HOST_COPY #479200 bytes=1267712 total=439879021568
GGML_VK_HOST_COPY #479300 bytes=422912 total=439955104768
GGML_VK_HOST_COPY #479400 bytes=1267712 total=440029920768
GGML_VK_HOST_COPY #479500 bytes=461312 total=440113914368
GGML_VK_HOST_COPY #479600 bytes=525312 total=440196090368
GGML_VK_HOST_COPY #479700 bytes=525312 total=440287981056
GGML_VK_HOST_COPY #479800 bytes=922112 total=440382713344
GGML_VK_HOST_COPY #479900 bytes=922112 total=440460639744
GGML_VK_HOST_COPY #480000 bytes=525312 total=440549304832
GGML_VK_HOST_COPY #480100 bytes=1050112 total=440633324032
GGML_VK_HOST_COPY #480200 bytes=1382912 total=440714104832
GGML_VK_HOST_COPY #480300 bytes=461312 total=440789727232
GGML_VK_HOST_COPY #480400 bytes=1690112 total=440859589632
GGML_VK_HOST_COPY #480500 bytes=422912 total=440928492032
GGML_VK_HOST_COPY #480600 bytes=461312 total=441006149632
GGML_VK_HOST_COPY #480700 bytes=1574912 total=441087263232
GGML_VK_HOST_COPY #480800 bytes=525312 total=441181778432
GGML_VK_HOST_COPY #480900 bytes=525312 total=441280492032
GGML_VK_HOST_COPY #481000 bytes=461312 total=441363602432
GGML_VK_HOST_COPY #481100 bytes=1050112 total=441456684032
GGML_VK_HOST_COPY #481200 bytes=525312 total=441554348032
GGML_VK_HOST_COPY #481300 bytes=461312 total=441647660032
GGML_VK_HOST_COPY #481400 bytes=461312 total=441735724032
GGML_VK_HOST_COPY #481500 bytes=1050112 total=441825810432
GGML_VK_HOST_COPY #481600 bytes=2624512 total=441928197632
GGML_VK_HOST_COPY #481700 bytes=922112 total=442024824832
GGML_VK_HOST_COPY #481800 bytes=3226112 total=442115192832
GGML_VK_HOST_COPY #481900 bytes=358912 total=442177605632
GGML_VK_HOST_COPY #482000 bytes=717312 total=442245752320
GGML_VK_HOST_COPY #482100 bytes=1843712 total=442323831808
GGML_VK_HOST_COPY #482200 bytes=845312 total=442406711296
GGML_VK_HOST_COPY #482300 bytes=845312 total=442494199296
GGML_VK_HOST_COPY #482400 bytes=422912 total=442580841984
GGML_VK_HOST_COPY #482500 bytes=461312 total=442675779072
GGML_VK_HOST_COPY #482600 bytes=422912 total=442778780160
GGML_VK_HOST_COPY #482700 bytes=422912 total=442855708160
GGML_VK_HOST_COPY #482800 bytes=845312 total=442929256960
GGML_VK_HOST_COPY #482900 bytes=461312 total=443016130560
GGML_VK_HOST_COPY #483000 bytes=845312 total=443100815360
GGML_VK_HOST_COPY #483100 bytes=422912 total=443210268160
GGML_VK_HOST_COPY #483200 bytes=2534912 total=443316763648
GGML_VK_HOST_COPY #483300 bytes=1843712 total=443416539136
GGML_VK_HOST_COPY #483400 bytes=1574912 total=443534465024
GGML_VK_HOST_COPY #483500 bytes=1050112 total=443669389312
GGML_VK_HOST_COPY #483600 bytes=1050112 total=443805363712
GGML_VK_HOST_COPY #483700 bytes=3226112 total=443916275200
GGML_VK_HOST_COPY #483800 bytes=358912 total=444016165888
GGML_VK_HOST_COPY #483900 bytes=358912 total=444102233088
GGML_VK_HOST_COPY #484000 bytes=717312 total=444181849088
GGML_VK_HOST_COPY #484100 bytes=461312 total=444281381888
GGML_VK_HOST_COPY #484200 bytes=1690112 total=444388722688
GGML_VK_HOST_COPY #484300 bytes=845312 total=444488037376
GGML_VK_HOST_COPY #484400 bytes=422912 total=444584395776
GGML_VK_HOST_COPY #484500 bytes=922112 total=444689086464
GGML_VK_HOST_COPY #484600 bytes=3149312 total=444818020352
GGML_VK_HOST_COPY #484700 bytes=2624512 total=444984957952
GGML_VK_HOST_COPY #484800 bytes=461312 total=445149143552
GGML_SCHED_UPLOAD_STATS layers=48 copies=6129 bytes=5791184896 branch_ms=52.91 id_ms=47.90 wait_ms=952.84
GGML_VK_HOST_COPY #484900 bytes=4198912 total=445297809920
GGML_VK_HOST_COPY #485000 bytes=525312 total=445395473920
GGML_VK_HOST_COPY #485100 bytes=525312 total=445485790208
GGML_VK_HOST_COPY #485200 bytes=1382912 total=445574736896
GGML_VK_HOST_COPY #485300 bytes=845312 total=445658711552
GGML_VK_HOST_COPY #485400 bytes=845312 total=445732260352
GGML_VK_HOST_COPY #485500 bytes=422912 total=445811300352
GGML_VK_HOST_COPY #485600 bytes=461312 total=445887460352
GGML_VK_HOST_COPY #485700 bytes=525312 total=445972029952
GGML_VK_HOST_COPY #485800 bytes=524800 total=446065495040
GGML_VK_HOST_COPY #485900 bytes=525312 total=446155287040
GGML_VK_HOST_COPY #486000 bytes=922112 total=446237539328
GGML_VK_HOST_COPY #486100 bytes=1050112 total=446323081216
GGML_VK_HOST_COPY #486200 bytes=1574912 total=446403426816
GGML_VK_HOST_COPY #486300 bytes=525312 total=446487970816
GGML_VK_HOST_COPY #486400 bytes=461312 total=446562428416
GGML_VK_HOST_COPY #486500 bytes=422912 total=446633481216
GGML_VK_HOST_COPY #486600 bytes=422912 total=446709564416
GGML_VK_HOST_COPY #486700 bytes=922112 total=446781769216
GGML_VK_HOST_COPY #486800 bytes=525312 total=446861270016
GGML_VK_HOST_COPY #486900 bytes=525312 total=446952636416
GGML_VK_HOST_COPY #487000 bytes=1050112 total=447038754816
GGML_VK_HOST_COPY #487100 bytes=461312 total=447124220416
GGML_VK_HOST_COPY #487200 bytes=525312 total=447214550016
GGML_VK_HOST_COPY #487300 bytes=1050112 total=447313788416
GGML_VK_HOST_COPY #487400 bytes=525312 total=447414601216
GGML_VK_HOST_COPY #487500 bytes=461312 total=447500233216
GGML_VK_HOST_COPY #487600 bytes=1050112 total=447589577216
GGML_VK_HOST_COPY #487700 bytes=525312 total=447692489216
GGML_VK_HOST_COPY #487800 bytes=922112 total=447796322816
GGML_VK_HOST_COPY #487900 bytes=461312 total=447881161216
GGML_VK_HOST_COPY #488000 bytes=358912 total=447953967616
GGML_VK_HOST_COPY #488100 bytes=358912 total=448022831104
GGML_VK_HOST_COPY #488200 bytes=461312 total=448087905792
GGML_VK_HOST_COPY #488300 bytes=922112 total=448169979392
GGML_VK_HOST_COPY #488400 bytes=1267712 total=448259118080
GGML_VK_HOST_COPY #488500 bytes=845312 total=448347450368
GGML_VK_HOST_COPY #488600 bytes=461312 total=448439085056
GGML_VK_HOST_COPY #488700 bytes=3226112 total=448538669056
GGML_VK_HOST_COPY #488800 bytes=2957312 total=448616556544
GGML_VK_HOST_COPY #488900 bytes=1690112 total=448699398144
GGML_VK_HOST_COPY #489000 bytes=922112 total=448781894144
GGML_VK_HOST_COPY #489100 bytes=461312 total=448865350144
GGML_VK_HOST_COPY #489200 bytes=845312 total=448978412544
GGML_VK_HOST_COPY #489300 bytes=1267712 total=449087442432
GGML_VK_HOST_COPY #489400 bytes=922112 total=449202501120
GGML_VK_HOST_COPY #489500 bytes=2099712 total=449326225408
GGML_VK_HOST_COPY #489600 bytes=525312 total=449460624896
GGML_VK_HOST_COPY #489700 bytes=1574912 total=449591351296
GGML_VK_HOST_COPY #489800 bytes=461312 total=449697347584
GGML_VK_HOST_COPY #489900 bytes=358912 total=449797033472
GGML_VK_HOST_COPY #490000 bytes=1792512 total=449889193472
GGML_VK_HOST_COPY #490100 bytes=1843712 total=449990159872
GGML_VK_HOST_COPY #490200 bytes=1382912 total=450100342272
GGML_VK_HOST_COPY #490300 bytes=422912 total=450204726272
GGML_VK_HOST_COPY #490400 bytes=1267712 total=450311644160
GGML_VK_HOST_COPY #490500 bytes=461312 total=450411842048
GGML_VK_HOST_COPY #490600 bytes=1382912 total=450514651648
GGML_VK_HOST_COPY #490700 bytes=3674112 total=450665716736
GGML_VK_HOST_COPY #490800 bytes=525312 total=450819009536
GGML_VK_HOST_COPY #490900 bytes=1843712 total=450961652736
GGML_SCHED_UPLOAD_STATS layers=48 copies=6066 bytes=5747171840 branch_ms=56.74 id_ms=50.79 wait_ms=952.75
3.47.517.690 I slot print_timing: id  0 | task 8 | prompt processing, n_tokens =  34816, progress = 0.27, t = 143.63 s / 242.40 tokens per second
GGML_VK_HOST_COPY #491000 bytes=1574912 total=451088021504
GGML_VK_HOST_COPY #491100 bytes=525312 total=451176238592
GGML_VK_HOST_COPY #491200 bytes=1050112 total=451278100992
GGML_VK_HOST_COPY #491300 bytes=1843712 total=451358676480
GGML_VK_HOST_COPY #491400 bytes=422912 total=451438772736
GGML_VK_HOST_COPY #491500 bytes=422912 total=451516123136
GGML_VK_HOST_COPY #491600 bytes=422912 total=451590939136
GGML_VK_HOST_COPY #491700 bytes=461312 total=451674702336
GGML_VK_HOST_COPY #491800 bytes=525312 total=451756212736
GGML_VK_HOST_COPY #491900 bytes=525312 total=451850727424
GGML_VK_HOST_COPY #492000 bytes=922112 total=451944422912
GGML_VK_HOST_COPY #492100 bytes=461312 total=452021888512
GGML_VK_HOST_COPY #492200 bytes=525312 total=452110476800
GGML_VK_HOST_COPY #492300 bytes=525312 total=452193446400
GGML_VK_HOST_COPY #492400 bytes=461312 total=452272793600
GGML_VK_HOST_COPY #492500 bytes=922112 total=452347033600
GGML_VK_HOST_COPY #492600 bytes=845312 total=452417971200
GGML_VK_HOST_COPY #492700 bytes=845312 total=452488140800
GGML_VK_HOST_COPY #492800 bytes=461312 total=452567142400
GGML_VK_HOST_COPY #492900 bytes=1050112 total=452648000000
GGML_VK_HOST_COPY #493000 bytes=1050112 total=452740940800
GGML_VK_HOST_COPY #493100 bytes=525312 total=452833881600
GGML_VK_HOST_COPY #493200 bytes=2765312 total=452916172800
GGML_VK_HOST_COPY #493300 bytes=525312 total=453009612800
GGML_VK_HOST_COPY #493400 bytes=1050112 total=453103603200
GGML_VK_HOST_COPY #493500 bytes=922112 total=453202278400
GGML_VK_HOST_COPY #493600 bytes=461312 total=453288960000
GGML_VK_HOST_COPY #493700 bytes=1050112 total=453376243200
GGML_VK_HOST_COPY #493800 bytes=525312 total=453473907200
GGML_VK_HOST_COPY #493900 bytes=922112 total=453571174400
GGML_VK_HOST_COPY #494000 bytes=1382912 total=453654630400
GGML_VK_HOST_COPY #494100 bytes=358912 total=453721036800
GGML_VK_HOST_COPY #494200 bytes=358912 total=453788108288
GGML_VK_HOST_COPY #494300 bytes=2304512 total=453860709376
GGML_VK_HOST_COPY #494400 bytes=422912 total=453940555264
GGML_VK_HOST_COPY #494500 bytes=422912 total=454030155264
GGML_VK_HOST_COPY #494600 bytes=2534912 total=454115108352
GGML_VK_HOST_COPY #494700 bytes=1382912 total=454209738240
GGML_VK_HOST_COPY #494800 bytes=1690112 total=454308899328
GGML_VK_HOST_COPY #494900 bytes=422912 total=454389206528
GGML_VK_HOST_COPY #495000 bytes=422912 total=454465289728
GGML_VK_HOST_COPY #495100 bytes=461312 total=454554160128
GGML_VK_HOST_COPY #495200 bytes=422912 total=454641110528
GGML_VK_HOST_COPY #495300 bytes=422912 total=454752675328
GGML_VK_HOST_COPY #495400 bytes=2112512 total=454863394816
GGML_VK_HOST_COPY #495500 bytes=922112 total=454972155904
GGML_VK_HOST_COPY #495600 bytes=2099712 total=455092974592
GGML_VK_HOST_COPY #495700 bytes=525312 total=455233671680
GGML_VK_HOST_COPY #495800 bytes=461312 total=455367162368
GGML_VK_HOST_COPY #495900 bytes=1434112 total=455494752256
GGML_VK_HOST_COPY #496000 bytes=1434112 total=455585120256
GGML_VK_HOST_COPY #496100 bytes=358912 total=455667602944
GGML_VK_HOST_COPY #496200 bytes=1382912 total=455769490432
GGML_VK_HOST_COPY #496300 bytes=1690112 total=455888081920
GGML_VK_HOST_COPY #496400 bytes=2534912 total=455982327808
GGML_VK_HOST_COPY #496500 bytes=1267712 total=456076574208
GGML_VK_HOST_COPY #496600 bytes=461312 total=456185949696
GGML_VK_HOST_COPY #496700 bytes=1050112 total=456294672384
GGML_VK_HOST_COPY #496800 bytes=525312 total=456458461184
GGML_VK_HOST_COPY #496900 bytes=461312 total=456627574784
GGML_VK_HOST_COPY #497000 bytes=1843712 total=456778307584
GGML_SCHED_UPLOAD_STATS layers=48 copies=6060 bytes=5745784832 branch_ms=54.49 id_ms=49.38 wait_ms=954.22
GGML_VK_HOST_COPY #497100 bytes=1574912 total=456877898752
GGML_VK_HOST_COPY #497200 bytes=525312 total=456972938240
GGML_VK_HOST_COPY #497300 bytes=922112 total=457060080128
GGML_VK_HOST_COPY #497400 bytes=922112 total=457149526528
GGML_VK_HOST_COPY #497500 bytes=2957312 total=457227587584
GGML_VK_HOST_COPY #497600 bytes=422912 total=457300291584
GGML_VK_HOST_COPY #497700 bytes=461312 total=457379331584
GGML_VK_HOST_COPY #497800 bytes=2304512 total=457462787584
GGML_VK_HOST_COPY #497900 bytes=525312 total=457552912384
GGML_VK_HOST_COPY #498000 bytes=1050112 total=457642179072
GGML_VK_HOST_COPY #498100 bytes=1382912 total=457726184960
GGML_VK_HOST_COPY #498200 bytes=1050112 total=457811022848
GGML_VK_HOST_COPY #498300 bytes=525312 total=457895042048
GGML_VK_HOST_COPY #498400 bytes=525312 total=457981160448
GGML_VK_HOST_COPY #498500 bytes=461312 total=458057909248
GGML_VK_HOST_COPY #498600 bytes=845312 total=458128654848
GGML_VK_HOST_COPY #498700 bytes=422912 total=458202203648
GGML_VK_HOST_COPY #498800 bytes=422912 total=458274485248
GGML_VK_HOST_COPY #498900 bytes=461312 total=458354562048
GGML_VK_HOST_COPY #499000 bytes=1574912 total=458438798848
GGML_VK_HOST_COPY #499100 bytes=525312 total=458529115648
GGML_VK_HOST_COPY #499200 bytes=461312 total=458619419648
GGML_VK_HOST_COPY #499300 bytes=922112 total=458701954048
GGML_VK_HOST_COPY #499400 bytes=525312 total=458797390848
GGML_VK_HOST_COPY #499500 bytes=2624512 total=458895579648
GGML_VK_HOST_COPY #499600 bytes=1843712 total=458985678848
GGML_VK_HOST_COPY #499700 bytes=1574912 total=459070363648
GGML_VK_HOST_COPY #499800 bytes=525312 total=459165403648
GGML_VK_HOST_COPY #499900 bytes=525312 total=459266216448
GGML_VK_HOST_COPY #500000 bytes=461312 total=459360872448
GGML_VK_HOST_COPY #500100 bytes=358912 total=459447144448
GGML_VK_HOST_COPY #500200 bytes=717312 total=459512066048
GGML_VK_HOST_COPY #500300 bytes=358912 total=459572686336
GGML_VK_HOST_COPY #500400 bytes=461312 total=459646362624
GGML_VK_HOST_COPY #500500 bytes=845312 total=459731622912
GGML_VK_HOST_COPY #500600 bytes=422912 total=459819110912
GGML_VK_HOST_COPY #500700 bytes=422912 total=459904064000
GGML_VK_HOST_COPY #500800 bytes=922112 total=459993394688
GGML_VK_HOST_COPY #500900 bytes=845312 total=460088830976
GGML_VK_HOST_COPY #501000 bytes=845312 total=460167870976
GGML_VK_HOST_COPY #501100 bytes=845312 total=460241419776
GGML_VK_HOST_COPY #501200 bytes=461312 total=460330136576
GGML_VK_HOST_COPY #501300 bytes=422912 total=460416741376
GGML_VK_HOST_COPY #501400 bytes=1690112 total=460521547776
GGML_VK_HOST_COPY #501500 bytes=422912 total=460625508864
GGML_VK_HOST_COPY #501600 bytes=461312 total=460723709952
GGML_VK_HOST_COPY #501700 bytes=525312 total=460834544640
GGML_VK_HOST_COPY #501800 bytes=525312 total=460971568128
GGML_VK_HOST_COPY #501900 bytes=525312 total=461109116928
GGML_VK_HOST_COPY #502000 bytes=1382912 total=461217250816
GGML_VK_HOST_COPY #502100 bytes=358912 total=461321698304
GGML_VK_HOST_COPY #502200 bytes=358912 total=461412066304
GGML_VK_HOST_COPY #502300 bytes=922112 total=461515541504
GGML_VK_HOST_COPY #502400 bytes=2112512 total=461640123904
GGML_VK_HOST_COPY #502500 bytes=422912 total=461739861504
GGML_VK_HOST_COPY #502600 bytes=422912 total=461840443392
GGML_VK_HOST_COPY #502700 bytes=1843712 total=461949665280
GGML_VK_HOST_COPY #502800 bytes=1574912 total=462061152768
GGML_VK_HOST_COPY #502900 bytes=1050112 total=462221267968
GGML_VK_HOST_COPY #503000 bytes=3149312 total=462366163968
GGML_VK_HOST_COPY #503100 bytes=922112 total=462498605568
GGML_SCHED_UPLOAD_STATS layers=48 copies=6129 bytes=5762820096 branch_ms=67.45 id_ms=46.85 wait_ms=957.66
GGML_VK_HOST_COPY #503200 bytes=525312 total=462622324736
GGML_VK_HOST_COPY #503300 bytes=1050112 total=462716314624
GGML_VK_HOST_COPY #503400 bytes=1050112 total=462812404224
GGML_VK_HOST_COPY #503500 bytes=1382912 total=462893325312
GGML_VK_HOST_COPY #503600 bytes=845312 total=462973421568
GGML_VK_HOST_COPY #503700 bytes=422912 total=463051616768
GGML_VK_HOST_COPY #503800 bytes=2112512 total=463126855168
GGML_VK_HOST_COPY #503900 bytes=461312 total=463209735168
GGML_VK_HOST_COPY #504000 bytes=525312 total=463296544768
GGML_VK_HOST_COPY #504100 bytes=525312 total=463385286656
GGML_VK_HOST_COPY #504200 bytes=461312 total=463477356544
GGML_VK_HOST_COPY #504300 bytes=1843712 total=463558047744
GGML_VK_HOST_COPY #504400 bytes=1050112 total=463645164032
GGML_VK_HOST_COPY #504500 bytes=1574912 total=463729708032
GGML_VK_HOST_COPY #504600 bytes=1843712 total=463809208832
GGML_VK_HOST_COPY #504700 bytes=461312 total=463885292032
GGML_VK_HOST_COPY #504800 bytes=845312 total=463955615232
GGML_VK_HOST_COPY #504900 bytes=845312 total=464027052032
GGML_VK_HOST_COPY #505000 bytes=1382912 total=464104632832
GGML_VK_HOST_COPY #505100 bytes=525312 total=464187820032
GGML_VK_HOST_COPY #505200 bytes=525312 total=464281810432
GGML_VK_HOST_COPY #505300 bytes=461312 total=464375941632
GGML_VK_HOST_COPY #505400 bytes=461312 total=464458936832
GGML_VK_HOST_COPY #505500 bytes=1050112 total=464556383232
GGML_VK_HOST_COPY #505600 bytes=525312 total=464656146432
GGML_VK_HOST_COPY #505700 bytes=461312 total=464749445632
GGML_VK_HOST_COPY #505800 bytes=525312 total=464834668032
GGML_VK_HOST_COPY #505900 bytes=1574912 total=464927084032
GGML_VK_HOST_COPY #506000 bytes=525312 total=465024223232
GGML_VK_HOST_COPY #506100 bytes=461312 total=465117752832
GGML_VK_HOST_COPY #506200 bytes=358912 total=465200440832
GGML_VK_HOST_COPY #506300 bytes=717312 total=465261420032
GGML_VK_HOST_COPY #506400 bytes=358912 total=465322398720
GGML_VK_HOST_COPY #506500 bytes=461312 total=465392542208
GGML_VK_HOST_COPY #506600 bytes=422912 total=465472810496
GGML_VK_HOST_COPY #506700 bytes=845312 total=465565367296
GGML_VK_HOST_COPY #506800 bytes=2112512 total=465655811584
GGML_VK_HOST_COPY #506900 bytes=2304512 total=465745948672
GGML_VK_HOST_COPY #507000 bytes=845312 total=465846760960
GGML_VK_HOST_COPY #507100 bytes=845312 total=465921999360
GGML_VK_HOST_COPY #507200 bytes=845312 total=465999772160
GGML_VK_HOST_COPY #507300 bytes=922112 total=466083074560
GGML_VK_HOST_COPY #507400 bytes=845312 total=466168757760
GGML_VK_HOST_COPY #507500 bytes=845312 total=466276098048
GGML_VK_HOST_COPY #507600 bytes=845312 total=466382594048
GGML_VK_HOST_COPY #507700 bytes=2304512 total=466495924736
GGML_VK_HOST_COPY #507800 bytes=3674112 total=466610125824
GGML_VK_HOST_COPY #507900 bytes=525312 total=466746624512
GGML_VK_HOST_COPY #508000 bytes=922112 total=466879001600
GGML_VK_HOST_COPY #508100 bytes=2150912 total=467005106688
GGML_VK_HOST_COPY #508200 bytes=1075712 total=467095474688
GGML_VK_HOST_COPY #508300 bytes=358912 total=467187276288
GGML_VK_HOST_COPY #508400 bytes=922112 total=467291161088
GGML_VK_HOST_COPY #508500 bytes=422912 total=467409215488
GGML_VK_HOST_COPY #508600 bytes=422912 total=467514866176
GGML_VK_HOST_COPY #508700 bytes=422912 total=467618405376
GGML_VK_HOST_COPY #508800 bytes=1843712 total=467729739264
GGML_VK_HOST_COPY #508900 bytes=4198912 total=467849073152
GGML_VK_HOST_COPY #509000 bytes=525312 total=468010762752
GGML_VK_HOST_COPY #509100 bytes=922112 total=468175332352
GGML_SCHED_UPLOAD_STATS layers=48 copies=6042 bytes=5728932352 branch_ms=54.54 id_ms=49.44 wait_ms=960.13
GGML_VK_HOST_COPY #509200 bytes=525312 total=468317112320
GGML_VK_HOST_COPY #509300 bytes=1050112 total=468418974720
GGML_VK_HOST_COPY #509400 bytes=2099712 total=468508766208
GGML_VK_HOST_COPY #509500 bytes=1843712 total=468597239296
GGML_VK_HOST_COPY #509600 bytes=422912 total=468682404352
GGML_VK_HOST_COPY #509700 bytes=422912 total=468754685952
GGML_VK_HOST_COPY #509800 bytes=845312 total=468834148352
GGML_VK_HOST_COPY #509900 bytes=922112 total=468911345152
GGML_VK_HOST_COPY #510000 bytes=525312 total=468997105152
GGML_VK_HOST_COPY #510100 bytes=525312 total=469091095552
GGML_VK_HOST_COPY #510200 bytes=525312 total=469180887040
GGML_VK_HOST_COPY #510300 bytes=461312 total=469263139328
GGML_VK_HOST_COPY #510400 bytes=1050112 total=469349794816
GGML_VK_HOST_COPY #510500 bytes=525312 total=469433814016
GGML_VK_HOST_COPY #510600 bytes=525312 total=469520457216
GGML_VK_HOST_COPY #510700 bytes=461312 total=469598217216
GGML_VK_HOST_COPY #510800 bytes=845312 total=469667618816
GGML_VK_HOST_COPY #510900 bytes=422912 total=469744546816
GGML_VK_HOST_COPY #511000 bytes=461312 total=469818249216
GGML_VK_HOST_COPY #511100 bytes=525312 total=469896892416
GGML_VK_HOST_COPY #511200 bytes=525312 total=469988258816
GGML_VK_HOST_COPY #511300 bytes=2099712 total=470081199616
GGML_VK_HOST_COPY #511400 bytes=1843712 total=470163926016
GGML_VK_HOST_COPY #511500 bytes=525312 total=470261193216
GGML_VK_HOST_COPY #511600 bytes=1574912 total=470358332416
GGML_VK_HOST_COPY #511700 bytes=525312 total=470459145216
GGML_VK_HOST_COPY #511800 bytes=922112 total=470546518016
GGML_VK_HOST_COPY #511900 bytes=525312 total=470636156416
GGML_VK_HOST_COPY #512000 bytes=525312 total=470733820416
GGML_VK_HOST_COPY #512100 bytes=2304512 total=470834466816
GGML_VK_HOST_COPY #512200 bytes=1382912 total=470915618816
GGML_VK_HOST_COPY #512300 bytes=358912 total=470985097216
GGML_VK_HOST_COPY #512400 bytes=358912 total=471046792704
GGML_VK_HOST_COPY #512500 bytes=1843712 total=471110740992
GGML_VK_HOST_COPY #512600 bytes=3686912 total=471192353792
GGML_VK_HOST_COPY #512700 bytes=422912 total=471270510080
GGML_VK_HOST_COPY #512800 bytes=422912 total=471355463168
GGML_VK_HOST_COPY #512900 bytes=922112 total=471443104256
GGML_VK_HOST_COPY #513000 bytes=922112 total=471535315456
GGML_VK_HOST_COPY #513100 bytes=422912 total=471616274944
GGML_VK_HOST_COPY #513200 bytes=422912 total=471703762944
GGML_VK_HOST_COPY #513300 bytes=1843712 total=471790444544
GGML_VK_HOST_COPY #513400 bytes=461312 total=471883116544
GGML_VK_HOST_COPY #513500 bytes=422912 total=471985158144
GGML_VK_HOST_COPY #513600 bytes=2534912 total=472081938432
GGML_VK_HOST_COPY #513700 bytes=461312 total=472181560320
GGML_VK_HOST_COPY #513800 bytes=1050112 total=472293444608
GGML_VK_HOST_COPY #513900 bytes=2099712 total=472426795008
GGML_VK_HOST_COPY #514000 bytes=525312 total=472548074496
GGML_VK_HOST_COPY #514100 bytes=461312 total=472665757184
GGML_VK_HOST_COPY #514200 bytes=2509312 total=472771484672
GGML_VK_HOST_COPY #514300 bytes=358912 total=472865078272
GGML_VK_HOST_COPY #514400 bytes=461312 total=472957443072
GGML_VK_HOST_COPY #514500 bytes=922112 total=473072233472
GGML_VK_HOST_COPY #514600 bytes=422912 total=473180150272
GGML_VK_HOST_COPY #514700 bytes=845312 total=473293404672
GGML_VK_HOST_COPY #514800 bytes=922112 total=473398019072
GGML_VK_HOST_COPY #514900 bytes=1050112 total=473519388672
GGML_VK_HOST_COPY #515000 bytes=1050112 total=473680553472
GGML_VK_HOST_COPY #515100 bytes=525312 total=473825449472
GGML_VK_HOST_COPY #515200 bytes=1382912 total=473966031872
GGML_SCHED_UPLOAD_STATS layers=48 copies=6051 bytes=5717981696 branch_ms=54.43 id_ms=49.29 wait_ms=971.80
3.58.381.467 I slot print_timing: id  0 | task 8 | prompt processing, n_tokens =  36864, progress = 0.29, t = 154.50 s / 238.61 tokens per second
GGML_VK_HOST_COPY #515300 bytes=525312 total=474093360640
GGML_VK_HOST_COPY #515400 bytes=1050112 total=474186300928
GGML_VK_HOST_COPY #515500 bytes=525312 total=474283964928
GGML_VK_HOST_COPY #515600 bytes=461312 total=474363055616
GGML_VK_HOST_COPY #515700 bytes=2112512 total=474445110272
GGML_VK_HOST_COPY #515800 bytes=1267712 total=474522038272
GGML_VK_HOST_COPY #515900 bytes=845312 total=474597276672
GGML_VK_HOST_COPY #516000 bytes=461312 total=474678159872
GGML_VK_HOST_COPY #516100 bytes=2624512 total=474767324672
GGML_VK_HOST_COPY #516200 bytes=1050112 total=474853967360
GGML_VK_HOST_COPY #516300 bytes=461312 total=474945192448
GGML_VK_HOST_COPY #516400 bytes=461312 total=475026344448
GGML_VK_HOST_COPY #516500 bytes=1050112 total=475112859136
GGML_VK_HOST_COPY #516600 bytes=525312 total=475194779136
GGML_VK_HOST_COPY #516700 bytes=461312 total=475273691136
GGML_VK_HOST_COPY #516800 bytes=461312 total=475348852736
GGML_VK_HOST_COPY #516900 bytes=845312 total=475418753536
GGML_VK_HOST_COPY #517000 bytes=422912 total=475489345536
GGML_VK_HOST_COPY #517100 bytes=461312 total=475566811136
GGML_VK_HOST_COPY #517200 bytes=1574912 total=475651380736
GGML_VK_HOST_COPY #517300 bytes=1050112 total=475743796736
GGML_VK_HOST_COPY #517400 bytes=461312 total=475837659136
GGML_VK_HOST_COPY #517500 bytes=461312 total=475917428736
GGML_VK_HOST_COPY #517600 bytes=1050112 total=476014171136
GGML_VK_HOST_COPY #517700 bytes=525312 total=476114459136
GGML_VK_HOST_COPY #517800 bytes=461312 total=476208731136
GGML_VK_HOST_COPY #517900 bytes=1050112 total=476294619136
GGML_VK_HOST_COPY #518000 bytes=525312 total=476387559936
GGML_VK_HOST_COPY #518100 bytes=525312 total=476485223936
GGML_VK_HOST_COPY #518200 bytes=922112 total=476579931136
GGML_VK_HOST_COPY #518300 bytes=1075712 total=476665076736
GGML_VK_HOST_COPY #518400 bytes=717312 total=476729281536
GGML_VK_HOST_COPY #518500 bytes=358912 total=476792410624
GGML_VK_HOST_COPY #518600 bytes=461312 total=476866957312
GGML_VK_HOST_COPY #518700 bytes=1690112 total=476949798400
GGML_VK_HOST_COPY #518800 bytes=845312 total=477039820800
GGML_VK_HOST_COPY #518900 bytes=422912 total=477123506688
GGML_VK_HOST_COPY #519000 bytes=461312 total=477212760576
GGML_VK_HOST_COPY #519100 bytes=422912 total=477313496064
GGML_VK_HOST_COPY #519200 bytes=422912 total=477390424064
GGML_VK_HOST_COPY #519300 bytes=422912 total=477469464064
GGML_VK_HOST_COPY #519400 bytes=922112 total=477555569664
GGML_VK_HOST_COPY #519500 bytes=422912 total=477639256064
GGML_VK_HOST_COPY #519600 bytes=844800 total=477748285952
GGML_VK_HOST_COPY #519700 bytes=3802112 total=477856893952
GGML_VK_HOST_COPY #519800 bytes=922112 total=477961277440
GGML_VK_HOST_COPY #519900 bytes=525312 total=478077424128
GGML_VK_HOST_COPY #520000 bytes=525312 total=478214447616
GGML_VK_HOST_COPY #520100 bytes=2304512 total=478351394304
GGML_VK_HOST_COPY #520200 bytes=1382912 total=478472635904
GGML_VK_HOST_COPY #520300 bytes=1075712 total=478557934592
GGML_VK_HOST_COPY #520400 bytes=717312 total=478637908992
GGML_VK_HOST_COPY #520500 bytes=461312 total=478730427392
GGML_VK_HOST_COPY #520600 bytes=1690112 total=478845601792
GGML_VK_HOST_COPY #520700 bytes=5069312 total=478943649792
GGML_VK_HOST_COPY #520800 bytes=845312 total=479040007680
GGML_VK_HOST_COPY #520900 bytes=922112 total=479139591168
GGML_VK_HOST_COPY #521000 bytes=525312 total=479252038656
GGML_VK_HOST_COPY #521100 bytes=1050112 total=479421075456
GGML_VK_HOST_COPY #521200 bytes=3149312 total=479578566656
GGML_VK_HOST_COPY #521300 bytes=2765312 total=479729977856
GGML_SCHED_UPLOAD_STATS layers=48 copies=6090 bytes=5734102528 branch_ms=54.89 id_ms=49.52 wait_ms=964.40
GGML_VK_HOST_COPY #521400 bytes=1574912 total=479845300224
GGML_VK_HOST_COPY #521500 bytes=1050112 total=479937715712
GGML_VK_HOST_COPY #521600 bytes=525312 total=480032755712
GGML_VK_HOST_COPY #521700 bytes=461312 total=480116403200
GGML_VK_HOST_COPY #521800 bytes=1690112 total=480196461056
GGML_VK_HOST_COPY #521900 bytes=845312 total=480271699456
GGML_VK_HOST_COPY #522000 bytes=461312 total=480348973056
GGML_VK_HOST_COPY #522100 bytes=1382912 total=480428742656
GGML_VK_HOST_COPY #522200 bytes=525312 total=480518739456
GGML_VK_HOST_COPY #522300 bytes=1050112 total=480606956544
GGML_VK_HOST_COPY #522400 bytes=461312 total=480694520832
GGML_VK_HOST_COPY #522500 bytes=1050112 total=480776517120
GGML_VK_HOST_COPY #522600 bytes=525312 total=480864209920
GGML_VK_HOST_COPY #522700 bytes=525312 total=480945605120
GGML_VK_HOST_COPY #522800 bytes=922112 total=481023352320
GGML_VK_HOST_COPY #522900 bytes=845312 total=481098245120
GGML_VK_HOST_COPY #523000 bytes=422912 total=481169259520
GGML_VK_HOST_COPY #523100 bytes=1267712 total=481241963520
GGML_VK_HOST_COPY #523200 bytes=461312 total=481316779520
GGML_VK_HOST_COPY #523300 bytes=525312 total=481399147520
GGML_VK_HOST_COPY #523400 bytes=1574912 total=481495761920
GGML_VK_HOST_COPY #523500 bytes=461312 total=481587550720
GGML_VK_HOST_COPY #523600 bytes=461312 total=481667781120
GGML_VK_HOST_COPY #523700 bytes=1050112 total=481769617920
GGML_VK_HOST_COPY #523800 bytes=525312 total=481867806720
GGML_VK_HOST_COPY #523900 bytes=461312 total=481959928320
GGML_VK_HOST_COPY #524000 bytes=1050112 total=482044625920
GGML_VK_HOST_COPY #524100 bytes=525312 total=482136517120
GGML_VK_HOST_COPY #524200 bytes=1574912 total=482234181120
GGML_VK_HOST_COPY #524300 bytes=461312 total=482326469120
GGML_VK_HOST_COPY #524400 bytes=1792512 total=482411768320
GGML_VK_HOST_COPY #524500 bytes=358912 total=482474897920
GGML_VK_HOST_COPY #524600 bytes=717312 total=482538027008
GGML_VK_HOST_COPY #524700 bytes=461312 total=482611959296
GGML_VK_HOST_COPY #524800 bytes=845312 total=482694454784
GGML_VK_HOST_COPY #524900 bytes=422912 total=482782787584
GGML_VK_HOST_COPY #525000 bytes=422912 total=482866473472
GGML_VK_HOST_COPY #525100 bytes=461312 total=482953999360
GGML_VK_HOST_COPY #525200 bytes=422912 total=483047630848
GGML_VK_HOST_COPY #525300 bytes=422912 total=483131317248
GGML_VK_HOST_COPY #525400 bytes=422912 total=483206978048
GGML_VK_HOST_COPY #525500 bytes=1843712 total=483296501248
GGML_VK_HOST_COPY #525600 bytes=845312 total=483386830848
GGML_VK_HOST_COPY #525700 bytes=1690112 total=483494171136
GGML_VK_HOST_COPY #525800 bytes=422912 total=483594331136
GGML_VK_HOST_COPY #525900 bytes=461312 total=483702285824
GGML_VK_HOST_COPY #526000 bytes=1050112 total=483818112512
GGML_VK_HOST_COPY #526100 bytes=1574912 total=483957760000
GGML_VK_HOST_COPY #526200 bytes=461312 total=484088921088
GGML_VK_HOST_COPY #526300 bytes=461312 total=484215692288
GGML_VK_HOST_COPY #526400 bytes=358912 total=484299301376
GGML_VK_HOST_COPY #526500 bytes=1434112 total=484384293376
GGML_VK_HOST_COPY #526600 bytes=922112 total=484480344576
GGML_VK_HOST_COPY #526700 bytes=845312 total=484593675776
GGML_VK_HOST_COPY #526800 bytes=422912 total=484691723776
GGML_VK_HOST_COPY #526900 bytes=422912 total=484791038464
GGML_VK_HOST_COPY #527000 bytes=922112 total=484893962752
GGML_VK_HOST_COPY #527100 bytes=525312 total=485004131840
GGML_VK_HOST_COPY #527200 bytes=525312 total=485177891840
GGML_VK_HOST_COPY #527300 bytes=922112 total=485357296640
GGML_VK_HOST_COPY #527400 bytes=461312 total=485514019840
GGML_SCHED_UPLOAD_STATS layers=48 copies=6078 bytes=5737603584 branch_ms=54.64 id_ms=49.45 wait_ms=976.30
GGML_VK_HOST_COPY #527500 bytes=1574912 total=485611767808
GGML_VK_HOST_COPY #527600 bytes=525312 total=485706807296
GGML_VK_HOST_COPY #527700 bytes=922112 total=485793949184
GGML_VK_HOST_COPY #527800 bytes=922112 total=485883395584
GGML_VK_HOST_COPY #527900 bytes=2957312 total=485961879040
GGML_VK_HOST_COPY #528000 bytes=422912 total=486034583040
GGML_VK_HOST_COPY #528100 bytes=461312 total=486113200640
GGML_VK_HOST_COPY #528200 bytes=1843712 total=486196656640
GGML_VK_HOST_COPY #528300 bytes=525312 total=486285207040
GGML_VK_HOST_COPY #528400 bytes=1050112 total=486374473728
GGML_VK_HOST_COPY #528500 bytes=1382912 total=486455855616
GGML_VK_HOST_COPY #528600 bytes=1050112 total=486538850304
GGML_VK_HOST_COPY #528700 bytes=525312 total=486622869504
GGML_VK_HOST_COPY #528800 bytes=525312 total=486709512704
GGML_VK_HOST_COPY #528900 bytes=461312 total=486785736704
GGML_VK_HOST_COPY #529000 bytes=845312 total=486856482304
GGML_VK_HOST_COPY #529100 bytes=422912 total=486929186304
GGML_VK_HOST_COPY #529200 bytes=422912 total=487001045504
GGML_VK_HOST_COPY #529300 bytes=922112 total=487080239104
GGML_VK_HOST_COPY #529400 bytes=525312 total=487164015104
GGML_VK_HOST_COPY #529500 bytes=525312 total=487255381504
GGML_VK_HOST_COPY #529600 bytes=461312 total=487345301504
GGML_VK_HOST_COPY #529700 bytes=525312 total=487428744704
GGML_VK_HOST_COPY #529800 bytes=1050112 total=487531656704
GGML_VK_HOST_COPY #529900 bytes=1050112 total=487627746304
GGML_VK_HOST_COPY #530000 bytes=1382912 total=487721570304
GGML_VK_HOST_COPY #530100 bytes=1050112 total=487804168704
GGML_VK_HOST_COPY #530200 bytes=525312 total=487896059904
GGML_VK_HOST_COPY #530300 bytes=1050112 total=487987951104
GGML_VK_HOST_COPY #530400 bytes=461312 total=488079099904
GGML_VK_HOST_COPY #530500 bytes=717312 total=488156872704
GGML_VK_HOST_COPY #530600 bytes=358912 total=488220001792
GGML_VK_HOST_COPY #530700 bytes=717312 total=488280622592
GGML_VK_HOST_COPY #530800 bytes=922112 total=488354862080
GGML_VK_HOST_COPY #530900 bytes=4646912 total=488438163968
GGML_VK_HOST_COPY #531000 bytes=845312 total=488522695168
GGML_VK_HOST_COPY #531100 bytes=845312 total=488602157056
GGML_VK_HOST_COPY #531200 bytes=461312 total=488686994944
GGML_VK_HOST_COPY #531300 bytes=845312 total=488781932032
GGML_VK_HOST_COPY #531400 bytes=422912 total=488863506432
GGML_VK_HOST_COPY #531500 bytes=845312 total=488942124032
GGML_VK_HOST_COPY #531600 bytes=922112 total=489026655232
GGML_VK_HOST_COPY #531700 bytes=1267712 total=489113759232
GGML_VK_HOST_COPY #531800 bytes=422912 total=489226168320
GGML_VK_HOST_COPY #531900 bytes=422912 total=489327595520
GGML_VK_HOST_COPY #532000 bytes=461312 total=489436433408
GGML_VK_HOST_COPY #532100 bytes=525312 total=489552336896
GGML_VK_HOST_COPY #532200 bytes=1050112 total=489676240384
GGML_VK_HOST_COPY #532300 bytes=922112 total=489810780672
GGML_VK_HOST_COPY #532400 bytes=4608512 total=489922345472
GGML_VK_HOST_COPY #532500 bytes=358912 total=490018293760
GGML_VK_HOST_COPY #532600 bytes=358912 total=490103285760
GGML_VK_HOST_COPY #532700 bytes=1843712 total=490203996160
GGML_VK_HOST_COPY #532800 bytes=3379712 total=490329423360
GGML_VK_HOST_COPY #532900 bytes=845312 total=490432117760
GGML_VK_HOST_COPY #533000 bytes=3379712 total=490539458048
GGML_VK_HOST_COPY #533100 bytes=2765312 total=490654631936
GGML_VK_HOST_COPY #533200 bytes=1050112 total=490763892224
GGML_VK_HOST_COPY #533300 bytes=1050112 total=490930829824
GGML_VK_HOST_COPY #533400 bytes=525312 total=491095668224
GGML_VK_HOST_COPY #533500 bytes=461312 total=491225665024
GGML_SCHED_UPLOAD_STATS layers=48 copies=6105 bytes=5726507008 branch_ms=54.65 id_ms=49.45 wait_ms=979.64
GGML_VK_HOST_COPY #533600 bytes=525312 total=491342459392
GGML_VK_HOST_COPY #533700 bytes=1574912 total=491436974080
GGML_VK_HOST_COPY #533800 bytes=461312 total=491526791168
GGML_VK_HOST_COPY #533900 bytes=1382912 total=491614855168
GGML_VK_HOST_COPY #534000 bytes=422912 total=491691687424
GGML_VK_HOST_COPY #534100 bytes=422912 total=491765658624
GGML_VK_HOST_COPY #534200 bytes=1843712 total=491845121024
GGML_VK_HOST_COPY #534300 bytes=461312 total=491925351424
GGML_VK_HOST_COPY #534400 bytes=525312 total=492016423424
GGML_VK_HOST_COPY #534500 bytes=1050112 total=492103590912
GGML_VK_HOST_COPY #534600 bytes=461312 total=492188160000
GGML_VK_HOST_COPY #534700 bytes=525312 total=492269874688
GGML_VK_HOST_COPY #534800 bytes=525312 total=492359141888
GGML_VK_HOST_COPY #534900 bytes=1574912 total=492444735488
GGML_VK_HOST_COPY #535000 bytes=461312 total=492521522688
GGML_VK_HOST_COPY #535100 bytes=845312 total=492595109888
GGML_VK_HOST_COPY #535200 bytes=845312 total=492667391488
GGML_VK_HOST_COPY #535300 bytes=422912 total=492741785088
GGML_VK_HOST_COPY #535400 bytes=922112 total=492821708288
GGML_VK_HOST_COPY #535500 bytes=1574912 total=492904895488
GGML_VK_HOST_COPY #535600 bytes=525312 total=492995737088
GGML_VK_HOST_COPY #535700 bytes=461312 total=493085593088
GGML_VK_HOST_COPY #535800 bytes=1050112 total=493169753088
GGML_VK_HOST_COPY #535900 bytes=525312 total=493271615488
GGML_VK_HOST_COPY #536000 bytes=1050112 total=493366655488
GGML_VK_HOST_COPY #536100 bytes=922112 total=493459225088
GGML_VK_HOST_COPY #536200 bytes=1050112 total=493540389888
GGML_VK_HOST_COPY #536300 bytes=3149312 total=493638053888
GGML_VK_HOST_COPY #536400 bytes=3149312 total=493735717888
GGML_VK_HOST_COPY #536500 bytes=922112 total=493828453888
GGML_VK_HOST_COPY #536600 bytes=358912 total=493907353088
GGML_VK_HOST_COPY #536700 bytes=358912 total=493969406976
GGML_VK_HOST_COPY #536800 bytes=717312 total=494029310976
GGML_VK_HOST_COPY #536900 bytes=922112 total=494104676864
GGML_VK_HOST_COPY #537000 bytes=1690112 total=494191626752
GGML_VK_HOST_COPY #537100 bytes=845312 total=494277424640
GGML_VK_HOST_COPY #537200 bytes=422912 total=494360688640
GGML_VK_HOST_COPY #537300 bytes=922112 total=494451401728
GGML_VK_HOST_COPY #537400 bytes=845312 total=494550063616
GGML_VK_HOST_COPY #537500 bytes=422912 total=494630793216
GGML_VK_HOST_COPY #537600 bytes=845312 total=494714479616
GGML_VK_HOST_COPY #537700 bytes=1382912 total=494803734016
GGML_VK_HOST_COPY #537800 bytes=422912 total=494899746816
GGML_VK_HOST_COPY #537900 bytes=2534912 total=495013000704
GGML_VK_HOST_COPY #538000 bytes=461312 total=495126753792
GGML_VK_HOST_COPY #538100 bytes=1382912 total=495254907392
GGML_VK_HOST_COPY #538200 bytes=1574912 total=495374228480
GGML_VK_HOST_COPY #538300 bytes=1050112 total=495509677568
GGML_VK_HOST_COPY #538400 bytes=461312 total=495631072256
GGML_VK_HOST_COPY #538500 bytes=1075712 total=495743711744
GGML_VK_HOST_COPY #538600 bytes=358912 total=495830495744
GGML_VK_HOST_COPY #538700 bytes=1434112 total=495919071744
GGML_VK_HOST_COPY #538800 bytes=922112 total=496023110144
GGML_VK_HOST_COPY #538900 bytes=1267712 total=496132831744
GGML_VK_HOST_COPY #539000 bytes=422912 total=496241016832
GGML_VK_HOST_COPY #539100 bytes=1382912 total=496349048320
GGML_VK_HOST_COPY #539200 bytes=922112 total=496465221120
GGML_VK_HOST_COPY #539300 bytes=2099712 total=496592734208
GGML_VK_HOST_COPY #539400 bytes=1050112 total=496744452608
GGML_VK_HOST_COPY #539500 bytes=461312 total=496898321408
GGML_SCHED_UPLOAD_STATS layers=48 copies=6048 bytes=5735924224 branch_ms=54.58 id_ms=49.49 wait_ms=992.29
4.09.421.443 I slot print_timing: id  0 | task 8 | prompt processing, n_tokens =  38912, progress = 0.30, t = 165.54 s / 235.07 tokens per second
GGML_VK_HOST_COPY #539600 bytes=1050112 total=497041086976
GGML_VK_HOST_COPY #539700 bytes=525312 total=497136126976
GGML_VK_HOST_COPY #539800 bytes=525312 total=497231166464
GGML_VK_HOST_COPY #539900 bytes=461312 total=497315620352
GGML_VK_HOST_COPY #540000 bytes=845312 total=497399633408
GGML_VK_HOST_COPY #540100 bytes=1267712 total=497475294208
GGML_VK_HOST_COPY #540200 bytes=422912 total=497550532608
GGML_VK_HOST_COPY #540300 bytes=922112 total=497631646208
GGML_VK_HOST_COPY #540400 bytes=525312 total=497714526208
GGML_VK_HOST_COPY #540500 bytes=1050112 total=497806941696
GGML_VK_HOST_COPY #540600 bytes=1050112 total=497893584896
GGML_VK_HOST_COPY #540700 bytes=461312 total=497976272384
GGML_VK_HOST_COPY #540800 bytes=1574912 total=498059996672
GGML_VK_HOST_COPY #540900 bytes=525312 total=498137718272
GGML_VK_HOST_COPY #541000 bytes=525312 total=498220687872
GGML_VK_HOST_COPY #541100 bytes=461312 total=498297731072
GGML_VK_HOST_COPY #541200 bytes=422912 total=498365251072
GGML_VK_HOST_COPY #541300 bytes=845312 total=498441756672
GGML_VK_HOST_COPY #541400 bytes=461312 total=498517532672
GGML_VK_HOST_COPY #541500 bytes=1050112 total=498595433472
GGML_VK_HOST_COPY #541600 bytes=525312 total=498685750272
GGML_VK_HOST_COPY #541700 bytes=525312 total=498779215872
GGML_VK_HOST_COPY #541800 bytes=461312 total=498857295872
GGML_VK_HOST_COPY #541900 bytes=525312 total=498953103872
GGML_VK_HOST_COPY #542000 bytes=1574912 total=499047619072
GGML_VK_HOST_COPY #542100 bytes=525312 total=499149481472
GGML_VK_HOST_COPY #542200 bytes=1843712 total=499235075072
GGML_VK_HOST_COPY #542300 bytes=2624512 total=499323740672
GGML_VK_HOST_COPY #542400 bytes=1050112 total=499422979072
GGML_VK_HOST_COPY #542500 bytes=461312 total=499525583872
GGML_VK_HOST_COPY #542600 bytes=1382912 total=499610422272
GGML_VK_HOST_COPY #542700 bytes=1792512 total=499681334272
GGML_VK_HOST_COPY #542800 bytes=358912 total=499741954560
GGML_VK_HOST_COPY #542900 bytes=461312 total=499809128448
GGML_VK_HOST_COPY #543000 bytes=461312 total=499891202048
GGML_VK_HOST_COPY #543100 bytes=845312 total=499971623936
GGML_VK_HOST_COPY #543200 bytes=422912 total=500060801024
GGML_VK_HOST_COPY #543300 bytes=1382912 total=500148096512
GGML_VK_HOST_COPY #543400 bytes=922112 total=500243072512
GGML_VK_HOST_COPY #543500 bytes=845312 total=500330444800
GGML_VK_HOST_COPY #543600 bytes=845312 total=500421734400
GGML_VK_HOST_COPY #543700 bytes=922112 total=500512870400
GGML_VK_HOST_COPY #543800 bytes=1382912 total=500605542400
GGML_VK_HOST_COPY #543900 bytes=422912 total=500713728000
GGML_VK_HOST_COPY #544000 bytes=422912 total=500816421888
GGML_VK_HOST_COPY #544100 bytes=922112 total=500921112576
GGML_VK_HOST_COPY #544200 bytes=1050112 total=501035416064
GGML_VK_HOST_COPY #544300 bytes=525312 total=501177162752
GGML_VK_HOST_COPY #544400 bytes=1050112 total=501312087552
GGML_VK_HOST_COPY #544500 bytes=461312 total=501422077440
GGML_VK_HOST_COPY #544600 bytes=358912 total=501525961728
GGML_VK_HOST_COPY #544700 bytes=358912 total=501611312128
GGML_VK_HOST_COPY #544800 bytes=1843712 total=501699068928
GGML_VK_HOST_COPY #544900 bytes=2765312 total=501808329728
GGML_VK_HOST_COPY #545000 bytes=422912 total=501924348928
GGML_VK_HOST_COPY #545100 bytes=845312 total=502031689216
GGML_VK_HOST_COPY #545200 bytes=922112 total=502134651904
GGML_VK_HOST_COPY #545300 bytes=922112 total=502246677504
GGML_VK_HOST_COPY #545400 bytes=525312 total=502394350592
GGML_VK_HOST_COPY #545500 bytes=525312 total=502540820992
GGML_VK_HOST_COPY #545600 bytes=461312 total=502679880192
GGML_SCHED_UPLOAD_STATS layers=48 copies=6099 bytes=5770151936 branch_ms=63.96 id_ms=49.35 wait_ms=991.90
GGML_VK_HOST_COPY #545700 bytes=1050112 total=502820674560
GGML_VK_HOST_COPY #545800 bytes=525312 total=502916239360
GGML_VK_HOST_COPY #545900 bytes=525312 total=503011278848
GGML_VK_HOST_COPY #546000 bytes=1382912 total=503095796736
GGML_VK_HOST_COPY #546100 bytes=422912 total=503179425792
GGML_VK_HOST_COPY #546200 bytes=2112512 total=503254664192
GGML_VK_HOST_COPY #546300 bytes=422912 total=503330747392
GGML_VK_HOST_COPY #546400 bytes=461312 total=503411361792
GGML_VK_HOST_COPY #546500 bytes=1050112 total=503494113792
GGML_VK_HOST_COPY #546600 bytes=525312 total=503585479680
GGML_VK_HOST_COPY #546700 bytes=525312 total=503672122880
GGML_VK_HOST_COPY #546800 bytes=461312 total=503754938368
GGML_VK_HOST_COPY #546900 bytes=525312 total=503838598656
GGML_VK_HOST_COPY #547000 bytes=525312 total=503917894656
GGML_VK_HOST_COPY #547100 bytes=525312 total=504004537856
GGML_VK_HOST_COPY #547200 bytes=1843712 total=504079955456
GGML_VK_HOST_COPY #547300 bytes=845312 total=504147513856
GGML_VK_HOST_COPY #547400 bytes=422912 total=504224019456
GGML_VK_HOST_COPY #547500 bytes=922112 total=504302445056
GGML_VK_HOST_COPY #547600 bytes=525312 total=504376979456
GGML_VK_HOST_COPY #547700 bytes=525312 total=504466246656
GGML_VK_HOST_COPY #547800 bytes=525312 total=504558137856
GGML_VK_HOST_COPY #547900 bytes=2304512 total=504637805056
GGML_VK_HOST_COPY #548000 bytes=1574912 total=504729529856
GGML_VK_HOST_COPY #548100 bytes=525312 total=504822470656
GGML_VK_HOST_COPY #548200 bytes=525312 total=504922233856
GGML_VK_HOST_COPY #548300 bytes=461312 total=505006317056
GGML_VK_HOST_COPY #548400 bytes=525312 total=505093600256
GGML_VK_HOST_COPY #548500 bytes=1050112 total=505192313856
GGML_VK_HOST_COPY #548600 bytes=461312 total=505292550656
GGML_VK_HOST_COPY #548700 bytes=922112 total=505375085056
GGML_VK_HOST_COPY #548800 bytes=1792512 total=505448966656
GGML_VK_HOST_COPY #548900 bytes=358912 total=505509586944
GGML_VK_HOST_COPY #549000 bytes=922112 total=505577836032
GGML_VK_HOST_COPY #549100 bytes=922112 total=505661752832
GGML_VK_HOST_COPY #549200 bytes=422912 total=505744133120
GGML_VK_HOST_COPY #549300 bytes=422912 total=505826129408
GGML_VK_HOST_COPY #549400 bytes=922112 total=505914423296
GGML_VK_HOST_COPY #549500 bytes=461312 total=506008938496
GGML_VK_HOST_COPY #549600 bytes=1267712 total=506092201984
GGML_VK_HOST_COPY #549700 bytes=422912 total=506173353984
GGML_VK_HOST_COPY #549800 bytes=922112 total=506258461184
GGML_VK_HOST_COPY #549900 bytes=922112 total=506345603584
GGML_VK_HOST_COPY #550000 bytes=422912 total=506455593984
GGML_VK_HOST_COPY #550100 bytes=845312 total=506562089472
GGML_VK_HOST_COPY #550200 bytes=1382912 total=506671925760
GGML_VK_HOST_COPY #550300 bytes=2099712 total=506791528448
GGML_VK_HOST_COPY #550400 bytes=1050112 total=506924353536
GGML_VK_HOST_COPY #550500 bytes=525312 total=507052980736
GGML_VK_HOST_COPY #550600 bytes=922112 total=507158017024
GGML_VK_HOST_COPY #550700 bytes=358912 total=507262874112
GGML_VK_HOST_COPY #550800 bytes=1434112 total=507347866112
GGML_VK_HOST_COPY #550900 bytes=461312 total=507430810112
GGML_VK_HOST_COPY #551000 bytes=2304512 total=507535462912
GGML_VK_HOST_COPY #551100 bytes=422912 total=507643878912
GGML_VK_HOST_COPY #551200 bytes=1267712 total=507748262400
GGML_VK_HOST_COPY #551300 bytes=461312 total=507857177088
GGML_VK_HOST_COPY #551400 bytes=461312 total=507965055488
GGML_VK_HOST_COPY #551500 bytes=2624512 total=508113957376
GGML_VK_HOST_COPY #551600 bytes=2624512 total=508277746176
GGML_VK_HOST_COPY #551700 bytes=922112 total=508427749376
GGML_SCHED_UPLOAD_STATS layers=48 copies=6081 bytes=5721707520 branch_ms=71.06 id_ms=49.37 wait_ms=990.24
GGML_VK_HOST_COPY #551800 bytes=2099712 total=508571769344
GGML_VK_HOST_COPY #551900 bytes=525312 total=508660511232
GGML_VK_HOST_COPY #552000 bytes=525312 total=508761324032
GGML_VK_HOST_COPY #552100 bytes=1843712 total=508841361920
GGML_VK_HOST_COPY #552200 bytes=845312 total=508923032576
GGML_VK_HOST_COPY #552300 bytes=422912 total=508999960576
GGML_VK_HOST_COPY #552400 bytes=422912 total=509074354176
GGML_VK_HOST_COPY #552500 bytes=461312 total=509159230976
GGML_VK_HOST_COPY #552600 bytes=525312 total=509241010176
GGML_VK_HOST_COPY #552700 bytes=525312 total=509330801664
GGML_VK_HOST_COPY #552800 bytes=461312 total=509423293952
GGML_VK_HOST_COPY #552900 bytes=461312 total=509498916352
GGML_VK_HOST_COPY #553000 bytes=525312 total=509587466240
GGML_VK_HOST_COPY #553100 bytes=1050112 total=509665712640
GGML_VK_HOST_COPY #553200 bytes=461312 total=509750282240
GGML_VK_HOST_COPY #553300 bytes=461312 total=509827287040
GGML_VK_HOST_COPY #553400 bytes=422912 total=509892695040
GGML_VK_HOST_COPY #553500 bytes=422912 total=509965821440
GGML_VK_HOST_COPY #553600 bytes=461312 total=510043325440
GGML_VK_HOST_COPY #553700 bytes=525312 total=510121584640
GGML_VK_HOST_COPY #553800 bytes=525312 total=510214000640
GGML_VK_HOST_COPY #553900 bytes=1574912 total=510302218240
GGML_VK_HOST_COPY #554000 bytes=461312 total=510379607040
GGML_VK_HOST_COPY #554100 bytes=525312 total=510477283840
GGML_VK_HOST_COPY #554200 bytes=3149312 total=510573373440
GGML_VK_HOST_COPY #554300 bytes=2624512 total=510668938240
GGML_VK_HOST_COPY #554400 bytes=461312 total=510756208640
GGML_VK_HOST_COPY #554500 bytes=525312 total=510843850240
GGML_VK_HOST_COPY #554600 bytes=1574912 total=510944663040
GGML_VK_HOST_COPY #554700 bytes=461312 total=511042826240
GGML_VK_HOST_COPY #554800 bytes=461312 total=511126743040
GGML_VK_HOST_COPY #554900 bytes=358912 total=511195402240
GGML_VK_HOST_COPY #555000 bytes=358912 total=511259606528
GGML_VK_HOST_COPY #555100 bytes=922112 total=511329494016
GGML_VK_HOST_COPY #555200 bytes=922112 total=511413410816
GGML_VK_HOST_COPY #555300 bytes=2112512 total=511498171904
GGML_VK_HOST_COPY #555400 bytes=2112512 total=511583969792
GGML_VK_HOST_COPY #555500 bytes=461312 total=511676065280
GGML_VK_HOST_COPY #555600 bytes=422912 total=511778682368
GGML_VK_HOST_COPY #555700 bytes=2112512 total=511858989568
GGML_VK_HOST_COPY #555800 bytes=422912 total=511938029568
GGML_VK_HOST_COPY #555900 bytes=461312 total=512025863168
GGML_VK_HOST_COPY #556000 bytes=845312 total=512113888768
GGML_VK_HOST_COPY #556100 bytes=845312 total=512226720768
GGML_VK_HOST_COPY #556200 bytes=422912 total=512337862656
GGML_VK_HOST_COPY #556300 bytes=461312 total=512450694144
GGML_VK_HOST_COPY #556400 bytes=1050112 total=512563461632
GGML_VK_HOST_COPY #556500 bytes=525312 total=512695237120
GGML_VK_HOST_COPY #556600 bytes=922112 total=512834897408
GGML_VK_HOST_COPY #556700 bytes=461312 total=512946462208
GGML_VK_HOST_COPY #556800 bytes=358912 total=513044868096
GGML_VK_HOST_COPY #556900 bytes=2509312 total=513130218496
GGML_VK_HOST_COPY #557000 bytes=1382912 total=513226576896
GGML_VK_HOST_COPY #557100 bytes=2957312 total=513338141696
GGML_VK_HOST_COPY #557200 bytes=422912 total=513442525696
GGML_VK_HOST_COPY #557300 bytes=2112512 total=513548598784
GGML_VK_HOST_COPY #557400 bytes=1843712 total=513658012672
GGML_VK_HOST_COPY #557500 bytes=2099712 total=513768655360
GGML_VK_HOST_COPY #557600 bytes=1050112 total=513943464960
GGML_VK_HOST_COPY #557700 bytes=1574912 total=514117224960
GGML_VK_HOST_COPY #557800 bytes=461312 total=514264348160
GGML_SCHED_UPLOAD_STATS layers=48 copies=6069 bytes=5773566976 branch_ms=54.78 id_ms=49.58 wait_ms=995.49
GGML_VK_HOST_COPY #557900 bytes=2099712 total=514382076928
GGML_VK_HOST_COPY #558000 bytes=2099712 total=514475542016
GGML_VK_HOST_COPY #558100 bytes=461312 total=514566856704
GGML_VK_HOST_COPY #558200 bytes=461312 total=514652155904
GGML_VK_HOST_COPY #558300 bytes=845312 total=514731599360
GGML_VK_HOST_COPY #558400 bytes=422912 total=514806837760
GGML_VK_HOST_COPY #558500 bytes=461312 total=514886952960
GGML_VK_HOST_COPY #558600 bytes=461312 total=514969026560
GGML_VK_HOST_COPY #558700 bytes=525312 total=515058920960
GGML_VK_HOST_COPY #558800 bytes=4723712 total=515145038848
GGML_VK_HOST_COPY #558900 bytes=2304512 total=515228814336
GGML_VK_HOST_COPY #559000 bytes=525312 total=515309351424
GGML_VK_HOST_COPY #559100 bytes=525312 total=515398093824
GGML_VK_HOST_COPY #559200 bytes=525312 total=515482637824
GGML_VK_HOST_COPY #559300 bytes=922112 total=515561869824
GGML_VK_HOST_COPY #559400 bytes=422912 total=515633537024
GGML_VK_HOST_COPY #559500 bytes=422912 total=515707508224
GGML_VK_HOST_COPY #559600 bytes=422912 total=515780634624
GGML_VK_HOST_COPY #559700 bytes=461312 total=515861210624
GGML_VK_HOST_COPY #559800 bytes=525312 total=515944986624
GGML_VK_HOST_COPY #559900 bytes=1574912 total=516036353024
GGML_VK_HOST_COPY #560000 bytes=461312 total=516126145024
GGML_VK_HOST_COPY #560100 bytes=525312 total=516208205824
GGML_VK_HOST_COPY #560200 bytes=1050112 total=516308493824
GGML_VK_HOST_COPY #560300 bytes=1050112 total=516401434624
GGML_VK_HOST_COPY #560400 bytes=1843712 total=516493274624
GGML_VK_HOST_COPY #560500 bytes=525312 total=516573325824
GGML_VK_HOST_COPY #560600 bytes=525312 total=516668890624
GGML_VK_HOST_COPY #560700 bytes=1050112 total=516768129024
GGML_VK_HOST_COPY #560800 bytes=461312 total=516861633024
GGML_VK_HOST_COPY #560900 bytes=358912 total=516942529024
GGML_VK_HOST_COPY #561000 bytes=358912 total=517007450112
GGML_VK_HOST_COPY #561100 bytes=717312 total=517069146112
GGML_VK_HOST_COPY #561200 bytes=1382912 total=517144870400
GGML_VK_HOST_COPY #561300 bytes=422912 total=517231359488
GGML_VK_HOST_COPY #561400 bytes=1690112 total=517320958976
GGML_VK_HOST_COPY #561500 bytes=422912 total=517408446976
GGML_VK_HOST_COPY #561600 bytes=461312 total=517504574464
GGML_VK_HOST_COPY #561700 bytes=1690112 total=517592484352
GGML_VK_HOST_COPY #561800 bytes=422912 total=517677015552
GGML_VK_HOST_COPY #561900 bytes=845312 total=517756055552
GGML_VK_HOST_COPY #562000 bytes=922112 total=517841623552
GGML_VK_HOST_COPY #562100 bytes=1690112 total=517939863552
GGML_VK_HOST_COPY #562200 bytes=422912 total=518039600640
GGML_VK_HOST_COPY #562300 bytes=922112 total=518143369728
GGML_VK_HOST_COPY #562400 bytes=922112 total=518257699328
GGML_VK_HOST_COPY #562500 bytes=4198912 total=518367804416
GGML_VK_HOST_COPY #562600 bytes=1050112 total=518494856704
GGML_VK_HOST_COPY #562700 bytes=461312 total=518624084992
GGML_VK_HOST_COPY #562800 bytes=358912 total=518744097280
GGML_VK_HOST_COPY #562900 bytes=1075712 total=518824430080
GGML_VK_HOST_COPY #563000 bytes=1075712 total=518906913280
GGML_VK_HOST_COPY #563100 bytes=922112 total=519002094080
GGML_VK_HOST_COPY #563200 bytes=422912 total=519110740480
GGML_VK_HOST_COPY #563300 bytes=845312 total=519205831680
GGML_VK_HOST_COPY #563400 bytes=845312 total=519303034368
GGML_VK_HOST_COPY #563500 bytes=1382912 total=519404960256
GGML_VK_HOST_COPY #563600 bytes=525312 total=519512159744
GGML_VK_HOST_COPY #563700 bytes=525312 total=519671750144
GGML_VK_HOST_COPY #563800 bytes=3674112 total=519815596544
GGML_VK_HOST_COPY #563900 bytes=2304512 total=519950418944
GGML_SCHED_UPLOAD_STATS layers=48 copies=6114 bytes=5694025216 branch_ms=54.51 id_ms=49.33 wait_ms=999.17
4.20.688.772 I slot print_timing: id  0 | task 8 | prompt processing, n_tokens =  40960, progress = 0.32, t = 176.80 s / 231.67 tokens per second
GGML_VK_HOST_COPY #564000 bytes=525312 total=520070835712
GGML_VK_HOST_COPY #564100 bytes=1050112 total=520163776000
GGML_VK_HOST_COPY #564200 bytes=525312 total=520261440000
GGML_VK_HOST_COPY #564300 bytes=461312 total=520340530688
GGML_VK_HOST_COPY #564400 bytes=422912 total=520423430144
GGML_VK_HOST_COPY #564500 bytes=422912 total=520501202944
GGML_VK_HOST_COPY #564600 bytes=845312 total=520578130944
GGML_VK_HOST_COPY #564700 bytes=922112 total=520658783744
GGML_VK_HOST_COPY #564800 bytes=1050112 total=520747679744
GGML_VK_HOST_COPY #564900 bytes=1050112 total=520832223232
GGML_VK_HOST_COPY #565000 bytes=461312 total=520922257920
GGML_VK_HOST_COPY #565100 bytes=1843712 total=521000184320
GGML_VK_HOST_COPY #565200 bytes=525312 total=521086852608
GGML_VK_HOST_COPY #565300 bytes=525312 total=521171396608
GGML_VK_HOST_COPY #565400 bytes=461312 total=521248734208
GGML_VK_HOST_COPY #565500 bytes=461312 total=521322974208
GGML_VK_HOST_COPY #565600 bytes=422912 total=521395716608
GGML_VK_HOST_COPY #565700 bytes=845312 total=521471377408
GGML_VK_HOST_COPY #565800 bytes=1382912 total=521547230208
GGML_VK_HOST_COPY #565900 bytes=525312 total=521630929408
GGML_VK_HOST_COPY #566000 bytes=525312 total=521724919808
GGML_VK_HOST_COPY #566100 bytes=461312 total=521815262208
GGML_VK_HOST_COPY #566200 bytes=1382912 total=521894571008
GGML_VK_HOST_COPY #566300 bytes=1050112 total=521992401408
GGML_VK_HOST_COPY #566400 bytes=525312 total=522089540608
GGML_VK_HOST_COPY #566500 bytes=461312 total=522178833408
GGML_VK_HOST_COPY #566600 bytes=1050112 total=522262417408
GGML_VK_HOST_COPY #566700 bytes=525312 total=522356932608
GGML_VK_HOST_COPY #566800 bytes=1050112 total=522455646208
GGML_VK_HOST_COPY #566900 bytes=922112 total=522551799808
GGML_VK_HOST_COPY #567000 bytes=358912 total=522637047808
GGML_VK_HOST_COPY #567100 bytes=358912 total=522701969408
GGML_VK_HOST_COPY #567200 bytes=717312 total=522764381696
GGML_VK_HOST_COPY #567300 bytes=461312 total=522838518784
GGML_VK_HOST_COPY #567400 bytes=422912 total=522920284672
GGML_VK_HOST_COPY #567500 bytes=845312 total=523007772672
GGML_VK_HOST_COPY #567600 bytes=2112512 total=523091458560
GGML_VK_HOST_COPY #567700 bytes=461312 total=523176104448
GGML_VK_HOST_COPY #567800 bytes=422912 total=523274036736
GGML_VK_HOST_COPY #567900 bytes=422912 total=523348852736
GGML_VK_HOST_COPY #568000 bytes=422912 total=523422401536
GGML_VK_HOST_COPY #568100 bytes=461312 total=523505627136
GGML_VK_HOST_COPY #568200 bytes=422912 total=523589582336
GGML_VK_HOST_COPY #568300 bytes=422912 total=523701147136
GGML_VK_HOST_COPY #568400 bytes=2112512 total=523814823424
GGML_VK_HOST_COPY #568500 bytes=1843712 total=523931917312
GGML_VK_HOST_COPY #568600 bytes=1574912 total=524040972800
GGML_VK_HOST_COPY #568700 bytes=1574912 total=524170124288
GGML_VK_HOST_COPY #568800 bytes=922112 total=524302578176
GGML_VK_HOST_COPY #568900 bytes=2765312 total=524413682176
GGML_VK_HOST_COPY #569000 bytes=358912 total=524505688064
GGML_VK_HOST_COPY #569100 bytes=1434112 total=524590680064
GGML_VK_HOST_COPY #569200 bytes=461312 total=524685092864
GGML_VK_HOST_COPY #569300 bytes=461312 total=524796657664
GGML_VK_HOST_COPY #569400 bytes=422912 total=524899467264
GGML_VK_HOST_COPY #569500 bytes=422912 total=525010186752
GGML_VK_HOST_COPY #569600 bytes=461312 total=525116912640
GGML_VK_HOST_COPY #569700 bytes=525312 total=525226531328
GGML_VK_HOST_COPY #569800 bytes=525312 total=525389795328
GGML_VK_HOST_COPY #569900 bytes=525312 total=525537315328
GGML_VK_HOST_COPY #570000 bytes=2304512 total=525684080128
GGML_SCHED_UPLOAD_STATS layers=48 copies=6099 bytes=5724097536 branch_ms=55.67 id_ms=50.24 wait_ms=1004.71
GGML_VK_HOST_COPY #570100 bytes=1050112 total=525804893696
GGML_VK_HOST_COPY #570200 bytes=525312 total=525897309184
GGML_VK_HOST_COPY #570300 bytes=2099712 total=525995497984
GGML_VK_HOST_COPY #570400 bytes=461312 total=526074652672
GGML_VK_HOST_COPY #570500 bytes=2112512 total=526157590528
GGML_VK_HOST_COPY #570600 bytes=422912 total=526234940928
GGML_VK_HOST_COPY #570700 bytes=1690112 total=526311024128
GGML_VK_HOST_COPY #570800 bytes=461312 total=526391139328
GGML_VK_HOST_COPY #570900 bytes=2624512 total=526479907328
GGML_VK_HOST_COPY #571000 bytes=525312 total=526563926016
GGML_VK_HOST_COPY #571100 bytes=461312 total=526654024704
GGML_VK_HOST_COPY #571200 bytes=1382912 total=526730107904
GGML_VK_HOST_COPY #571300 bytes=525312 total=526818619392
GGML_VK_HOST_COPY #571400 bytes=525312 total=526904212992
GGML_VK_HOST_COPY #571500 bytes=1843712 total=526983188992
GGML_VK_HOST_COPY #571600 bytes=461312 total=527058811392
GGML_VK_HOST_COPY #571700 bytes=845312 total=527129057792
GGML_VK_HOST_COPY #571800 bytes=845312 total=527200072192
GGML_VK_HOST_COPY #571900 bytes=461312 total=527276462592
GGML_VK_HOST_COPY #572000 bytes=525312 total=527362491392
GGML_VK_HOST_COPY #572100 bytes=525312 total=527455956992
GGML_VK_HOST_COPY #572200 bytes=461312 total=527549358592
GGML_VK_HOST_COPY #572300 bytes=461312 total=527629128192
GGML_VK_HOST_COPY #572400 bytes=1050112 total=527726459392
GGML_VK_HOST_COPY #572500 bytes=525312 total=527824123392
GGML_VK_HOST_COPY #572600 bytes=1382912 total=527912136192
GGML_VK_HOST_COPY #572700 bytes=461312 total=527999739392
GGML_VK_HOST_COPY #572800 bytes=1050112 total=528086203392
GGML_VK_HOST_COPY #572900 bytes=1050112 total=528185966592
GGML_VK_HOST_COPY #573000 bytes=461312 total=528282081792
GGML_VK_HOST_COPY #573100 bytes=358912 total=528368507392
GGML_VK_HOST_COPY #573200 bytes=1075712 total=528430920192
GGML_VK_HOST_COPY #573300 bytes=358912 total=528491898880
GGML_VK_HOST_COPY #573400 bytes=2304512 total=528562400768
GGML_VK_HOST_COPY #573500 bytes=845312 total=528640672256
GGML_VK_HOST_COPY #573600 bytes=845312 total=528724358656
GGML_VK_HOST_COPY #573700 bytes=422912 total=528809311744
GGML_VK_HOST_COPY #573800 bytes=922112 total=528899525632
GGML_VK_HOST_COPY #573900 bytes=1267712 total=528992273920
GGML_VK_HOST_COPY #574000 bytes=422912 total=529069624320
GGML_VK_HOST_COPY #574100 bytes=422912 total=529143595520
GGML_VK_HOST_COPY #574200 bytes=461312 total=529228741120
GGML_VK_HOST_COPY #574300 bytes=922112 total=529311275520
GGML_VK_HOST_COPY #574400 bytes=422912 total=529417003520
GGML_VK_HOST_COPY #574500 bytes=422912 total=529521387008
GGML_VK_HOST_COPY #574600 bytes=461312 total=529631146496
GGML_VK_HOST_COPY #574700 bytes=525312 total=529748381184
GGML_VK_HOST_COPY #574800 bytes=1574912 total=529877007872
GGML_VK_HOST_COPY #574900 bytes=525312 total=529994089472
GGML_VK_HOST_COPY #575000 bytes=461312 total=530104616960
GGML_VK_HOST_COPY #575100 bytes=1075712 total=530203381248
GGML_VK_HOST_COPY #575200 bytes=358912 total=530289447936
GGML_VK_HOST_COPY #575300 bytes=1075712 total=530374439936
GGML_VK_HOST_COPY #575400 bytes=461312 total=530472333824
GGML_VK_HOST_COPY #575500 bytes=422912 total=530577024512
GGML_VK_HOST_COPY #575600 bytes=422912 total=530678451200
GGML_VK_HOST_COPY #575700 bytes=422912 total=530773964800
GGML_VK_HOST_COPY #575800 bytes=461312 total=530874047488
GGML_VK_HOST_COPY #575900 bytes=525312 total=530999922176
GGML_VK_HOST_COPY #576000 bytes=3674112 total=531175256576
GGML_VK_HOST_COPY #576100 bytes=2765312 total=531346725376
GGML_SCHED_UPLOAD_STATS layers=48 copies=6141 bytes=5721762304 branch_ms=54.68 id_ms=49.46 wait_ms=1005.81
GGML_VK_HOST_COPY #576200 bytes=1050112 total=531492511744
GGML_VK_HOST_COPY #576300 bytes=525312 total=531593849344
GGML_VK_HOST_COPY #576400 bytes=525312 total=531684165632
GGML_VK_HOST_COPY #576500 bytes=1382912 total=531772318720
GGML_VK_HOST_COPY #576600 bytes=422912 total=531856869376
GGML_VK_HOST_COPY #576700 bytes=845312 total=531931262976
GGML_VK_HOST_COPY #576800 bytes=845312 total=532011570176
GGML_VK_HOST_COPY #576900 bytes=1382912 total=532089266176
GGML_VK_HOST_COPY #577000 bytes=525312 total=532172248576
GGML_VK_HOST_COPY #577100 bytes=1574912 total=532264664064
GGML_VK_HOST_COPY #577200 bytes=525312 total=532349732864
GGML_VK_HOST_COPY #577300 bytes=922112 total=532430999552
GGML_VK_HOST_COPY #577400 bytes=1050112 total=532514634240
GGML_VK_HOST_COPY #577500 bytes=1574912 total=532598653440
GGML_VK_HOST_COPY #577600 bytes=525312 total=532686346240
GGML_VK_HOST_COPY #577700 bytes=1843712 total=532765283840
GGML_VK_HOST_COPY #577800 bytes=422912 total=532833955840
GGML_VK_HOST_COPY #577900 bytes=422912 total=532907927040
GGML_VK_HOST_COPY #578000 bytes=922112 total=532977098240
GGML_VK_HOST_COPY #578100 bytes=461312 total=533054103040
GGML_VK_HOST_COPY #578200 bytes=1050112 total=533145431040
GGML_VK_HOST_COPY #578300 bytes=1574912 total=533233648640
GGML_VK_HOST_COPY #578400 bytes=922112 total=533319959040
GGML_VK_HOST_COPY #578500 bytes=525312 total=533409175040
GGML_VK_HOST_COPY #578600 bytes=1050112 total=533507363840
GGML_VK_HOST_COPY #578700 bytes=525312 total=533606077440
GGML_VK_HOST_COPY #578800 bytes=922112 total=533694973440
GGML_VK_HOST_COPY #578900 bytes=1574912 total=533780336640
GGML_VK_HOST_COPY #579000 bytes=525312 total=533882723840
GGML_VK_HOST_COPY #579100 bytes=525312 total=533979863040
GGML_VK_HOST_COPY #579200 bytes=461312 total=534066813440
GGML_VK_HOST_COPY #579300 bytes=717312 total=534143306240
GGML_VK_HOST_COPY #579400 bytes=717312 total=534210377728
GGML_VK_HOST_COPY #579500 bytes=1434112 total=534276374528
GGML_VK_HOST_COPY #579600 bytes=922112 total=534354812416
GGML_VK_HOST_COPY #579700 bytes=1690112 total=534437730304
GGML_VK_HOST_COPY #579800 bytes=1267712 total=534527752192
GGML_VK_HOST_COPY #579900 bytes=922112 total=534616852480
GGML_VK_HOST_COPY #580000 bytes=461312 total=534711367680
GGML_VK_HOST_COPY #580100 bytes=845312 total=534791635968
GGML_VK_HOST_COPY #580200 bytes=422912 total=534869831168
GGML_VK_HOST_COPY #580300 bytes=845312 total=534945069568
GGML_VK_HOST_COPY #580400 bytes=922112 total=535021075968
GGML_VK_HOST_COPY #580500 bytes=2534912 total=535118163968
GGML_VK_HOST_COPY #580600 bytes=2534912 total=535221280256
GGML_VK_HOST_COPY #580700 bytes=922112 total=535322822144
GGML_VK_HOST_COPY #580800 bytes=461312 total=535436690944
GGML_VK_HOST_COPY #580900 bytes=525312 total=535549509632
GGML_VK_HOST_COPY #581000 bytes=525312 total=535676037120
GGML_VK_HOST_COPY #581100 bytes=461312 total=535807607808
GGML_VK_HOST_COPY #581200 bytes=717312 total=535925572096
GGML_VK_HOST_COPY #581300 bytes=1792512 total=536007696896
GGML_VK_HOST_COPY #581400 bytes=717312 total=536085879296
GGML_VK_HOST_COPY #581500 bytes=461312 total=536172970496
GGML_VK_HOST_COPY #581600 bytes=2112512 total=536289258496
GGML_VK_HOST_COPY #581700 bytes=422912 total=536391530496
GGML_VK_HOST_COPY #581800 bytes=1267712 total=536498870784
GGML_VK_HOST_COPY #581900 bytes=922112 total=536614467072
GGML_VK_HOST_COPY #582000 bytes=1050112 total=536728693760
GGML_VK_HOST_COPY #582100 bytes=525312 total=536884610560
GGML_VK_HOST_COPY #582200 bytes=461312 total=537049999360
GGML_VK_HOST_COPY #582300 bytes=1382912 total=537195202560
GGML_SCHED_UPLOAD_STATS layers=48 copies=6123 bytes=5718605824 branch_ms=63.07 id_ms=48.94 wait_ms=1007.92
GGML_VK_HOST_COPY #582400 bytes=525312 total=537297212928
GGML_VK_HOST_COPY #582500 bytes=525312 total=537389103616
GGML_VK_HOST_COPY #582600 bytes=461312 total=537476514304
GGML_VK_HOST_COPY #582700 bytes=461312 total=537565499904
GGML_VK_HOST_COPY #582800 bytes=422912 total=537644712960
GGML_VK_HOST_COPY #582900 bytes=1690112 total=537719951360
GGML_VK_HOST_COPY #583000 bytes=1382912 total=537798530560
GGML_VK_HOST_COPY #583100 bytes=525312 total=537882959360
GGML_VK_HOST_COPY #583200 bytes=1050112 total=537969077760
GGML_VK_HOST_COPY #583300 bytes=525312 total=538058344448
GGML_VK_HOST_COPY #583400 bytes=461312 total=538139214336
GGML_VK_HOST_COPY #583500 bytes=525312 total=538219636224
GGML_VK_HOST_COPY #583600 bytes=525312 total=538304180224
GGML_VK_HOST_COPY #583700 bytes=525312 total=538390298624
GGML_VK_HOST_COPY #583800 bytes=461312 total=538469095424
GGML_VK_HOST_COPY #583900 bytes=2112512 total=538540340224
GGML_VK_HOST_COPY #584000 bytes=422912 total=538610932224
GGML_VK_HOST_COPY #584100 bytes=422912 total=538681101824
GGML_VK_HOST_COPY #584200 bytes=1843712 total=538758452224
GGML_VK_HOST_COPY #584300 bytes=525312 total=538839284224
GGML_VK_HOST_COPY #584400 bytes=525312 total=538936423424
GGML_VK_HOST_COPY #584500 bytes=922112 total=539030017024
GGML_VK_HOST_COPY #584600 bytes=525312 total=539115303424
GGML_VK_HOST_COPY #584700 bytes=1050112 total=539216641024
GGML_VK_HOST_COPY #584800 bytes=1050112 total=539312205824
GGML_VK_HOST_COPY #584900 bytes=922112 total=539404903424
GGML_VK_HOST_COPY #585000 bytes=1050112 total=539488628224
GGML_VK_HOST_COPY #585100 bytes=525312 total=539585767424
GGML_VK_HOST_COPY #585200 bytes=2099712 total=539685530624
GGML_VK_HOST_COPY #585300 bytes=922112 total=539778381824
GGML_VK_HOST_COPY #585400 bytes=717312 total=539860916224
GGML_VK_HOST_COPY #585500 bytes=358400 total=539925478912
GGML_VK_HOST_COPY #585600 bytes=358912 total=539985382912
GGML_VK_HOST_COPY #585700 bytes=461312 total=540061056000
GGML_VK_HOST_COPY #585800 bytes=1267712 total=540145625088
GGML_VK_HOST_COPY #585900 bytes=845312 total=540237336576
GGML_VK_HOST_COPY #586000 bytes=422912 total=540329048576
GGML_VK_HOST_COPY #586100 bytes=2304512 total=540421681664
GGML_VK_HOST_COPY #586200 bytes=422912 total=540519229952
GGML_VK_HOST_COPY #586300 bytes=845312 total=540597847552
GGML_VK_HOST_COPY #586400 bytes=422912 total=540674353152
GGML_VK_HOST_COPY #586500 bytes=1843712 total=540755735552
GGML_VK_HOST_COPY #586600 bytes=2112512 total=540853399552
GGML_VK_HOST_COPY #586700 bytes=422912 total=540965386240
GGML_VK_HOST_COPY #586800 bytes=1843712 total=541077603328
GGML_VK_HOST_COPY #586900 bytes=525312 total=541202326016
GGML_VK_HOST_COPY #587000 bytes=525312 total=541324655616
GGML_VK_HOST_COPY #587100 bytes=525312 total=541452757504
GGML_VK_HOST_COPY #587200 bytes=922112 total=541576801792
GGML_VK_HOST_COPY #587300 bytes=717312 total=541688468480
GGML_VK_HOST_COPY #587400 bytes=717312 total=541782062080
GGML_VK_HOST_COPY #587500 bytes=1075712 total=541875655680
GGML_VK_HOST_COPY #587600 bytes=1382912 total=541979847680
GGML_VK_HOST_COPY #587700 bytes=2112512 total=542098324480
GGML_VK_HOST_COPY #587800 bytes=1267712 total=542201863168
GGML_VK_HOST_COPY #587900 bytes=1843712 total=542305709056
GGML_VK_HOST_COPY #588000 bytes=461312 total=542411744256
GGML_VK_HOST_COPY #588100 bytes=525312 total=542545158144
GGML_VK_HOST_COPY #588200 bytes=525312 total=542698975744
GGML_VK_HOST_COPY #588300 bytes=461312 total=542854828544
GGML_SCHED_UPLOAD_STATS layers=48 copies=6078 bytes=5765763584 branch_ms=54.71 id_ms=49.53 wait_ms=1011.85
4.32.100.174 I slot print_timing: id  0 | task 8 | prompt processing, n_tokens =  43008, progress = 0.34, t = 188.21 s / 228.51 tokens per second
GGML_VK_HOST_COPY #588400 bytes=525312 total=542993651712
GGML_VK_HOST_COPY #588500 bytes=1574912 total=543095514112
GGML_VK_HOST_COPY #588600 bytes=525312 total=543183206400
GGML_VK_HOST_COPY #588700 bytes=461312 total=543272588288
GGML_VK_HOST_COPY #588800 bytes=2112512 total=543359673344
GGML_VK_HOST_COPY #588900 bytes=422912 total=543432377344
GGML_VK_HOST_COPY #589000 bytes=845312 total=543511839744
GGML_VK_HOST_COPY #589100 bytes=2304512 total=543591378944
GGML_VK_HOST_COPY #589200 bytes=1050112 total=543674438144
GGML_VK_HOST_COPY #589300 bytes=525312 total=543765279744
GGML_VK_HOST_COPY #589400 bytes=525312 total=543852447232
GGML_VK_HOST_COPY #589500 bytes=922112 total=543932984320
GGML_VK_HOST_COPY #589600 bytes=1050112 total=544016887808
GGML_VK_HOST_COPY #589700 bytes=525312 total=544097233408
GGML_VK_HOST_COPY #589800 bytes=525312 total=544184926208
GGML_VK_HOST_COPY #589900 bytes=461312 total=544261022208
GGML_VK_HOST_COPY #590000 bytes=422912 total=544331383808
GGML_VK_HOST_COPY #590100 bytes=1267712 total=544404510208
GGML_VK_HOST_COPY #590200 bytes=461312 total=544474603008
GGML_VK_HOST_COPY #590300 bytes=461312 total=544552068608
GGML_VK_HOST_COPY #590400 bytes=525312 total=544643870208
GGML_VK_HOST_COPY #590500 bytes=525312 total=544731038208
GGML_VK_HOST_COPY #590600 bytes=461312 total=544823044608
GGML_VK_HOST_COPY #590700 bytes=2624512 total=544912081408
GGML_VK_HOST_COPY #590800 bytes=525312 total=545012369408
GGML_VK_HOST_COPY #590900 bytes=525312 total=545112132608
GGML_VK_HOST_COPY #591000 bytes=922112 total=545204100608
GGML_VK_HOST_COPY #591100 bytes=525312 total=545289284608
GGML_VK_HOST_COPY #591200 bytes=525312 total=545387998208
GGML_VK_HOST_COPY #591300 bytes=525312 total=545479364608
GGML_VK_HOST_COPY #591400 bytes=461312 total=545566084608
GGML_VK_HOST_COPY #591500 bytes=717312 total=545644574208
GGML_VK_HOST_COPY #591600 bytes=1434112 total=545705552896
GGML_VK_HOST_COPY #591700 bytes=717312 total=545767607296
GGML_VK_HOST_COPY #591800 bytes=922112 total=545842102784
GGML_VK_HOST_COPY #591900 bytes=845312 total=545925366272
GGML_VK_HOST_COPY #592000 bytes=422912 total=546010319360
GGML_VK_HOST_COPY #592100 bytes=422912 total=546096962560
GGML_VK_HOST_COPY #592200 bytes=1382912 total=546184910848
GGML_VK_HOST_COPY #592300 bytes=422912 total=546277543936
GGML_VK_HOST_COPY #592400 bytes=845312 total=546354471936
GGML_VK_HOST_COPY #592500 bytes=845312 total=546430977536
GGML_VK_HOST_COPY #592600 bytes=922112 total=546510670336
GGML_VK_HOST_COPY #592700 bytes=1267712 total=546603687936
GGML_VK_HOST_COPY #592800 bytes=1267712 total=546710183424
GGML_VK_HOST_COPY #592900 bytes=1267712 total=546819636224
GGML_VK_HOST_COPY #593000 bytes=922112 total=546932813312
GGML_VK_HOST_COPY #593100 bytes=1050112 total=547052224000
GGML_VK_HOST_COPY #593200 bytes=525312 total=547186623488
GGML_VK_HOST_COPY #593300 bytes=1382912 total=547324696576
GGML_VK_HOST_COPY #593400 bytes=717312 total=547448446464
GGML_VK_HOST_COPY #593500 bytes=1075712 total=547534155264
GGML_VK_HOST_COPY #593600 bytes=3584512 total=547615562752
GGML_VK_HOST_COPY #593700 bytes=1382912 total=547712944640
GGML_VK_HOST_COPY #593800 bytes=422912 total=547832419328
GGML_VK_HOST_COPY #593900 bytes=3379712 total=547933846016
GGML_VK_HOST_COPY #594000 bytes=845312 total=548037807616
GGML_VK_HOST_COPY #594100 bytes=461312 total=548144533504
GGML_VK_HOST_COPY #594200 bytes=525312 total=548267182592
GGML_VK_HOST_COPY #594300 bytes=525312 total=548427822592
GGML_VK_HOST_COPY #594400 bytes=922112 total=548591611392
GGML_VK_HOST_COPY #594500 bytes=1843712 total=548736353792
GGML_SCHED_UPLOAD_STATS layers=48 copies=6114 bytes=5748423680 branch_ms=54.80 id_ms=49.59 wait_ms=1021.43
GGML_VK_HOST_COPY #594600 bytes=1050112 total=548836572160
GGML_VK_HOST_COPY #594700 bytes=1574912 total=548928462848
GGML_VK_HOST_COPY #594800 bytes=461312 total=549018587136
GGML_VK_HOST_COPY #594900 bytes=922112 total=549103425536
GGML_VK_HOST_COPY #595000 bytes=422912 total=549182830592
GGML_VK_HOST_COPY #595100 bytes=422912 total=549258913792
GGML_VK_HOST_COPY #595200 bytes=461312 total=549337300992
GGML_VK_HOST_COPY #595300 bytes=525312 total=549421524992
GGML_VK_HOST_COPY #595400 bytes=525312 total=549507118592
GGML_VK_HOST_COPY #595500 bytes=525312 total=549597434880
GGML_VK_HOST_COPY #595600 bytes=461312 total=549676474368
GGML_VK_HOST_COPY #595700 bytes=2099712 total=549758790656
GGML_VK_HOST_COPY #595800 bytes=1574912 total=549843859456
GGML_VK_HOST_COPY #595900 bytes=525312 total=549926304256
GGML_VK_HOST_COPY #596000 bytes=1382912 total=550005433856
GGML_VK_HOST_COPY #596100 bytes=1267712 total=550077408256
GGML_VK_HOST_COPY #596200 bytes=1267712 total=550149689856
GGML_VK_HOST_COPY #596300 bytes=845312 total=550222393856
GGML_VK_HOST_COPY #596400 bytes=461312 total=550302701056
GGML_VK_HOST_COPY #596500 bytes=525312 total=550388115456
GGML_VK_HOST_COPY #596600 bytes=525312 total=550482630656
GGML_VK_HOST_COPY #596700 bytes=1382912 total=550577824256
GGML_VK_HOST_COPY #596800 bytes=525312 total=550663673856
GGML_VK_HOST_COPY #596900 bytes=525312 total=550764486656
GGML_VK_HOST_COPY #597000 bytes=1050112 total=550857427456
GGML_VK_HOST_COPY #597100 bytes=461312 total=550949945856
GGML_VK_HOST_COPY #597200 bytes=1050112 total=551031750656
GGML_VK_HOST_COPY #597300 bytes=525312 total=551126265856
GGML_VK_HOST_COPY #597400 bytes=1574912 total=551220256256
GGML_VK_HOST_COPY #597500 bytes=461312 total=551311853056
GGML_VK_HOST_COPY #597600 bytes=358912 total=551393773056
GGML_VK_HOST_COPY #597700 bytes=358912 total=551459053056
GGML_VK_HOST_COPY #597800 bytes=358912 total=551520748544
GGML_VK_HOST_COPY #597900 bytes=461312 total=551595960832
GGML_VK_HOST_COPY #598000 bytes=422912 total=551676421120
GGML_VK_HOST_COPY #598100 bytes=422912 total=551769822208
GGML_VK_HOST_COPY #598200 bytes=2112512 total=551859422208
GGML_VK_HOST_COPY #598300 bytes=461312 total=551950442496
GGML_VK_HOST_COPY #598400 bytes=422912 total=552043536384
GGML_VK_HOST_COPY #598500 bytes=845312 total=552125110784
GGML_VK_HOST_COPY #598600 bytes=422912 total=552204995584
GGML_VK_HOST_COPY #598700 bytes=461312 total=552287030784
GGML_VK_HOST_COPY #598800 bytes=422912 total=552379088384
GGML_VK_HOST_COPY #598900 bytes=422912 total=552480515072
GGML_VK_HOST_COPY #599000 bytes=422912 total=552586166272
GGML_VK_HOST_COPY #599100 bytes=2304512 total=552693506560
GGML_VK_HOST_COPY #599200 bytes=2624512 total=552812200448
GGML_VK_HOST_COPY #599300 bytes=1574912 total=552947649536
GGML_VK_HOST_COPY #599400 bytes=1382912 total=553081575424
GGML_VK_HOST_COPY #599500 bytes=717312 total=553206144512
GGML_VK_HOST_COPY #599600 bytes=358912 total=553302246912
GGML_VK_HOST_COPY #599700 bytes=1792512 total=553396915200
GGML_VK_HOST_COPY #599800 bytes=922112 total=553512677888
GGML_VK_HOST_COPY #599900 bytes=422912 total=553633189376
GGML_VK_HOST_COPY #600000 bytes=422912 total=553728280064
GGML_VK_HOST_COPY #600100 bytes=422912 total=553822948864
GGML_VK_HOST_COPY #600200 bytes=461312 total=553929751552
GGML_VK_HOST_COPY #600300 bytes=2099712 total=554050275840
GGML_VK_HOST_COPY #600400 bytes=525312 total=554230858240
GGML_VK_HOST_COPY #600500 bytes=461312 total=554400048640
GGML_SCHED_UPLOAD_STATS layers=48 copies=6069 bytes=5774896640 branch_ms=54.74 id_ms=49.53 wait_ms=1017.07
GGML_VK_HOST_COPY #600600 bytes=1050112 total=554553169408
GGML_VK_HOST_COPY #600700 bytes=525312 total=554650308608
GGML_VK_HOST_COPY #600800 bytes=525312 total=554739575296
GGML_VK_HOST_COPY #600900 bytes=1382912 total=554829328384
GGML_VK_HOST_COPY #601000 bytes=422912 total=554913264640
GGML_VK_HOST_COPY #601100 bytes=422912 total=554988503040
GGML_VK_HOST_COPY #601200 bytes=422912 total=555066275840
GGML_VK_HOST_COPY #601300 bytes=1382912 total=555148503040
GGML_VK_HOST_COPY #601400 bytes=525312 total=555230013440
GGML_VK_HOST_COPY #601500 bytes=1574912 total=555320854528
GGML_VK_HOST_COPY #601600 bytes=525312 total=555405923328
GGML_VK_HOST_COPY #601700 bytes=461312 total=555487932416
GGML_VK_HOST_COPY #601800 bytes=1574912 total=555572923904
GGML_VK_HOST_COPY #601900 bytes=525312 total=555654319104
GGML_VK_HOST_COPY #602000 bytes=525312 total=555740962304
GGML_VK_HOST_COPY #602100 bytes=922112 total=555818991104
GGML_VK_HOST_COPY #602200 bytes=845312 total=555887432704
GGML_VK_HOST_COPY #602300 bytes=422912 total=555964360704
GGML_VK_HOST_COPY #602400 bytes=1843712 total=556038408704
GGML_VK_HOST_COPY #602500 bytes=525312 total=556118370304
GGML_VK_HOST_COPY #602600 bytes=1050112 total=556211311104
GGML_VK_HOST_COPY #602700 bytes=4198912 total=556304251904
GGML_VK_HOST_COPY #602800 bytes=922112 total=556389538304
GGML_VK_HOST_COPY #602900 bytes=525312 total=556483528704
GGML_VK_HOST_COPY #603000 bytes=525312 total=556579618304
GGML_VK_HOST_COPY #603100 bytes=525312 total=556677807104
GGML_VK_HOST_COPY #603200 bytes=461312 total=556762914304
GGML_VK_HOST_COPY #603300 bytes=1050112 total=556848520704
GGML_VK_HOST_COPY #603400 bytes=1574912 total=556949333504
GGML_VK_HOST_COPY #603500 bytes=2099712 total=557045423104
GGML_VK_HOST_COPY #603600 bytes=922112 total=557130811904
GGML_VK_HOST_COPY #603700 bytes=358912 total=557206639104
GGML_VK_HOST_COPY #603800 bytes=717312 total=557270484992
GGML_VK_HOST_COPY #603900 bytes=358912 total=557334689792
GGML_VK_HOST_COPY #604000 bytes=2304512 total=557412052480
GGML_VK_HOST_COPY #604100 bytes=422912 total=557496122368
GGML_VK_HOST_COPY #604200 bytes=845312 total=557584454656
GGML_VK_HOST_COPY #604300 bytes=461312 total=557672095744
GGML_VK_HOST_COPY #604400 bytes=1382912 total=557763846144
GGML_VK_HOST_COPY #604500 bytes=1267712 total=557848415232
GGML_VK_HOST_COPY #604600 bytes=422912 total=557934213632
GGML_VK_HOST_COPY #604700 bytes=461312 total=558017132032
GGML_VK_HOST_COPY #604800 bytes=922112 total=558104735232
GGML_VK_HOST_COPY #604900 bytes=422912 total=558208197632
GGML_VK_HOST_COPY #605000 bytes=1267712 total=558312581120
GGML_VK_HOST_COPY #605100 bytes=1382912 total=558422379008
GGML_VK_HOST_COPY #605200 bytes=525312 total=558539895296
GGML_VK_HOST_COPY #605300 bytes=525312 total=558677444096
GGML_VK_HOST_COPY #605400 bytes=525312 total=558799248384
GGML_VK_HOST_COPY #605500 bytes=922112 total=558922140672
GGML_VK_HOST_COPY #605600 bytes=1075712 total=559037442560
GGML_VK_HOST_COPY #605700 bytes=1792512 total=559128885760
GGML_VK_HOST_COPY #605800 bytes=358912 total=559215311360
GGML_VK_HOST_COPY #605900 bytes=2765312 total=559326620160
GGML_VK_HOST_COPY #606000 bytes=422912 total=559437992960
GGML_VK_HOST_COPY #606100 bytes=845312 total=559536885248
GGML_VK_HOST_COPY #606200 bytes=922112 total=559644724736
GGML_VK_HOST_COPY #606300 bytes=2765312 total=559752142336
GGML_VK_HOST_COPY #606400 bytes=4723712 total=559901044224
GGML_VK_HOST_COPY #606500 bytes=1050112 total=560073229824
GGML_VK_HOST_COPY #606600 bytes=5069312 total=560240077824
GGML_SCHED_UPLOAD_STATS layers=48 copies=6072 bytes=5786675712 branch_ms=54.70 id_ms=49.44 wait_ms=1024.29
GGML_VK_HOST_COPY #606700 bytes=1574912 total=560376584192
GGML_VK_HOST_COPY #606800 bytes=525312 total=560464801280
GGML_VK_HOST_COPY #606900 bytes=1050112 total=560566663680
GGML_VK_HOST_COPY #607000 bytes=1843712 total=560647239168
GGML_VK_HOST_COPY #607100 bytes=845312 total=560728602624
GGML_VK_HOST_COPY #607200 bytes=422912 total=560807220224
GGML_VK_HOST_COPY #607300 bytes=422912 total=560882458624
GGML_VK_HOST_COPY #607400 bytes=461312 total=560966413824
GGML_VK_HOST_COPY #607500 bytes=1050112 total=561051329024
GGML_VK_HOST_COPY #607600 bytes=525312 total=561137971712
GGML_VK_HOST_COPY #607700 bytes=922112 total=561227660800
GGML_VK_HOST_COPY #607800 bytes=461312 total=561301900800
GGML_VK_HOST_COPY #607900 bytes=525312 total=561390169088
GGML_VK_HOST_COPY #608000 bytes=525312 total=561472613888
GGML_VK_HOST_COPY #608100 bytes=461312 total=561550962688
GGML_VK_HOST_COPY #608200 bytes=461312 total=561626124288
GGML_VK_HOST_COPY #608300 bytes=422912 total=561693529088
GGML_VK_HOST_COPY #608400 bytes=422912 total=561765388288
GGML_VK_HOST_COPY #608500 bytes=461312 total=561844620288
GGML_VK_HOST_COPY #608600 bytes=1050112 total=561925836288
GGML_VK_HOST_COPY #608700 bytes=525312 total=562020876288
GGML_VK_HOST_COPY #608800 bytes=525312 total=562112767488
GGML_VK_HOST_COPY #608900 bytes=2765312 total=562199513088
GGML_VK_HOST_COPY #609000 bytes=525312 total=562293810688
GGML_VK_HOST_COPY #609100 bytes=1050112 total=562387276288
GGML_VK_HOST_COPY #609200 bytes=922112 total=562482188288
GGML_VK_HOST_COPY #609300 bytes=1843712 total=562567026688
GGML_VK_HOST_COPY #609400 bytes=1050112 total=562653490688
GGML_VK_HOST_COPY #609500 bytes=525312 total=562748005888
GGML_VK_HOST_COPY #609600 bytes=461312 total=562847909888
GGML_VK_HOST_COPY #609700 bytes=461312 total=562929522688
GGML_VK_HOST_COPY #609800 bytes=358912 total=562998693888
GGML_VK_HOST_COPY #609900 bytes=1792512 total=563063614976
GGML_VK_HOST_COPY #610000 bytes=461312 total=563126385664
GGML_VK_HOST_COPY #610100 bytes=461312 total=563204772864
GGML_VK_HOST_COPY #610200 bytes=422912 total=563291837952
GGML_VK_HOST_COPY #610300 bytes=422912 total=563380592640
GGML_VK_HOST_COPY #610400 bytes=461312 total=563463433728
GGML_VK_HOST_COPY #610500 bytes=461312 total=563561174528
GGML_VK_HOST_COPY #610600 bytes=422912 total=563647087616
GGML_VK_HOST_COPY #610700 bytes=1690112 total=563730774016
GGML_VK_HOST_COPY #610800 bytes=461312 total=563812770816
GGML_VK_HOST_COPY #610900 bytes=922112 total=563905442816
GGML_VK_HOST_COPY #611000 bytes=422912 total=563999420416
GGML_VK_HOST_COPY #611100 bytes=2112512 total=564095355904
GGML_VK_HOST_COPY #611200 bytes=461312 total=564200814592
GGML_VK_HOST_COPY #611300 bytes=461312 total=564316065792
GGML_VK_HOST_COPY #611400 bytes=525312 total=564435118080
GGML_VK_HOST_COPY #611500 bytes=1050112 total=564572666368
GGML_VK_HOST_COPY #611600 bytes=461312 total=564698400256
GGML_VK_HOST_COPY #611700 bytes=717312 total=564814879744
GGML_VK_HOST_COPY #611800 bytes=358912 total=564902738944
GGML_VK_HOST_COPY #611900 bytes=2150912 total=564989522944
GGML_VK_HOST_COPY #612000 bytes=4608512 total=565094124544
GGML_VK_HOST_COPY #612100 bytes=845312 total=565210719744
GGML_VK_HOST_COPY #612200 bytes=1267712 total=565313413632
GGML_VK_HOST_COPY #612300 bytes=845312 total=565413151232
GGML_VK_HOST_COPY #612400 bytes=461312 total=565528094720
GGML_VK_HOST_COPY #612500 bytes=2099712 total=565671223808
GGML_VK_HOST_COPY #612600 bytes=1574912 total=565835012608
GGML_VK_HOST_COPY #612700 bytes=922112 total=566000593408
GGML_SCHED_UPLOAD_STATS layers=48 copies=6114 bytes=5770774016 branch_ms=54.64 id_ms=49.34 wait_ms=1025.58
4.43.634.440 I slot print_timing: id  0 | task 8 | prompt processing, n_tokens =  45056, progress = 0.35, t = 199.75 s / 225.56 tokens per second
GGML_VK_HOST_COPY #612800 bytes=1050112 total=566141042176
GGML_VK_HOST_COPY #612900 bytes=524800 total=566233982464
GGML_VK_HOST_COPY #613000 bytes=1050112 total=566330596864
GGML_VK_HOST_COPY #613100 bytes=461312 total=566414666752
GGML_VK_HOST_COPY #613200 bytes=422912 total=566499294208
GGML_VK_HOST_COPY #613300 bytes=845312 total=566576222208
GGML_VK_HOST_COPY #613400 bytes=845312 total=566650193408
GGML_VK_HOST_COPY #613500 bytes=461312 total=566734763008
GGML_VK_HOST_COPY #613600 bytes=1574912 total=566817361408
GGML_VK_HOST_COPY #613700 bytes=525312 total=566907152896
GGML_VK_HOST_COPY #613800 bytes=1050112 total=566997994496
GGML_VK_HOST_COPY #613900 bytes=461312 total=567074269184
GGML_VK_HOST_COPY #614000 bytes=2624512 total=567161513472
GGML_VK_HOST_COPY #614100 bytes=1574912 total=567238710272
GGML_VK_HOST_COPY #614200 bytes=461312 total=567321231872
GGML_VK_HOST_COPY #614300 bytes=922112 total=567395932672
GGML_VK_HOST_COPY #614400 bytes=422912 total=567462223872
GGML_VK_HOST_COPY #614500 bytes=422912 total=567536617472
GGML_VK_HOST_COPY #614600 bytes=461312 total=567614505472
GGML_VK_HOST_COPY #614700 bytes=525312 total=567690755072
GGML_VK_HOST_COPY #614800 bytes=4198912 total=567788419072
GGML_VK_HOST_COPY #614900 bytes=525312 total=567881884672
GGML_VK_HOST_COPY #615000 bytes=461312 total=567963535872
GGML_VK_HOST_COPY #615100 bytes=525312 total=568061814272
GGML_VK_HOST_COPY #615200 bytes=525312 total=568150556672
GGML_VK_HOST_COPY #615300 bytes=525312 total=568248220672
GGML_VK_HOST_COPY #615400 bytes=461312 total=568331126272
GGML_VK_HOST_COPY #615500 bytes=525312 total=568415913472
GGML_VK_HOST_COPY #615600 bytes=525312 total=568510428672
GGML_VK_HOST_COPY #615700 bytes=3674112 total=568610191872
GGML_VK_HOST_COPY #615800 bytes=461312 total=568690883072
GGML_VK_HOST_COPY #615900 bytes=717312 total=568759081472
GGML_VK_HOST_COPY #616000 bytes=717312 total=568823644160
GGML_VK_HOST_COPY #616100 bytes=461312 total=568888462848
GGML_VK_HOST_COPY #616200 bytes=461312 total=568967771648
GGML_VK_HOST_COPY #616300 bytes=1267712 total=569050190336
GGML_VK_HOST_COPY #616400 bytes=845312 total=569135565824
GGML_VK_HOST_COPY #616500 bytes=461312 total=569217754112
GGML_VK_HOST_COPY #616600 bytes=922112 total=569305357312
GGML_VK_HOST_COPY #616700 bytes=1267712 total=569391232000
GGML_VK_HOST_COPY #616800 bytes=422912 total=569474918400
GGML_VK_HOST_COPY #616900 bytes=845312 total=569551424000
GGML_VK_HOST_COPY #617000 bytes=461312 total=569638412800
GGML_VK_HOST_COPY #617100 bytes=1690112 total=569733273600
GGML_VK_HOST_COPY #617200 bytes=422912 total=569836812288
GGML_VK_HOST_COPY #617300 bytes=461312 total=569942616576
GGML_VK_HOST_COPY #617400 bytes=3226112 total=570059710976
GGML_VK_HOST_COPY #617500 bytes=1574912 total=570176638464
GGML_VK_HOST_COPY #617600 bytes=2099712 total=570306314752
GGML_VK_HOST_COPY #617700 bytes=922112 total=570434954240
GGML_VK_HOST_COPY #617800 bytes=1075712 total=570547440128
GGML_VK_HOST_COPY #617900 bytes=358912 total=570637091328
GGML_VK_HOST_COPY #618000 bytes=1075712 total=570719216128
GGML_VK_HOST_COPY #618100 bytes=922112 total=570814550528
GGML_VK_HOST_COPY #618200 bytes=1690112 total=570933411328
GGML_VK_HOST_COPY #618300 bytes=422912 total=571028080128
GGML_VK_HOST_COPY #618400 bytes=1267712 total=571125283328
GGML_VK_HOST_COPY #618500 bytes=461312 total=571232624128
GGML_VK_HOST_COPY #618600 bytes=525312 total=571332566528
GGML_VK_HOST_COPY #618700 bytes=525312 total=571500553728
GGML_VK_HOST_COPY #618800 bytes=525312 total=571668540928
GGML_VK_HOST_COPY #618900 bytes=1382912 total=571800841728
GGML_SCHED_UPLOAD_STATS layers=48 copies=6150 bytes=5717853184 branch_ms=54.65 id_ms=49.42 wait_ms=1028.99
GGML_VK_HOST_COPY #619000 bytes=525312 total=571914013696
GGML_VK_HOST_COPY #619100 bytes=1050112 total=572009053184
GGML_VK_HOST_COPY #619200 bytes=461312 total=572098281472
GGML_VK_HOST_COPY #619300 bytes=461312 total=572186345472
GGML_VK_HOST_COPY #619400 bytes=422912 total=572263984128
GGML_VK_HOST_COPY #619500 bytes=845312 total=572339644928
GGML_VK_HOST_COPY #619600 bytes=1382912 total=572420374528
GGML_VK_HOST_COPY #619700 bytes=1843712 total=572503369728
GGML_VK_HOST_COPY #619800 bytes=525312 total=572590345728
GGML_VK_HOST_COPY #619900 bytes=1050112 total=572678562816
GGML_VK_HOST_COPY #620000 bytes=922112 total=572758626304
GGML_VK_HOST_COPY #620100 bytes=525312 total=572840443392
GGML_VK_HOST_COPY #620200 bytes=1050112 total=572925512192
GGML_VK_HOST_COPY #620300 bytes=1050112 total=573012680192
GGML_VK_HOST_COPY #620400 bytes=922112 total=573089761792
GGML_VK_HOST_COPY #620500 bytes=422912 total=573161198592
GGML_VK_HOST_COPY #620600 bytes=845312 total=573234324992
GGML_VK_HOST_COPY #620700 bytes=1267712 total=573307028992
GGML_VK_HOST_COPY #620800 bytes=922112 total=573387105792
GGML_VK_HOST_COPY #620900 bytes=1050112 total=573468526592
GGML_VK_HOST_COPY #621000 bytes=525312 total=573564616192
GGML_VK_HOST_COPY #621100 bytes=1382912 total=573656955392
GGML_VK_HOST_COPY #621200 bytes=922112 total=573740411392
GGML_VK_HOST_COPY #621300 bytes=525312 total=573834798592
GGML_VK_HOST_COPY #621400 bytes=1050112 total=573929838592
GGML_VK_HOST_COPY #621500 bytes=922112 total=574018222592
GGML_VK_HOST_COPY #621600 bytes=525312 total=574101665792
GGML_VK_HOST_COPY #621700 bytes=1574912 total=574195131392
GGML_VK_HOST_COPY #621800 bytes=1050112 total=574290696192
GGML_VK_HOST_COPY #621900 bytes=1382912 total=574384148992
GGML_VK_HOST_COPY #622000 bytes=358912 total=574467860992
GGML_VK_HOST_COPY #622100 bytes=717312 total=574534216192
GGML_VK_HOST_COPY #622200 bytes=358912 total=574597703680
GGML_VK_HOST_COPY #622300 bytes=461312 total=574671431168
GGML_VK_HOST_COPY #622400 bytes=845312 total=574758419456
GGML_VK_HOST_COPY #622500 bytes=1267712 total=574845907456
GGML_VK_HOST_COPY #622600 bytes=422912 total=574932127744
GGML_VK_HOST_COPY #622700 bytes=461312 total=575019384832
GGML_VK_HOST_COPY #622800 bytes=422912 total=575114360320
GGML_VK_HOST_COPY #622900 bytes=422912 total=575192555520
GGML_VK_HOST_COPY #623000 bytes=422912 total=575275397120
GGML_VK_HOST_COPY #623100 bytes=461312 total=575355589120
GGML_VK_HOST_COPY #623200 bytes=845312 total=575446072320
GGML_VK_HOST_COPY #623300 bytes=845312 total=575549611008
GGML_VK_HOST_COPY #623400 bytes=1690112 total=575651460608
GGML_VK_HOST_COPY #623500 bytes=1843712 total=575758532096
GGML_VK_HOST_COPY #623600 bytes=1050112 total=575872451584
GGML_VK_HOST_COPY #623700 bytes=1574912 total=576000028672
GGML_VK_HOST_COPY #623800 bytes=461312 total=576131624960
GGML_VK_HOST_COPY #623900 bytes=1843712 total=576249180160
GGML_VK_HOST_COPY #624000 bytes=1434112 total=576338011648
GGML_VK_HOST_COPY #624100 bytes=717312 total=576420136448
GGML_VK_HOST_COPY #624200 bytes=922112 total=576521717248
GGML_VK_HOST_COPY #624300 bytes=922112 total=576637890048
GGML_VK_HOST_COPY #624400 bytes=422912 total=576740622848
GGML_VK_HOST_COPY #624500 bytes=422912 total=576848808448
GGML_VK_HOST_COPY #624600 bytes=461312 total=576953077248
GGML_VK_HOST_COPY #624700 bytes=3149312 total=577071042048
GGML_VK_HOST_COPY #624800 bytes=1050112 total=577242178048
GGML_VK_HOST_COPY #624900 bytes=525312 total=577417512448
GGML_VK_HOST_COPY #625000 bytes=1382912 total=577560514048
GGML_SCHED_UPLOAD_STATS layers=48 copies=6099 bytes=5748726272 branch_ms=54.72 id_ms=49.51 wait_ms=1030.82
GGML_VK_HOST_COPY #625100 bytes=525312 total=577672700416
GGML_VK_HOST_COPY #625200 bytes=1574912 total=577767215104
GGML_VK_HOST_COPY #625300 bytes=461312 total=577857032192
GGML_VK_HOST_COPY #625400 bytes=1382912 total=577945096192
GGML_VK_HOST_COPY #625500 bytes=845312 total=578022773248
GGML_VK_HOST_COPY #625600 bytes=845312 total=578098011648
GGML_VK_HOST_COPY #625700 bytes=922112 total=578178203648
GGML_VK_HOST_COPY #625800 bytes=922112 total=578260738048
GGML_VK_HOST_COPY #625900 bytes=525312 total=578349032448
GGML_VK_HOST_COPY #626000 bytes=2624512 total=578436724736
GGML_VK_HOST_COPY #626100 bytes=922112 total=578516916224
GGML_VK_HOST_COPY #626200 bytes=525312 total=578599130112
GGML_VK_HOST_COPY #626300 bytes=525312 total=578685248512
GGML_VK_HOST_COPY #626400 bytes=525312 total=578772416512
GGML_VK_HOST_COPY #626500 bytes=461312 total=578851277312
GGML_VK_HOST_COPY #626600 bytes=1267712 total=578924211712
GGML_VK_HOST_COPY #626700 bytes=1267712 total=578996493312
GGML_VK_HOST_COPY #626800 bytes=845312 total=579067930112
GGML_VK_HOST_COPY #626900 bytes=461312 total=579147699712
GGML_VK_HOST_COPY #627000 bytes=525312 total=579231411712
GGML_VK_HOST_COPY #627100 bytes=525312 total=579324877312
GGML_VK_HOST_COPY #627200 bytes=461312 total=579416704512
GGML_VK_HOST_COPY #627300 bytes=1050112 total=579501786112
GGML_VK_HOST_COPY #627400 bytes=1050112 total=579600499712
GGML_VK_HOST_COPY #627500 bytes=1050112 total=579694490112
GGML_VK_HOST_COPY #627600 bytes=1382912 total=579786061312
GGML_VK_HOST_COPY #627700 bytes=525312 total=579868813312
GGML_VK_HOST_COPY #627800 bytes=525312 total=579961229312
GGML_VK_HOST_COPY #627900 bytes=525312 total=580056269312
GGML_VK_HOST_COPY #628000 bytes=2304512 total=580148122112
GGML_VK_HOST_COPY #628100 bytes=717312 total=580229478912
GGML_VK_HOST_COPY #628200 bytes=358912 total=580296550400
GGML_VK_HOST_COPY #628300 bytes=717312 total=580360396800
GGML_VK_HOST_COPY #628400 bytes=922112 total=580438015488
GGML_VK_HOST_COPY #628500 bytes=845312 total=580523506176
GGML_VK_HOST_COPY #628600 bytes=1267712 total=580608459264
GGML_VK_HOST_COPY #628700 bytes=422912 total=580693835264
GGML_VK_HOST_COPY #628800 bytes=461312 total=580779978752
GGML_VK_HOST_COPY #628900 bytes=422912 total=580873111040
GGML_VK_HOST_COPY #629000 bytes=422912 total=580950461440
GGML_VK_HOST_COPY #629100 bytes=422912 total=581028656640
GGML_VK_HOST_COPY #629200 bytes=461312 total=581111191040
GGML_VK_HOST_COPY #629300 bytes=845312 total=581199523840
GGML_VK_HOST_COPY #629400 bytes=845312 total=581308553728
GGML_VK_HOST_COPY #629500 bytes=1267712 total=581414204928
GGML_VK_HOST_COPY #629600 bytes=3226112 total=581531874816
GGML_VK_HOST_COPY #629700 bytes=2099712 total=581644450304
GGML_VK_HOST_COPY #629800 bytes=1050112 total=581783048192
GGML_VK_HOST_COPY #629900 bytes=922112 total=581913441280
GGML_VK_HOST_COPY #630000 bytes=1843712 total=582030535680
GGML_VK_HOST_COPY #630100 bytes=358912 total=582116141568
GGML_VK_HOST_COPY #630200 bytes=358912 total=582204000256
GGML_VK_HOST_COPY #630300 bytes=461312 total=582300716544
GGML_VK_HOST_COPY #630400 bytes=422912 total=582424991232
GGML_VK_HOST_COPY #630500 bytes=1267712 total=582517125632
GGML_VK_HOST_COPY #630600 bytes=1690112 total=582615173120
GGML_VK_HOST_COPY #630700 bytes=461312 total=582721476608
GGML_VK_HOST_COPY #630800 bytes=525312 total=582829943296
GGML_VK_HOST_COPY #630900 bytes=525312 total=582993732096
GGML_VK_HOST_COPY #631000 bytes=3149312 total=583144400896
GGML_VK_HOST_COPY #631100 bytes=3226112 total=583277968896
GGML_SCHED_UPLOAD_STATS layers=48 copies=6117 bytes=5740156416 branch_ms=54.74 id_ms=49.45 wait_ms=1029.27
GGML_VK_HOST_COPY #631200 bytes=525312 total=583406014464
GGML_VK_HOST_COPY #631300 bytes=525312 total=583498429952
GGML_VK_HOST_COPY #631400 bytes=525312 total=583595569152
GGML_VK_HOST_COPY #631500 bytes=1382912 total=583675453440
GGML_VK_HOST_COPY #631600 bytes=422912 total=583757354496
GGML_VK_HOST_COPY #631700 bytes=845312 total=583835127296
GGML_VK_HOST_COPY #631800 bytes=461312 total=583913168896
GGML_VK_HOST_COPY #631900 bytes=1382912 total=583993399296
GGML_VK_HOST_COPY #632000 bytes=525312 total=584082871296
GGML_VK_HOST_COPY #632100 bytes=525312 total=584168464384
GGML_VK_HOST_COPY #632200 bytes=922112 total=584254646272
GGML_VK_HOST_COPY #632300 bytes=460800 total=584333493760
GGML_VK_HOST_COPY #632400 bytes=525312 total=584419612160
GGML_VK_HOST_COPY #632500 bytes=525312 total=584503106560
GGML_VK_HOST_COPY #632600 bytes=922112 total=584579074560
GGML_VK_HOST_COPY #632700 bytes=845312 total=584653237760
GGML_VK_HOST_COPY #632800 bytes=1267712 total=584726786560
GGML_VK_HOST_COPY #632900 bytes=422912 total=584802024960
GGML_VK_HOST_COPY #633000 bytes=922112 total=584880181760
GGML_VK_HOST_COPY #633100 bytes=525312 total=584961973760
GGML_VK_HOST_COPY #633200 bytes=525312 total=585059112960
GGML_VK_HOST_COPY #633300 bytes=461312 total=585152540160
GGML_VK_HOST_COPY #633400 bytes=3686912 total=585237839360
GGML_VK_HOST_COPY #633500 bytes=525312 total=585332572160
GGML_VK_HOST_COPY #633600 bytes=525312 total=585429711360
GGML_VK_HOST_COPY #633700 bytes=461312 total=585519464960
GGML_VK_HOST_COPY #633800 bytes=1050112 total=585604623360
GGML_VK_HOST_COPY #633900 bytes=525312 total=585695464960
GGML_VK_HOST_COPY #634000 bytes=525312 total=585791029760
GGML_VK_HOST_COPY #634100 bytes=1382912 total=585885135360
GGML_VK_HOST_COPY #634200 bytes=358912 total=585968847360
GGML_VK_HOST_COPY #634300 bytes=2867712 total=586038069760
GGML_VK_HOST_COPY #634400 bytes=1075712 total=586101557248
GGML_VK_HOST_COPY #634500 bytes=3226112 total=586178151936
GGML_VK_HOST_COPY #634600 bytes=845312 total=586259495424
GGML_VK_HOST_COPY #634700 bytes=422912 total=586348250112
GGML_VK_HOST_COPY #634800 bytes=422912 total=586428979712
GGML_VK_HOST_COPY #634900 bytes=461312 total=586517504000
GGML_VK_HOST_COPY #635000 bytes=422912 total=586610713088
GGML_VK_HOST_COPY #635100 bytes=845312 total=586685106688
GGML_VK_HOST_COPY #635200 bytes=845312 total=586759077888
GGML_VK_HOST_COPY #635300 bytes=461312 total=586838194688
GGML_VK_HOST_COPY #635400 bytes=1267712 total=586921650688
GGML_VK_HOST_COPY #635500 bytes=422912 total=587019698688
GGML_VK_HOST_COPY #635600 bytes=845312 total=587118590976
GGML_VK_HOST_COPY #635700 bytes=2765312 total=587220094464
GGML_VK_HOST_COPY #635800 bytes=1574912 total=587328817152
GGML_VK_HOST_COPY #635900 bytes=1050112 total=587465315840
GGML_VK_HOST_COPY #636000 bytes=2624000 total=587606012928
GGML_VK_HOST_COPY #636100 bytes=3226112 total=587717116928
GGML_VK_HOST_COPY #636200 bytes=358912 total=587809532416
GGML_VK_HOST_COPY #636300 bytes=358912 total=587897033216
GGML_VK_HOST_COPY #636400 bytes=922112 total=587992470016
GGML_VK_HOST_COPY #636500 bytes=1843712 total=588101270016
GGML_VK_HOST_COPY #636600 bytes=1267712 total=588206460416
GGML_VK_HOST_COPY #636700 bytes=2112512 total=588315068416
GGML_VK_HOST_COPY #636800 bytes=461312 total=588416226816
GGML_VK_HOST_COPY #636900 bytes=525312 total=588525065216
GGML_VK_HOST_COPY #637000 bytes=3149312 total=588675209216
GGML_VK_HOST_COPY #637100 bytes=525312 total=588813807616
GGML_VK_HOST_COPY #637200 bytes=922112 total=588946300416
GGML_SCHED_UPLOAD_STATS layers=48 copies=6114 bytes=5678589952 branch_ms=54.42 id_ms=49.25 wait_ms=1029.22
4.55.348.738 I slot print_timing: id  0 | task 8 | prompt processing, n_tokens =  47104, progress = 0.37, t = 211.46 s / 222.75 tokens per second
GGML_VK_HOST_COPY #637300 bytes=525312 total=589080387584
GGML_VK_HOST_COPY #637400 bytes=525312 total=589170703872
GGML_VK_HOST_COPY #637500 bytes=1050112 total=589271516672
GGML_VK_HOST_COPY #637600 bytes=461312 total=589350236160
GGML_VK_HOST_COPY #637700 bytes=845312 total=589434172416
GGML_VK_HOST_COPY #637800 bytes=422912 total=589510678016
GGML_VK_HOST_COPY #637900 bytes=422912 total=589587606016
GGML_VK_HOST_COPY #638000 bytes=461312 total=589671868416
GGML_VK_HOST_COPY #638100 bytes=525312 total=589756719616
GGML_VK_HOST_COPY #638200 bytes=525312 total=589843887104
GGML_VK_HOST_COPY #638300 bytes=1382912 total=589932654592
GGML_VK_HOST_COPY #638400 bytes=922112 total=590007355392
GGML_VK_HOST_COPY #638500 bytes=1574912 total=590096084480
GGML_VK_HOST_COPY #638600 bytes=1050112 total=590179578880
GGML_VK_HOST_COPY #638700 bytes=1382912 total=590259310080
GGML_VK_HOST_COPY #638800 bytes=461312 total=590334471680
GGML_VK_HOST_COPY #638900 bytes=422912 total=590407713280
GGML_VK_HOST_COPY #639000 bytes=422912 total=590479150080
GGML_VK_HOST_COPY #639100 bytes=461312 total=590560186880
GGML_VK_HOST_COPY #639200 bytes=1050112 total=590642695680
GGML_VK_HOST_COPY #639300 bytes=1050112 total=590737735680
GGML_VK_HOST_COPY #639400 bytes=1574912 total=590831726080
GGML_VK_HOST_COPY #639500 bytes=922112 total=590917511680
GGML_VK_HOST_COPY #639600 bytes=1050112 total=591013754880
GGML_VK_HOST_COPY #639700 bytes=2099712 total=591108794880
GGML_VK_HOST_COPY #639800 bytes=461312 total=591202618880
GGML_VK_HOST_COPY #639900 bytes=461312 total=591290222080
GGML_VK_HOST_COPY #640000 bytes=1574912 total=591374420480
GGML_VK_HOST_COPY #640100 bytes=1050112 total=591471034880
GGML_VK_HOST_COPY #640200 bytes=1382912 total=591567828480
GGML_VK_HOST_COPY #640300 bytes=461312 total=591648058880
GGML_VK_HOST_COPY #640400 bytes=358912 total=591720404480
GGML_VK_HOST_COPY #640500 bytes=358912 total=591789626368
GGML_VK_HOST_COPY #640600 bytes=461312 total=591860537856
GGML_VK_HOST_COPY #640700 bytes=845312 total=591949177344
GGML_VK_HOST_COPY #640800 bytes=845312 total=592041311744
GGML_VK_HOST_COPY #640900 bytes=422912 total=592126687232
GGML_VK_HOST_COPY #641000 bytes=1382912 total=592225541120
GGML_VK_HOST_COPY #641100 bytes=2957312 total=592321630208
GGML_VK_HOST_COPY #641200 bytes=1267712 total=592398980608
GGML_VK_HOST_COPY #641300 bytes=422912 total=592472529408
GGML_VK_HOST_COPY #641400 bytes=461312 total=592557675008
GGML_VK_HOST_COPY #641500 bytes=422912 total=592645700608
GGML_VK_HOST_COPY #641600 bytes=1267712 total=592752196608
GGML_VK_HOST_COPY #641700 bytes=845312 total=592859114496
GGML_VK_HOST_COPY #641800 bytes=2765312 total=592969065984
GGML_VK_HOST_COPY #641900 bytes=2099712 total=593083113472
GGML_VK_HOST_COPY #642000 bytes=1050112 total=593215938560
GGML_VK_HOST_COPY #642100 bytes=1050112 total=593349813760
GGML_VK_HOST_COPY #642200 bytes=461312 total=593450728448
GGML_VK_HOST_COPY #642300 bytes=717312 total=593557172736
GGML_VK_HOST_COPY #642400 bytes=717312 total=593650049024
GGML_VK_HOST_COPY #642500 bytes=1843712 total=593745382912
GGML_VK_HOST_COPY #642600 bytes=3686912 total=593863398912
GGML_VK_HOST_COPY #642700 bytes=845312 total=593972582400
GGML_VK_HOST_COPY #642800 bytes=845312 total=594080345600
GGML_VK_HOST_COPY #642900 bytes=461312 total=594188339200
GGML_VK_HOST_COPY #643000 bytes=1050112 total=594311872000
GGML_VK_HOST_COPY #643100 bytes=2099712 total=594490355200
GGML_VK_HOST_COPY #643200 bytes=1574912 total=594669363200
GGML_VK_HOST_COPY #643300 bytes=1843712 total=594817177600
GGML_SCHED_UPLOAD_STATS layers=48 copies=6063 bytes=5806920704 branch_ms=54.68 id_ms=49.50 wait_ms=1036.09
GGML_VK_HOST_COPY #643400 bytes=525312 total=594930349568
GGML_VK_HOST_COPY #643500 bytes=1574912 total=595025389056
GGML_VK_HOST_COPY #643600 bytes=461312 total=595115666944
GGML_VK_HOST_COPY #643700 bytes=1382912 total=595203730944
GGML_VK_HOST_COPY #643800 bytes=422912 total=595282252800
GGML_VK_HOST_COPY #643900 bytes=2112512 total=595359180800
GGML_VK_HOST_COPY #644000 bytes=461312 total=595439526400
GGML_VK_HOST_COPY #644100 bytes=461312 total=595523904000
GGML_VK_HOST_COPY #644200 bytes=525312 total=595611072000
GGML_VK_HOST_COPY #644300 bytes=1050112 total=595700338688
GGML_VK_HOST_COPY #644400 bytes=461312 total=595780670976
GGML_VK_HOST_COPY #644500 bytes=525312 total=595862155264
GGML_VK_HOST_COPY #644600 bytes=525312 total=595947224064
GGML_VK_HOST_COPY #644700 bytes=1050112 total=596033342464
GGML_VK_HOST_COPY #644800 bytes=922112 total=596111473664
GGML_VK_HOST_COPY #644900 bytes=1690112 total=596183371264
GGML_VK_HOST_COPY #645000 bytes=422912 total=596256075264
GGML_VK_HOST_COPY #645100 bytes=422912 total=596328779264
GGML_VK_HOST_COPY #645200 bytes=1843712 total=596409662464
GGML_VK_HOST_COPY #645300 bytes=1574912 total=596494104064
GGML_VK_HOST_COPY #645400 bytes=525312 total=596590193664
GGML_VK_HOST_COPY #645500 bytes=461312 total=596685118464
GGML_VK_HOST_COPY #645600 bytes=525312 total=596772875264
GGML_VK_HOST_COPY #645700 bytes=525312 total=596873163264
GGML_VK_HOST_COPY #645800 bytes=1574912 total=596965579264
GGML_VK_HOST_COPY #645900 bytes=1382912 total=597055473664
GGML_VK_HOST_COPY #646000 bytes=1050112 total=597137470464
GGML_VK_HOST_COPY #646100 bytes=1574912 total=597230936064
GGML_VK_HOST_COPY #646200 bytes=1574912 total=597323876864
GGML_VK_HOST_COPY #646300 bytes=461312 total=597414232064
GGML_VK_HOST_COPY #646400 bytes=358912 total=597492312064
GGML_VK_HOST_COPY #646500 bytes=358912 total=597559025152
GGML_VK_HOST_COPY #646600 bytes=358912 total=597621079552
GGML_VK_HOST_COPY #646700 bytes=461312 total=597701258240
GGML_VK_HOST_COPY #646800 bytes=422912 total=597790243328
GGML_VK_HOST_COPY #646900 bytes=1267712 total=597876463616
GGML_VK_HOST_COPY #647000 bytes=845312 total=597970710016
GGML_VK_HOST_COPY #647100 bytes=922112 total=598067567104
GGML_VK_HOST_COPY #647200 bytes=422912 total=598156168192
GGML_VK_HOST_COPY #647300 bytes=845312 total=598240276992
GGML_VK_HOST_COPY #647400 bytes=1267712 total=598315937792
GGML_VK_HOST_COPY #647500 bytes=922112 total=598401697792
GGML_VK_HOST_COPY #647600 bytes=2534912 total=598494100992
GGML_VK_HOST_COPY #647700 bytes=1267712 total=598590458880
GGML_VK_HOST_COPY #647800 bytes=1843712 total=598697376768
GGML_VK_HOST_COPY #647900 bytes=1843712 total=598811245568
GGML_VK_HOST_COPY #648000 bytes=525312 total=598920352256
GGML_VK_HOST_COPY #648100 bytes=2099712 total=599041631744
GGML_VK_HOST_COPY #648200 bytes=461312 total=599165317632
GGML_VK_HOST_COPY #648300 bytes=1434112 total=599279953920
GGML_VK_HOST_COPY #648400 bytes=2867712 total=599371755520
GGML_VK_HOST_COPY #648500 bytes=1434112 total=599456030208
GGML_VK_HOST_COPY #648600 bytes=461312 total=599551671296
GGML_VK_HOST_COPY #648700 bytes=1267712 total=599676291584
GGML_VK_HOST_COPY #648800 bytes=1267712 total=599778141184
GGML_VK_HOST_COPY #648900 bytes=4224512 total=599881680384
GGML_VK_HOST_COPY #649000 bytes=922112 total=599991939584
GGML_VK_HOST_COPY #649100 bytes=525312 total=600106243584
GGML_VK_HOST_COPY #649200 bytes=1574912 total=600265833984
GGML_VK_HOST_COPY #649300 bytes=922112 total=600422019584
GGML_SCHED_UPLOAD_STATS layers=48 copies=6078 bytes=5703145984 branch_ms=54.65 id_ms=49.43 wait_ms=1028.37
GGML_VK_HOST_COPY #649400 bytes=1050112 total=600568369152
GGML_VK_HOST_COPY #649500 bytes=2624512 total=600666033152
GGML_VK_HOST_COPY #649600 bytes=1050112 total=600757399040
GGML_VK_HOST_COPY #649700 bytes=461312 total=600846947328
GGML_VK_HOST_COPY #649800 bytes=461312 total=600932707328
GGML_VK_HOST_COPY #649900 bytes=422912 total=601010921984
GGML_VK_HOST_COPY #650000 bytes=422912 total=601087427584
GGML_VK_HOST_COPY #650100 bytes=1382912 total=601165737984
GGML_VK_HOST_COPY #650200 bytes=525312 total=601250601984
GGML_VK_HOST_COPY #650300 bytes=525312 total=601336195584
GGML_VK_HOST_COPY #650400 bytes=525312 total=601427561472
GGML_VK_HOST_COPY #650500 bytes=461312 total=601507215360
GGML_VK_HOST_COPY #650600 bytes=525312 total=601586818048
GGML_VK_HOST_COPY #650700 bytes=525312 total=601670837248
GGML_VK_HOST_COPY #650800 bytes=1050112 total=601755906048
GGML_VK_HOST_COPY #650900 bytes=461312 total=601831182848
GGML_VK_HOST_COPY #651000 bytes=422912 total=601903886848
GGML_VK_HOST_COPY #651100 bytes=845312 total=601976590848
GGML_VK_HOST_COPY #651200 bytes=2534912 total=602050139648
GGML_VK_HOST_COPY #651300 bytes=922112 total=602129755648
GGML_VK_HOST_COPY #651400 bytes=1050112 total=602213442048
GGML_VK_HOST_COPY #651500 bytes=1050112 total=602306907648
GGML_VK_HOST_COPY #651600 bytes=1382912 total=602401525248
GGML_VK_HOST_COPY #651700 bytes=525312 total=602486965248
GGML_VK_HOST_COPY #651800 bytes=525312 total=602587253248
GGML_VK_HOST_COPY #651900 bytes=525312 total=602682818048
GGML_VK_HOST_COPY #652000 bytes=1843712 total=602772264448
GGML_VK_HOST_COPY #652100 bytes=525312 total=602853992448
GGML_VK_HOST_COPY #652200 bytes=2624512 total=602953755648
GGML_VK_HOST_COPY #652300 bytes=525312 total=603048795648
GGML_VK_HOST_COPY #652400 bytes=922112 total=603141006848
GGML_VK_HOST_COPY #652500 bytes=717312 total=603221339648
GGML_VK_HOST_COPY #652600 bytes=358912 total=603286260736
GGML_VK_HOST_COPY #652700 bytes=717312 total=603348673536
GGML_VK_HOST_COPY #652800 bytes=461312 total=603428801024
GGML_VK_HOST_COPY #652900 bytes=1267712 total=603517363712
GGML_VK_HOST_COPY #653000 bytes=1267712 total=603603161600
GGML_VK_HOST_COPY #653100 bytes=422912 total=603691494400
GGML_VK_HOST_COPY #653200 bytes=1843712 total=603784895488
GGML_VK_HOST_COPY #653300 bytes=422912 total=603872958976
GGML_VK_HOST_COPY #653400 bytes=845312 total=603957912576
GGML_VK_HOST_COPY #653500 bytes=922112 total=604036261376
GGML_VK_HOST_COPY #653600 bytes=2304512 total=604122021376
GGML_VK_HOST_COPY #653700 bytes=1267712 total=604223448576
GGML_VK_HOST_COPY #653800 bytes=422912 total=604322340864
GGML_VK_HOST_COPY #653900 bytes=922112 total=604432599552
GGML_VK_HOST_COPY #654000 bytes=1574912 total=604550256640
GGML_VK_HOST_COPY #654100 bytes=2099712 total=604685181440
GGML_VK_HOST_COPY #654200 bytes=525312 total=604799638528
GGML_VK_HOST_COPY #654300 bytes=461312 total=604920124416
GGML_VK_HOST_COPY #654400 bytes=1434112 total=605037013504
GGML_VK_HOST_COPY #654500 bytes=717312 total=605129889792
GGML_VK_HOST_COPY #654600 bytes=1434112 total=605224916992
GGML_VK_HOST_COPY #654700 bytes=922112 total=605334791680
GGML_VK_HOST_COPY #654800 bytes=2112512 total=605449888768
GGML_VK_HOST_COPY #654900 bytes=422912 total=605558073856
GGML_VK_HOST_COPY #655000 bytes=461312 total=605673554944
GGML_VK_HOST_COPY #655100 bytes=922112 total=605787884544
GGML_VK_HOST_COPY #655200 bytes=3674112 total=605971832832
GGML_VK_HOST_COPY #655300 bytes=1050112 total=606151890432
GGML_VK_HOST_COPY #655400 bytes=5069312 total=606310533632
GGML_SCHED_UPLOAD_STATS layers=48 copies=6015 bytes=5762324992 branch_ms=54.69 id_ms=49.55 wait_ms=1036.21
GGML_VK_HOST_COPY #655500 bytes=1050112 total=606419942400
GGML_VK_HOST_COPY #655600 bytes=2099712 total=606516031488
GGML_VK_HOST_COPY #655700 bytes=461312 total=606604542976
GGML_VK_HOST_COPY #655800 bytes=461312 total=606693067776
GGML_VK_HOST_COPY #655900 bytes=1267712 total=606771474432
GGML_VK_HOST_COPY #656000 bytes=845312 total=606846290432
GGML_VK_HOST_COPY #656100 bytes=922112 total=606926098432
GGML_VK_HOST_COPY #656200 bytes=922112 total=607008632832
GGML_VK_HOST_COPY #656300 bytes=525312 total=607097452032
GGML_VK_HOST_COPY #656400 bytes=2624512 total=607185144320
GGML_VK_HOST_COPY #656500 bytes=922112 total=607265860608
GGML_VK_HOST_COPY #656600 bytes=525312 total=607348535296
GGML_VK_HOST_COPY #656700 bytes=525312 total=607431504896
GGML_VK_HOST_COPY #656800 bytes=525312 total=607516573696
GGML_VK_HOST_COPY #656900 bytes=461312 total=607593386496
GGML_VK_HOST_COPY #657000 bytes=1690112 total=607664861696
GGML_VK_HOST_COPY #657100 bytes=422912 total=607738410496
GGML_VK_HOST_COPY #657200 bytes=422912 total=607811536896
GGML_VK_HOST_COPY #657300 bytes=922112 total=607893341696
GGML_VK_HOST_COPY #657400 bytes=1050112 total=607974173696
GGML_VK_HOST_COPY #657500 bytes=1574912 total=608071837696
GGML_VK_HOST_COPY #657600 bytes=461312 total=608164778496
GGML_VK_HOST_COPY #657700 bytes=1050112 total=608250781696
GGML_VK_HOST_COPY #657800 bytes=1050112 total=608352119296
GGML_VK_HOST_COPY #657900 bytes=1050112 total=608446109696
GGML_VK_HOST_COPY #658000 bytes=1382912 total=608536567296
GGML_VK_HOST_COPY #658100 bytes=525312 total=608619319296
GGML_VK_HOST_COPY #658200 bytes=525312 total=608715933696
GGML_VK_HOST_COPY #658300 bytes=1050112 total=608815696896
GGML_VK_HOST_COPY #658400 bytes=1843712 total=608911504896
GGML_VK_HOST_COPY #658500 bytes=358912 total=608991991296
GGML_VK_HOST_COPY #658600 bytes=358912 total=609056553984
GGML_VK_HOST_COPY #658700 bytes=358912 total=609119325184
GGML_VK_HOST_COPY #658800 bytes=461312 total=609195971072
GGML_VK_HOST_COPY #658900 bytes=422912 total=609282076160
GGML_VK_HOST_COPY #659000 bytes=1267712 total=609367451648
GGML_VK_HOST_COPY #659100 bytes=422912 total=609455362048
GGML_VK_HOST_COPY #659200 bytes=2765312 total=609548993536
GGML_VK_HOST_COPY #659300 bytes=845312 total=609639937024
GGML_VK_HOST_COPY #659400 bytes=422912 total=609719821824
GGML_VK_HOST_COPY #659500 bytes=422912 total=609796327424
GGML_VK_HOST_COPY #659600 bytes=461312 total=609876212224
GGML_VK_HOST_COPY #659700 bytes=422912 total=609967309824
GGML_VK_HOST_COPY #659800 bytes=422912 total=610074227712
GGML_VK_HOST_COPY #659900 bytes=845312 total=610182835712
GGML_VK_HOST_COPY #660000 bytes=2304512 total=610295206400
GGML_VK_HOST_COPY #660100 bytes=2624512 total=610405964288
GGML_VK_HOST_COPY #660200 bytes=1050112 total=610537214976
GGML_VK_HOST_COPY #660300 bytes=461312 total=610667556864
GGML_VK_HOST_COPY #660400 bytes=717312 total=610790077952
GGML_VK_HOST_COPY #660500 bytes=358912 total=610870769152
GGML_VK_HOST_COPY #660600 bytes=358912 total=610948592640
GGML_VK_HOST_COPY #660700 bytes=1843712 total=611043772928
GGML_VK_HOST_COPY #660800 bytes=1267712 total=611153801216
GGML_VK_HOST_COPY #660900 bytes=845312 total=611261564416
GGML_VK_HOST_COPY #661000 bytes=422912 total=611362569216
GGML_VK_HOST_COPY #661100 bytes=922112 total=611480969216
GGML_VK_HOST_COPY #661200 bytes=1050112 total=611598652416
GGML_VK_HOST_COPY #661300 bytes=1050112 total=611760866816
GGML_VK_HOST_COPY #661400 bytes=525312 total=611918882816
GGML_VK_HOST_COPY #661500 bytes=922112 total=612045372416
GGML_SCHED_UPLOAD_STATS layers=48 copies=6108 bytes=5741868544 branch_ms=54.91 id_ms=49.58 wait_ms=1036.92
5.07.206.395 I slot print_timing: id  0 | task 8 | prompt processing, n_tokens =  49152, progress = 0.38, t = 223.32 s / 220.10 tokens per second
GGML_VK_HOST_COPY #661600 bytes=525312 total=612161795584
GGML_VK_HOST_COPY #661700 bytes=525312 total=612256835072
GGML_VK_HOST_COPY #661800 bytes=461312 total=612350440960
GGML_VK_HOST_COPY #661900 bytes=922112 total=612434818560
GGML_VK_HOST_COPY #662000 bytes=422912 total=612515798016
GGML_VK_HOST_COPY #662100 bytes=422912 total=612590614016
GGML_VK_HOST_COPY #662200 bytes=1843712 total=612669231616
GGML_VK_HOST_COPY #662300 bytes=461312 total=612751766016
GGML_VK_HOST_COPY #662400 bytes=525312 total=612841404416
GGML_VK_HOST_COPY #662500 bytes=4723712 total=612927522304
GGML_VK_HOST_COPY #662600 bytes=1382912 total=613011169792
GGML_VK_HOST_COPY #662700 bytes=1574912 total=613090977280
GGML_VK_HOST_COPY #662800 bytes=525312 total=613174471680
GGML_VK_HOST_COPY #662900 bytes=525312 total=613261114880
GGML_VK_HOST_COPY #663000 bytes=461312 total=613333754880
GGML_VK_HOST_COPY #663100 bytes=1267712 total=613407073280
GGML_VK_HOST_COPY #663200 bytes=422912 total=613480622080
GGML_VK_HOST_COPY #663300 bytes=422912 total=613555438080
GGML_VK_HOST_COPY #663400 bytes=1382912 total=613634170880
GGML_VK_HOST_COPY #663500 bytes=525312 total=613717601280
GGML_VK_HOST_COPY #663600 bytes=525312 total=613816314880
GGML_VK_HOST_COPY #663700 bytes=461312 total=613908500480
GGML_VK_HOST_COPY #663800 bytes=461312 total=613994260480
GGML_VK_HOST_COPY #663900 bytes=2099712 total=614092334080
GGML_VK_HOST_COPY #664000 bytes=1050112 total=614188423680
GGML_VK_HOST_COPY #664100 bytes=922112 total=614276807680
GGML_VK_HOST_COPY #664200 bytes=525312 total=614361236480
GGML_VK_HOST_COPY #664300 bytes=525312 total=614456801280
GGML_VK_HOST_COPY #664400 bytes=1050112 total=614554465280
GGML_VK_HOST_COPY #664500 bytes=461312 total=614647854080
GGML_VK_HOST_COPY #664600 bytes=358912 total=614733665280
GGML_VK_HOST_COPY #664700 bytes=717312 total=614798228480
GGML_VK_HOST_COPY #664800 bytes=358912 total=614865299968
GGML_VK_HOST_COPY #664900 bytes=1382912 total=614939129856
GGML_VK_HOST_COPY #665000 bytes=1267712 total=615022393344
GGML_VK_HOST_COPY #665100 bytes=422912 total=615108191744
GGML_VK_HOST_COPY #665200 bytes=1267712 total=615190610432
GGML_VK_HOST_COPY #665300 bytes=1382912 total=615282245120
GGML_VK_HOST_COPY #665400 bytes=2112512 total=615378027008
GGML_VK_HOST_COPY #665500 bytes=422912 total=615457067008
GGML_VK_HOST_COPY #665600 bytes=422912 total=615536107008
GGML_VK_HOST_COPY #665700 bytes=922112 total=615621214208
GGML_VK_HOST_COPY #665800 bytes=1267712 total=615715230208
GGML_VK_HOST_COPY #665900 bytes=422912 total=615822148096
GGML_VK_HOST_COPY #666000 bytes=422912 total=615929911296
GGML_VK_HOST_COPY #666100 bytes=922112 total=616046582784
GGML_VK_HOST_COPY #666200 bytes=2099712 total=616158659072
GGML_VK_HOST_COPY #666300 bytes=525312 total=616286760960
GGML_VK_HOST_COPY #666400 bytes=922112 total=616413019648
GGML_VK_HOST_COPY #666500 bytes=922112 total=616527810048
GGML_VK_HOST_COPY #666600 bytes=717312 total=616609063936
GGML_VK_HOST_COPY #666700 bytes=1075712 total=616693697024
GGML_VK_HOST_COPY #666800 bytes=461312 total=616782630912
GGML_VK_HOST_COPY #666900 bytes=922112 total=616889126912
GGML_VK_HOST_COPY #667000 bytes=1690112 total=616990553600
GGML_VK_HOST_COPY #667100 bytes=422912 total=617088179200
GGML_VK_HOST_COPY #667200 bytes=461312 total=617190105600
GGML_VK_HOST_COPY #667300 bytes=1843712 total=617296601600
GGML_VK_HOST_COPY #667400 bytes=1574912 total=617446195200
GGML_VK_HOST_COPY #667500 bytes=2099712 total=617604211200
GGML_VK_HOST_COPY #667600 bytes=3226112 total=617756070400
GGML_SCHED_UPLOAD_STATS layers=48 copies=6126 bytes=5745384960 branch_ms=54.78 id_ms=49.54 wait_ms=1038.20
GGML_VK_HOST_COPY #667700 bytes=525312 total=617892986368
GGML_VK_HOST_COPY #667800 bytes=525312 total=617984352256
GGML_VK_HOST_COPY #667900 bytes=1050112 total=618085165056
GGML_VK_HOST_COPY #668000 bytes=461312 total=618164870144
GGML_VK_HOST_COPY #668100 bytes=422912 total=618248844800
GGML_VK_HOST_COPY #668200 bytes=422912 total=618325772800
GGML_VK_HOST_COPY #668300 bytes=1267712 total=618401433600
GGML_VK_HOST_COPY #668400 bytes=461312 total=618485964800
GGML_VK_HOST_COPY #668500 bytes=525312 total=618567347200
GGML_VK_HOST_COPY #668600 bytes=525312 total=618656089088
GGML_VK_HOST_COPY #668700 bytes=461312 total=618747800576
GGML_VK_HOST_COPY #668800 bytes=461312 total=618823422976
GGML_VK_HOST_COPY #668900 bytes=525312 total=618911371264
GGML_VK_HOST_COPY #669000 bytes=1050112 total=618993816064
GGML_VK_HOST_COPY #669100 bytes=461312 total=619072689664
GGML_VK_HOST_COPY #669200 bytes=461312 total=619147851264
GGML_VK_HOST_COPY #669300 bytes=422912 total=619217713664
GGML_VK_HOST_COPY #669400 bytes=422912 total=619292107264
GGML_VK_HOST_COPY #669500 bytes=922112 total=619372721664
GGML_VK_HOST_COPY #669600 bytes=525312 total=619454731264
GGML_VK_HOST_COPY #669700 bytes=525312 total=619550296064
GGML_VK_HOST_COPY #669800 bytes=1050112 total=619642187264
GGML_VK_HOST_COPY #669900 bytes=1843712 total=619726692864
GGML_VK_HOST_COPY #670000 bytes=525312 total=619824280064
GGML_VK_HOST_COPY #670100 bytes=1050112 total=619916696064
GGML_VK_HOST_COPY #670200 bytes=525312 total=620012260864
GGML_VK_HOST_COPY #670300 bytes=1843712 total=620098942464
GGML_VK_HOST_COPY #670400 bytes=525312 total=620188619264
GGML_VK_HOST_COPY #670500 bytes=1574912 total=620287857664
GGML_VK_HOST_COPY #670600 bytes=461312 total=620385432064
GGML_VK_HOST_COPY #670700 bytes=461312 total=620470270464
GGML_VK_HOST_COPY #670800 bytes=358912 total=620539595264
GGML_VK_HOST_COPY #670900 bytes=1075712 total=620603799552
GGML_VK_HOST_COPY #671000 bytes=461312 total=620671997440
GGML_VK_HOST_COPY #671100 bytes=461312 total=620754071040
GGML_VK_HOST_COPY #671200 bytes=845312 total=620833878528
GGML_VK_HOST_COPY #671300 bytes=422912 total=620922210816
GGML_VK_HOST_COPY #671400 bytes=2304512 total=621014267904
GGML_VK_HOST_COPY #671500 bytes=422912 total=621103867392
GGML_VK_HOST_COPY #671600 bytes=422912 total=621186708992
GGML_VK_HOST_COPY #671700 bytes=422912 total=621262792192
GGML_VK_HOST_COPY #671800 bytes=461312 total=621352392192
GGML_VK_HOST_COPY #671900 bytes=422912 total=621440379392
GGML_VK_HOST_COPY #672000 bytes=422912 total=621545607680
GGML_VK_HOST_COPY #672100 bytes=2112512 total=621646190080
GGML_VK_HOST_COPY #672200 bytes=461312 total=621755565568
GGML_VK_HOST_COPY #672300 bytes=525312 total=621862368256
GGML_VK_HOST_COPY #672400 bytes=525312 total=621996242944
GGML_VK_HOST_COPY #672500 bytes=461312 total=622134367232
GGML_VK_HOST_COPY #672600 bytes=3686912 total=622257912832
GGML_VK_HOST_COPY #672700 bytes=358912 total=622340907520
GGML_VK_HOST_COPY #672800 bytes=358912 total=622422673408
GGML_VK_HOST_COPY #672900 bytes=1382912 total=622516880896
GGML_VK_HOST_COPY #673000 bytes=845312 total=622627254784
GGML_VK_HOST_COPY #673100 bytes=422912 total=622724035584
GGML_VK_HOST_COPY #673200 bytes=845312 total=622827151872
GGML_VK_HOST_COPY #673300 bytes=461312 total=622930344960
GGML_VK_HOST_COPY #673400 bytes=525312 total=623043125248
GGML_VK_HOST_COPY #673500 bytes=1574912 total=623205339648
GGML_VK_HOST_COPY #673600 bytes=1050112 total=623350760448
GGML_VK_HOST_COPY #673700 bytes=2304512 total=623493518848
GGML_SCHED_UPLOAD_STATS layers=48 copies=6084 bytes=5697925120 branch_ms=54.94 id_ms=49.69 wait_ms=1038.94
GGML_VK_HOST_COPY #673800 bytes=525312 total=623613999616
GGML_VK_HOST_COPY #673900 bytes=1050112 total=623707989504
GGML_VK_HOST_COPY #674000 bytes=525312 total=623805653504
GGML_VK_HOST_COPY #674100 bytes=461312 total=623885729792
GGML_VK_HOST_COPY #674200 bytes=1690112 total=623969090048
GGML_VK_HOST_COPY #674300 bytes=422912 total=624046862848
GGML_VK_HOST_COPY #674400 bytes=845312 total=624123790848
GGML_VK_HOST_COPY #674500 bytes=922112 total=624204443648
GGML_VK_HOST_COPY #674600 bytes=1050112 total=624293864448
GGML_VK_HOST_COPY #674700 bytes=1574912 total=624379457536
GGML_VK_HOST_COPY #674800 bytes=922112 total=624467661824
GGML_VK_HOST_COPY #674900 bytes=1843712 total=624546049024
GGML_VK_HOST_COPY #675000 bytes=525312 total=624630541312
GGML_VK_HOST_COPY #675100 bytes=525312 total=624716659712
GGML_VK_HOST_COPY #675200 bytes=1843712 total=624795110912
GGML_VK_HOST_COPY #675300 bytes=461312 total=624870272512
GGML_VK_HOST_COPY #675400 bytes=845312 total=624943552512
GGML_VK_HOST_COPY #675500 bytes=845312 total=625018790912
GGML_VK_HOST_COPY #675600 bytes=461312 total=625096909312
GGML_VK_HOST_COPY #675700 bytes=525312 total=625182426112
GGML_VK_HOST_COPY #675800 bytes=2624512 total=625280614912
GGML_VK_HOST_COPY #675900 bytes=3149312 total=625377754112
GGML_VK_HOST_COPY #676000 bytes=922112 total=625458765312
GGML_VK_HOST_COPY #676100 bytes=1050112 total=625556442112
GGML_VK_HOST_COPY #676200 bytes=1574912 total=625653581312
GGML_VK_HOST_COPY #676300 bytes=461312 total=625745715712
GGML_VK_HOST_COPY #676400 bytes=461312 total=625834240512
GGML_VK_HOST_COPY #676500 bytes=525312 total=625923930112
GGML_VK_HOST_COPY #676600 bytes=1050112 total=626026317312
GGML_VK_HOST_COPY #676700 bytes=461312 total=626125389312
GGML_VK_HOST_COPY #676800 bytes=717312 total=626212992512
GGML_VK_HOST_COPY #676900 bytes=2150912 total=626278989312
GGML_VK_HOST_COPY #677000 bytes=358912 total=626343552000
GGML_VK_HOST_COPY #677100 bytes=461312 total=626418457088
GGML_VK_HOST_COPY #677200 bytes=1267712 total=626502795776
GGML_VK_HOST_COPY #677300 bytes=422912 total=626591973376
GGML_VK_HOST_COPY #677400 bytes=845312 total=626679460864
GGML_VK_HOST_COPY #677500 bytes=461312 total=626774244352
GGML_VK_HOST_COPY #677600 bytes=422912 total=626874595840
GGML_VK_HOST_COPY #677700 bytes=1267712 total=626948144640
GGML_VK_HOST_COPY #677800 bytes=422912 total=627020426240
GGML_VK_HOST_COPY #677900 bytes=922112 total=627106839040
GGML_VK_HOST_COPY #678000 bytes=1690112 total=627195287040
GGML_VK_HOST_COPY #678100 bytes=2112512 total=627302205440
GGML_VK_HOST_COPY #678200 bytes=422912 total=627407433728
GGML_VK_HOST_COPY #678300 bytes=922112 total=627515926016
GGML_VK_HOST_COPY #678400 bytes=1050112 total=627629346304
GGML_VK_HOST_COPY #678500 bytes=1050112 total=627763220992
GGML_VK_HOST_COPY #678600 bytes=1382912 total=627904404480
GGML_VK_HOST_COPY #678700 bytes=461312 total=628024724480
GGML_VK_HOST_COPY #678800 bytes=358912 total=628117139968
GGML_VK_HOST_COPY #678900 bytes=1075712 total=628200339456
GGML_VK_HOST_COPY #679000 bytes=461312 total=628298847744
GGML_VK_HOST_COPY #679100 bytes=4224512 total=628424274432
GGML_VK_HOST_COPY #679200 bytes=422912 total=628532037632
GGML_VK_HOST_COPY #679300 bytes=4224512 total=628650360832
GGML_VK_HOST_COPY #679400 bytes=461312 total=628776748032
GGML_VK_HOST_COPY #679500 bytes=2624512 total=628901932032
GGML_VK_HOST_COPY #679600 bytes=1050112 total=629065196032
GGML_VK_HOST_COPY #679700 bytes=922112 total=629226949632
GGML_VK_HOST_COPY #679800 bytes=1843712 total=629368466432
GGML_SCHED_UPLOAD_STATS layers=48 copies=6063 bytes=5810069504 branch_ms=54.52 id_ms=49.30 wait_ms=1051.45
GGML_VK_HOST_COPY #679900 bytes=1050112 total=629468684800
GGML_VK_HOST_COPY #680000 bytes=1574912 total=629561100288
GGML_VK_HOST_COPY #680100 bytes=461312 total=629651749376
GGML_VK_HOST_COPY #680200 bytes=922112 total=629736587776
GGML_VK_HOST_COPY #680300 bytes=1267712 total=629816031232
GGML_VK_HOST_COPY #680400 bytes=422912 total=629891692032
GGML_VK_HOST_COPY #680500 bytes=461312 total=629970156032
GGML_VK_HOST_COPY #680600 bytes=1050112 total=630055685632
GGML_VK_HOST_COPY #680700 bytes=525312 total=630140754432
GGML_VK_HOST_COPY #680800 bytes=525312 total=630233694720
GGML_VK_HOST_COPY #680900 bytes=461312 total=630310379008
GGML_VK_HOST_COPY #681000 bytes=1050112 total=630393412096
GGML_VK_HOST_COPY #681100 bytes=525312 total=630475856896
GGML_VK_HOST_COPY #681200 bytes=525312 total=630561450496
GGML_VK_HOST_COPY #681300 bytes=461312 total=630635933696
GGML_VK_HOST_COPY #681400 bytes=422912 total=630707869696
GGML_VK_HOST_COPY #681500 bytes=845312 total=630779728896
GGML_VK_HOST_COPY #681600 bytes=1267712 total=630853277696
GGML_VK_HOST_COPY #681700 bytes=461312 total=630933738496
GGML_VK_HOST_COPY #681800 bytes=1574912 total=631019088896
GGML_VK_HOST_COPY #681900 bytes=525312 total=631114128896
GGML_VK_HOST_COPY #682000 bytes=922112 total=631209117696
GGML_VK_HOST_COPY #682100 bytes=1050112 total=631296093696
GGML_VK_HOST_COPY #682200 bytes=525312 total=631395332096
GGML_VK_HOST_COPY #682300 bytes=525312 total=631490896896
GGML_VK_HOST_COPY #682400 bytes=1382912 total=631582160896
GGML_VK_HOST_COPY #682500 bytes=1574912 total=631664695296
GGML_VK_HOST_COPY #682600 bytes=525312 total=631758160896
GGML_VK_HOST_COPY #682700 bytes=1574912 total=631857399296
GGML_VK_HOST_COPY #682800 bytes=922112 total=631949264896
GGML_VK_HOST_COPY #682900 bytes=717312 total=632031236096
GGML_VK_HOST_COPY #683000 bytes=358912 total=632097949184
GGML_VK_HOST_COPY #683100 bytes=717312 total=632163229184
GGML_VK_HOST_COPY #683200 bytes=922112 total=632243049472
GGML_VK_HOST_COPY #683300 bytes=1267712 total=632327656960
GGML_VK_HOST_COPY #683400 bytes=845312 total=632413877248
GGML_VK_HOST_COPY #683500 bytes=2112512 total=632503899648
GGML_VK_HOST_COPY #683600 bytes=922112 total=632593537536
GGML_VK_HOST_COPY #683700 bytes=422912 total=632685402624
GGML_VK_HOST_COPY #683800 bytes=845312 total=632767399424
GGML_VK_HOST_COPY #683900 bytes=845312 total=632843905024
GGML_VK_HOST_COPY #684000 bytes=461312 total=632923905024
GGML_VK_HOST_COPY #684100 bytes=422912 total=633016423424
GGML_VK_HOST_COPY #684200 bytes=422912 total=633121651712
GGML_VK_HOST_COPY #684300 bytes=845312 total=633228147712
GGML_VK_HOST_COPY #684400 bytes=461312 total=633337676800
GGML_VK_HOST_COPY #684500 bytes=1050112 total=633446079488
GGML_VK_HOST_COPY #684600 bytes=525312 total=633576280576
GGML_VK_HOST_COPY #684700 bytes=461312 total=633703857664
GGML_VK_HOST_COPY #684800 bytes=358912 total=633823972352
GGML_VK_HOST_COPY #684900 bytes=1075712 total=633905738752
GGML_VK_HOST_COPY #685000 bytes=717312 total=633986787840
GGML_VK_HOST_COPY #685100 bytes=922112 total=634081046528
GGML_VK_HOST_COPY #685200 bytes=3802112 total=634199676416
GGML_VK_HOST_COPY #685300 bytes=1690112 total=634297302016
GGML_VK_HOST_COPY #685400 bytes=422912 total=634395772416
GGML_VK_HOST_COPY #685500 bytes=461312 total=634498812416
GGML_VK_HOST_COPY #685600 bytes=525312 total=634607062016
GGML_VK_HOST_COPY #685700 bytes=3149312 total=634785020416
GGML_VK_HOST_COPY #685800 bytes=1574912 total=634958255616
GGML_VK_HOST_COPY #685900 bytes=1843712 total=635103996416
GGML_SCHED_UPLOAD_STATS layers=48 copies=6114 bytes=5758690816 branch_ms=71.28 id_ms=49.39 wait_ms=1046.46
5.19.171.669 I slot print_timing: id  0 | task 8 | prompt processing, n_tokens =  51200, progress = 0.40, t = 235.29 s / 217.61 tokens per second
GGML_VK_HOST_COPY #686000 bytes=525312 total=635222109184
GGML_VK_HOST_COPY #686100 bytes=1574912 total=635316623872
GGML_VK_HOST_COPY #686200 bytes=922112 total=635408604160
GGML_VK_HOST_COPY #686300 bytes=461312 total=635495285760
GGML_VK_HOST_COPY #686400 bytes=422912 total=635573193216
GGML_VK_HOST_COPY #686500 bytes=422912 total=635649698816
GGML_VK_HOST_COPY #686600 bytes=461312 total=635729314816
GGML_VK_HOST_COPY #686700 bytes=1382912 total=635811849216
GGML_VK_HOST_COPY #686800 bytes=1050112 total=635900937216
GGML_VK_HOST_COPY #686900 bytes=1050112 total=635987055104
GGML_VK_HOST_COPY #687000 bytes=461312 total=636069537792
GGML_VK_HOST_COPY #687100 bytes=1574912 total=636152545280
GGML_VK_HOST_COPY #687200 bytes=525312 total=636234990080
GGML_VK_HOST_COPY #687300 bytes=525312 total=636319009280
GGML_VK_HOST_COPY #687400 bytes=922112 total=636395809280
GGML_VK_HOST_COPY #687500 bytes=422912 total=636465095680
GGML_VK_HOST_COPY #687600 bytes=845312 total=636539911680
GGML_VK_HOST_COPY #687700 bytes=422912 total=636615150080
GGML_VK_HOST_COPY #687800 bytes=922112 total=636697607680
GGML_VK_HOST_COPY #687900 bytes=525312 total=636778606080
GGML_VK_HOST_COPY #688000 bytes=1574912 total=636878894080
GGML_VK_HOST_COPY #688100 bytes=461312 total=636973242880
GGML_VK_HOST_COPY #688200 bytes=461312 total=637059924480
GGML_VK_HOST_COPY #688300 bytes=525312 total=637157345280
GGML_VK_HOST_COPY #688400 bytes=525312 total=637255009280
GGML_VK_HOST_COPY #688500 bytes=461312 total=637343521280
GGML_VK_HOST_COPY #688600 bytes=525312 total=637428807680
GGML_VK_HOST_COPY #688700 bytes=1574912 total=637522273280
GGML_VK_HOST_COPY #688800 bytes=525312 total=637619412480
GGML_VK_HOST_COPY #688900 bytes=922112 total=637714516480
GGML_VK_HOST_COPY #689000 bytes=1075712 total=637801454080
GGML_VK_HOST_COPY #689100 bytes=1434112 total=637868526080
GGML_VK_HOST_COPY #689200 bytes=717312 total=637931296768
GGML_VK_HOST_COPY #689300 bytes=3226112 total=638008608256
GGML_VK_HOST_COPY #689400 bytes=845312 total=638090182144
GGML_VK_HOST_COPY #689500 bytes=845312 total=638175980544
GGML_VK_HOST_COPY #689600 bytes=422912 total=638255864832
GGML_VK_HOST_COPY #689700 bytes=1382912 total=638343966720
GGML_VK_HOST_COPY #689800 bytes=845312 total=638437099008
GGML_VK_HOST_COPY #689900 bytes=1267712 total=638514027008
GGML_VK_HOST_COPY #690000 bytes=845312 total=638592222208
GGML_VK_HOST_COPY #690100 bytes=461312 total=638675255808
GGML_VK_HOST_COPY #690200 bytes=1267712 total=638767467008
GGML_VK_HOST_COPY #690300 bytes=422912 total=638873117696
GGML_VK_HOST_COPY #690400 bytes=422912 total=638971588096
GGML_VK_HOST_COPY #690500 bytes=1843712 total=639083344384
GGML_VK_HOST_COPY #690600 bytes=1574912 total=639196867072
GGML_VK_HOST_COPY #690700 bytes=4198912 total=639328117760
GGML_VK_HOST_COPY #690800 bytes=461312 total=639463784448
GGML_VK_HOST_COPY #690900 bytes=461312 total=639576731648
GGML_VK_HOST_COPY #691000 bytes=1434112 total=639672116736
GGML_VK_HOST_COPY #691100 bytes=717312 total=639755674624
GGML_VK_HOST_COPY #691200 bytes=1843712 total=639854950912
GGML_VK_HOST_COPY #691300 bytes=461312 total=639963290112
GGML_VK_HOST_COPY #691400 bytes=422912 total=640066060800
GGML_VK_HOST_COPY #691500 bytes=422912 total=640168332288
GGML_VK_HOST_COPY #691600 bytes=461312 total=640271410176
GGML_VK_HOST_COPY #691700 bytes=922112 total=640376984576
GGML_VK_HOST_COPY #691800 bytes=1574912 total=640523800064
GGML_VK_HOST_COPY #691900 bytes=4198912 total=640678667264
GGML_VK_HOST_COPY #692000 bytes=3226112 total=640821988864
GGML_SCHED_UPLOAD_STATS layers=48 copies=6132 bytes=5757751296 branch_ms=55.05 id_ms=49.55 wait_ms=1054.56
GGML_VK_HOST_COPY #692100 bytes=1050112 total=640958316032
GGML_VK_HOST_COPY #692200 bytes=525312 total=641049681920
GGML_VK_HOST_COPY #692300 bytes=525312 total=641149445120
GGML_VK_HOST_COPY #692400 bytes=461312 total=641229278208
GGML_VK_HOST_COPY #692500 bytes=422912 total=641313291264
GGML_VK_HOST_COPY #692600 bytes=422912 total=641390219264
GGML_VK_HOST_COPY #692700 bytes=1267712 total=641465880064
GGML_VK_HOST_COPY #692800 bytes=1382912 total=641551371264
GGML_VK_HOST_COPY #692900 bytes=4723712 total=641636158464
GGML_VK_HOST_COPY #693000 bytes=1574912 total=641723850752
GGML_VK_HOST_COPY #693100 bytes=461312 total=641812285440
GGML_VK_HOST_COPY #693200 bytes=461312 total=641887907840
GGML_VK_HOST_COPY #693300 bytes=1574912 total=641976508928
GGML_VK_HOST_COPY #693400 bytes=1050112 total=642057904128
GGML_VK_HOST_COPY #693500 bytes=461312 total=642134409728
GGML_VK_HOST_COPY #693600 bytes=461312 total=642209571328
GGML_VK_HOST_COPY #693700 bytes=422912 total=642280432128
GGML_VK_HOST_COPY #693800 bytes=422912 total=642355248128
GGML_VK_HOST_COPY #693900 bytes=461312 total=642437513728
GGML_VK_HOST_COPY #694000 bytes=525312 total=642520380928
GGML_VK_HOST_COPY #694100 bytes=525312 total=642615420928
GGML_VK_HOST_COPY #694200 bytes=1574912 total=642705737728
GGML_VK_HOST_COPY #694300 bytes=922112 total=642786544128
GGML_VK_HOST_COPY #694400 bytes=525312 total=642883043328
GGML_VK_HOST_COPY #694500 bytes=2624512 total=642975459328
GGML_VK_HOST_COPY #694600 bytes=525312 total=643071024128
GGML_VK_HOST_COPY #694700 bytes=922112 total=643155772928
GGML_VK_HOST_COPY #694800 bytes=525312 total=643241737728
GGML_VK_HOST_COPY #694900 bytes=525312 total=643340451328
GGML_VK_HOST_COPY #695000 bytes=461312 total=643442979328
GGML_VK_HOST_COPY #695100 bytes=461312 total=643525052928
GGML_VK_HOST_COPY #695200 bytes=1075712 total=643597961728
GGML_VK_HOST_COPY #695300 bytes=358912 total=643664674816
GGML_VK_HOST_COPY #695400 bytes=1843712 total=643732565504
GGML_VK_HOST_COPY #695500 bytes=461312 total=643815560704
GGML_VK_HOST_COPY #695600 bytes=422912 total=643898132992
GGML_VK_HOST_COPY #695700 bytes=422912 total=643985620480
GGML_VK_HOST_COPY #695800 bytes=922112 total=644071840768
GGML_VK_HOST_COPY #695900 bytes=922112 total=644162669568
GGML_VK_HOST_COPY #696000 bytes=845312 total=644243897856
GGML_VK_HOST_COPY #696100 bytes=422912 total=644322515456
GGML_VK_HOST_COPY #696200 bytes=461312 total=644397600256
GGML_VK_HOST_COPY #696300 bytes=461312 total=644483360256
GGML_VK_HOST_COPY #696400 bytes=1690112 total=644579104256
GGML_VK_HOST_COPY #696500 bytes=422912 total=644675884544
GGML_VK_HOST_COPY #696600 bytes=2304512 total=644782188032
GGML_VK_HOST_COPY #696700 bytes=1382912 total=644891909632
GGML_VK_HOST_COPY #696800 bytes=2624512 total=645019934720
GGML_VK_HOST_COPY #696900 bytes=3149312 total=645161156608
GGML_VK_HOST_COPY #697000 bytes=1843712 total=645291165696
GGML_VK_HOST_COPY #697100 bytes=358912 total=645409693184
GGML_VK_HOST_COPY #697200 bytes=358912 total=645495759872
GGML_VK_HOST_COPY #697300 bytes=3942912 total=645580751872
GGML_VK_HOST_COPY #697400 bytes=461312 total=645677007360
GGML_VK_HOST_COPY #697500 bytes=845312 total=645791259648
GGML_VK_HOST_COPY #697600 bytes=422912 total=645903246336
GGML_VK_HOST_COPY #697700 bytes=422912 total=646008475136
GGML_VK_HOST_COPY #697800 bytes=461312 total=646125108224
GGML_VK_HOST_COPY #697900 bytes=1050112 total=646248832512
GGML_VK_HOST_COPY #698000 bytes=525312 total=646413670912
GGML_VK_HOST_COPY #698100 bytes=922112 total=646567936512
GGML_SCHED_UPLOAD_STATS layers=48 copies=6132 bytes=5776951296 branch_ms=54.81 id_ms=49.56 wait_ms=1052.38
GGML_VK_HOST_COPY #698200 bytes=525312 total=646710049280
GGML_VK_HOST_COPY #698300 bytes=1574912 total=646811386880
GGML_VK_HOST_COPY #698400 bytes=525312 total=646899603968
GGML_VK_HOST_COPY #698500 bytes=461312 total=646989510656
GGML_VK_HOST_COPY #698600 bytes=2112512 total=647077056512
GGML_VK_HOST_COPY #698700 bytes=422912 total=647149760512
GGML_VK_HOST_COPY #698800 bytes=845312 total=647229222912
GGML_VK_HOST_COPY #698900 bytes=461312 total=647308838912
GGML_VK_HOST_COPY #699000 bytes=525312 total=647392614912
GGML_VK_HOST_COPY #699100 bytes=1574912 total=647483980800
GGML_VK_HOST_COPY #699200 bytes=525312 total=647570099200
GGML_VK_HOST_COPY #699300 bytes=461312 total=647651365888
GGML_VK_HOST_COPY #699400 bytes=525312 total=647735064576
GGML_VK_HOST_COPY #699500 bytes=1574912 total=647812786176
GGML_VK_HOST_COPY #699600 bytes=525312 total=647896280576
GGML_VK_HOST_COPY #699700 bytes=461312 total=647970930176
GGML_VK_HOST_COPY #699800 bytes=422912 total=648040754176
GGML_VK_HOST_COPY #699900 bytes=1267712 total=648118104576
GGML_VK_HOST_COPY #700000 bytes=461312 total=648191576576
GGML_VK_HOST_COPY #700100 bytes=922112 total=648273650176
GGML_VK_HOST_COPY #700200 bytes=1574912 total=648368600576
GGML_VK_HOST_COPY #700300 bytes=525312 total=648460491776
GGML_VK_HOST_COPY #700400 bytes=461312 total=648553432576
GGML_VK_HOST_COPY #700500 bytes=525312 total=648647576576
GGML_VK_HOST_COPY #700600 bytes=1050112 total=648742616576
GGML_VK_HOST_COPY #700700 bytes=2099712 total=648839755776
GGML_VK_HOST_COPY #700800 bytes=922112 total=648925554176
GGML_VK_HOST_COPY #700900 bytes=525312 total=649008306176
GGML_VK_HOST_COPY #701000 bytes=2624512 total=649111218176
GGML_VK_HOST_COPY #701100 bytes=1050112 total=649202584576
GGML_VK_HOST_COPY #701200 bytes=461312 total=649290635776
GGML_VK_HOST_COPY #701300 bytes=358912 total=649367435776
GGML_VK_HOST_COPY #701400 bytes=1075712 total=649430923264
GGML_VK_HOST_COPY #701500 bytes=1434112 total=649495844864
GGML_VK_HOST_COPY #701600 bytes=461312 total=649571876352
GGML_VK_HOST_COPY #701700 bytes=1267712 total=649652643840
GGML_VK_HOST_COPY #701800 bytes=422912 total=649739708928
GGML_VK_HOST_COPY #701900 bytes=2957312 total=649830998528
GGML_VK_HOST_COPY #702000 bytes=461312 total=649917218816
GGML_VK_HOST_COPY #702100 bytes=422912 total=650005359104
GGML_VK_HOST_COPY #702200 bytes=422912 total=650084399104
GGML_VK_HOST_COPY #702300 bytes=2112512 total=650160482304
GGML_VK_HOST_COPY #702400 bytes=922112 total=650237679104
GGML_VK_HOST_COPY #702500 bytes=1267712 total=650333922304
GGML_VK_HOST_COPY #702600 bytes=1267712 total=650439995392
GGML_VK_HOST_COPY #702700 bytes=922112 total=650547642880
GGML_VK_HOST_COPY #702800 bytes=1382912 total=650664737280
GGML_VK_HOST_COPY #702900 bytes=2624512 total=650775111168
GGML_VK_HOST_COPY #703000 bytes=525312 total=650902163456
GGML_VK_HOST_COPY #703100 bytes=1382912 total=651028921344
GGML_VK_HOST_COPY #703200 bytes=358912 total=651146424832
GGML_VK_HOST_COPY #703300 bytes=1075712 total=651230341632
GGML_VK_HOST_COPY #703400 bytes=1792512 total=651316767232
GGML_VK_HOST_COPY #703500 bytes=922112 total=651415890432
GGML_VK_HOST_COPY #703600 bytes=422912 total=651531410432
GGML_VK_HOST_COPY #703700 bytes=1690112 total=651631148032
GGML_VK_HOST_COPY #703800 bytes=422912 total=651731730432
GGML_VK_HOST_COPY #703900 bytes=922112 total=651841260032
GGML_VK_HOST_COPY #704000 bytes=1050112 total=651957496832
GGML_VK_HOST_COPY #704100 bytes=2099712 total=652119711232
GGML_VK_HOST_COPY #704200 bytes=1050112 total=652279826432
GGML_VK_HOST_COPY #704300 bytes=2304512 total=652415135232
GGML_SCHED_UPLOAD_STATS layers=48 copies=6132 bytes=5742215168 branch_ms=54.58 id_ms=49.40 wait_ms=1053.72
GGML_VK_HOST_COPY #704400 bytes=525312 total=652528384000
GGML_VK_HOST_COPY #704500 bytes=525312 total=652622898688
GGML_VK_HOST_COPY #704600 bytes=461312 total=652715134976
GGML_VK_HOST_COPY #704700 bytes=922112 total=652800894976
GGML_VK_HOST_COPY #704800 bytes=845312 total=652879877632
GGML_VK_HOST_COPY #704900 bytes=2112512 total=652957228032
GGML_VK_HOST_COPY #705000 bytes=1843712 total=653036767232
GGML_VK_HOST_COPY #705100 bytes=461312 total=653116536832
GGML_VK_HOST_COPY #705200 bytes=525312 total=653207212032
GGML_VK_HOST_COPY #705300 bytes=525312 total=653293854720
GGML_VK_HOST_COPY #705400 bytes=461312 total=653376990208
GGML_VK_HOST_COPY #705500 bytes=525312 total=653457770496
GGML_VK_HOST_COPY #705600 bytes=525312 total=653542314496
GGML_VK_HOST_COPY #705700 bytes=525312 total=653625284096
GGML_VK_HOST_COPY #705800 bytes=1843712 total=653702340096
GGML_VK_HOST_COPY #705900 bytes=422912 total=653771780096
GGML_VK_HOST_COPY #706000 bytes=1267712 total=653846173696
GGML_VK_HOST_COPY #706100 bytes=422912 total=653921412096
GGML_VK_HOST_COPY #706200 bytes=461312 total=654000605696
GGML_VK_HOST_COPY #706300 bytes=525312 total=654083319296
GGML_VK_HOST_COPY #706400 bytes=1574912 total=654180458496
GGML_VK_HOST_COPY #706500 bytes=461312 total=654273476096
GGML_VK_HOST_COPY #706600 bytes=2765312 total=654356010496
GGML_VK_HOST_COPY #706700 bytes=525312 total=654451562496
GGML_VK_HOST_COPY #706800 bytes=1050112 total=654546602496
GGML_VK_HOST_COPY #706900 bytes=461312 total=654634538496
GGML_VK_HOST_COPY #707000 bytes=461312 total=654721680896
GGML_VK_HOST_COPY #707100 bytes=525312 total=654807044096
GGML_VK_HOST_COPY #707200 bytes=525312 total=654903133696
GGML_VK_HOST_COPY #707300 bytes=461312 total=655001591296
GGML_VK_HOST_COPY #707400 bytes=358912 total=655090935296
GGML_VK_HOST_COPY #707500 bytes=358912 total=655153348096
GGML_VK_HOST_COPY #707600 bytes=358912 total=655218985984
GGML_VK_HOST_COPY #707700 bytes=461312 total=655289283072
GGML_VK_HOST_COPY #707800 bytes=845312 total=655375848960
GGML_VK_HOST_COPY #707900 bytes=1267712 total=655459112960
GGML_VK_HOST_COPY #708000 bytes=422912 total=655542376448
GGML_VK_HOST_COPY #708100 bytes=461312 total=655633012736
GGML_VK_HOST_COPY #708200 bytes=422912 total=655726759424
GGML_VK_HOST_COPY #708300 bytes=422912 total=655806221824
GGML_VK_HOST_COPY #708400 bytes=1267712 total=655881037824
GGML_VK_HOST_COPY #708500 bytes=922112 total=655965991424
GGML_VK_HOST_COPY #708600 bytes=922112 total=656048986624
GGML_VK_HOST_COPY #708700 bytes=422912 total=656155252224
GGML_VK_HOST_COPY #708800 bytes=2957312 total=656260902912
GGML_VK_HOST_COPY #708900 bytes=461312 total=656366169600
GGML_VK_HOST_COPY #709000 bytes=2099712 total=656490892288
GGML_VK_HOST_COPY #709100 bytes=1050112 total=656627915776
GGML_VK_HOST_COPY #709200 bytes=2624000 total=656768088064
GGML_VK_HOST_COPY #709300 bytes=1382912 total=656875966464
GGML_VK_HOST_COPY #709400 bytes=1434112 total=656974013952
GGML_VK_HOST_COPY #709500 bytes=1434112 total=657062231040
GGML_VK_HOST_COPY #709600 bytes=922112 total=657158896128
GGML_VK_HOST_COPY #709700 bytes=1843712 total=657271382528
GGML_VK_HOST_COPY #709800 bytes=422912 total=657374537216
GGML_VK_HOST_COPY #709900 bytes=1267712 total=657471740416
GGML_VK_HOST_COPY #710000 bytes=922112 total=657578121216
GGML_VK_HOST_COPY #710100 bytes=922112 total=657690607616
GGML_VK_HOST_COPY #710200 bytes=1574912 total=657846998016
GGML_VK_HOST_COPY #710300 bytes=1574912 total=658022332416
GGML_VK_HOST_COPY #710400 bytes=461312 total=658173679616
GGML_SCHED_UPLOAD_STATS layers=48 copies=6117 bytes=5781706752 branch_ms=54.40 id_ms=49.26 wait_ms=1058.48
5.31.237.892 I slot print_timing: id  0 | task 8 | prompt processing, n_tokens =  53248, progress = 0.42, t = 247.35 s / 215.27 tokens per second
GGML_VK_HOST_COPY #710500 bytes=1574912 total=658302723584
GGML_VK_HOST_COPY #710600 bytes=525312 total=658396713472
GGML_VK_HOST_COPY #710700 bytes=1050112 total=658493327872
GGML_VK_HOST_COPY #710800 bytes=922112 total=658575106560
GGML_VK_HOST_COPY #710900 bytes=845312 total=658656854016
GGML_VK_HOST_COPY #711000 bytes=1267712 total=658735894016
GGML_VK_HOST_COPY #711100 bytes=845312 total=658812399616
GGML_VK_HOST_COPY #711200 bytes=922112 total=658892591616
GGML_VK_HOST_COPY #711300 bytes=1050112 total=658982601216
GGML_VK_HOST_COPY #711400 bytes=2099712 total=659070293504
GGML_VK_HOST_COPY #711500 bytes=922112 total=659158241792
GGML_VK_HOST_COPY #711600 bytes=461312 total=659238932992
GGML_VK_HOST_COPY #711700 bytes=525312 total=659323937280
GGML_VK_HOST_COPY #711800 bytes=1050112 total=659403233280
GGML_VK_HOST_COPY #711900 bytes=1843712 total=659479649280
GGML_VK_HOST_COPY #712000 bytes=461312 total=659551585280
GGML_VK_HOST_COPY #712100 bytes=422912 total=659623751680
GGML_VK_HOST_COPY #712200 bytes=1267712 total=659698567680
GGML_VK_HOST_COPY #712300 bytes=461312 total=659775610880
GGML_VK_HOST_COPY #712400 bytes=1574912 total=659860871680
GGML_VK_HOST_COPY #712500 bytes=525312 total=659955911680
GGML_VK_HOST_COPY #712600 bytes=525312 total=660048852480
GGML_VK_HOST_COPY #712700 bytes=922112 total=660135623680
GGML_VK_HOST_COPY #712800 bytes=525312 total=660230164480
GGML_VK_HOST_COPY #712900 bytes=525312 total=660322580480
GGML_VK_HOST_COPY #713000 bytes=922112 total=660416788480
GGML_VK_HOST_COPY #713100 bytes=922112 total=660502087680
GGML_VK_HOST_COPY #713200 bytes=1050112 total=660585710080
GGML_VK_HOST_COPY #713300 bytes=525312 total=660683898880
GGML_VK_HOST_COPY #713400 bytes=922112 total=660782868480
GGML_VK_HOST_COPY #713500 bytes=461312 total=660864020480
GGML_VK_HOST_COPY #713600 bytes=717312 total=660930375680
GGML_VK_HOST_COPY #713700 bytes=1075712 total=660992787968
GGML_VK_HOST_COPY #713800 bytes=1382912 total=661063085056
GGML_VK_HOST_COPY #713900 bytes=1843712 total=661146080256
GGML_VK_HOST_COPY #714000 bytes=422912 total=661228230144
GGML_VK_HOST_COPY #714100 bytes=422912 total=661313183232
GGML_VK_HOST_COPY #714200 bytes=922112 total=661402821120
GGML_VK_HOST_COPY #714300 bytes=922112 total=661502865920
GGML_VK_HOST_COPY #714400 bytes=1267712 total=661579294208
GGML_VK_HOST_COPY #714500 bytes=422912 total=661658334208
GGML_VK_HOST_COPY #714600 bytes=461312 total=661742711808
GGML_VK_HOST_COPY #714700 bytes=1843712 total=661827550208
GGML_VK_HOST_COPY #714800 bytes=422912 total=661935505408
GGML_VK_HOST_COPY #714900 bytes=845312 total=662041156096
GGML_VK_HOST_COPY #715000 bytes=1382912 total=662145347584
GGML_VK_HOST_COPY #715100 bytes=2099712 total=662269289472
GGML_VK_HOST_COPY #715200 bytes=2624512 total=662409461760
GGML_VK_HOST_COPY #715300 bytes=525312 total=662553308160
GGML_VK_HOST_COPY #715400 bytes=1382912 total=662666510848
GGML_VK_HOST_COPY #715500 bytes=1434112 total=662763380736
GGML_VK_HOST_COPY #715600 bytes=358912 total=662846580736
GGML_VK_HOST_COPY #715700 bytes=922112 total=662943451136
GGML_VK_HOST_COPY #715800 bytes=1843712 total=663053172736
GGML_VK_HOST_COPY #715900 bytes=422912 total=663149799936
GGML_VK_HOST_COPY #716000 bytes=422912 total=663254605824
GGML_VK_HOST_COPY #716100 bytes=461312 total=663363597312
GGML_VK_HOST_COPY #716200 bytes=2624512 total=663475852800
GGML_VK_HOST_COPY #716300 bytes=1574912 total=663618124800
GGML_VK_HOST_COPY #716400 bytes=525312 total=663764595200
GGML_VK_HOST_COPY #716500 bytes=922112 total=663901145600
GGML_SCHED_UPLOAD_STATS layers=48 copies=6114 bytes=5740028416 branch_ms=54.68 id_ms=49.37 wait_ms=1066.01
GGML_VK_HOST_COPY #716600 bytes=1574912 total=664038535168
GGML_VK_HOST_COPY #716700 bytes=1050112 total=664131475456
GGML_VK_HOST_COPY #716800 bytes=525312 total=664230189056
GGML_VK_HOST_COPY #716900 bytes=1382912 total=664312249344
GGML_VK_HOST_COPY #717000 bytes=422912 total=664395955200
GGML_VK_HOST_COPY #717100 bytes=845312 total=664474572800
GGML_VK_HOST_COPY #717200 bytes=422912 total=664550656000
GGML_VK_HOST_COPY #717300 bytes=1382912 total=664638336000
GGML_VK_HOST_COPY #717400 bytes=4723712 total=664723123200
GGML_VK_HOST_COPY #717500 bytes=525312 total=664811865088
GGML_VK_HOST_COPY #717600 bytes=922112 total=664902603776
GGML_VK_HOST_COPY #717700 bytes=1843712 total=664979608576
GGML_VK_HOST_COPY #717800 bytes=1050112 total=665067608064
GGML_VK_HOST_COPY #717900 bytes=1050112 total=665149003264
GGML_VK_HOST_COPY #718000 bytes=1382912 total=665225316864
GGML_VK_HOST_COPY #718100 bytes=461312 total=665299556864
GGML_VK_HOST_COPY #718200 bytes=845312 total=665368305664
GGML_VK_HOST_COPY #718300 bytes=422912 total=665439742464
GGML_VK_HOST_COPY #718400 bytes=461312 total=665518206464
GGML_VK_HOST_COPY #718500 bytes=1050112 total=665592817664
GGML_VK_HOST_COPY #718600 bytes=525312 total=665685758464
GGML_VK_HOST_COPY #718700 bytes=1050112 total=665782897664
GGML_VK_HOST_COPY #718800 bytes=461312 total=665865265664
GGML_VK_HOST_COPY #718900 bytes=525312 total=665962891264
GGML_VK_HOST_COPY #719000 bytes=1050112 total=666052683264
GGML_VK_HOST_COPY #719100 bytes=1050112 total=666152446464
GGML_VK_HOST_COPY #719200 bytes=461312 total=666236337664
GGML_VK_HOST_COPY #719300 bytes=1574912 total=666317912064
GGML_VK_HOST_COPY #719400 bytes=525312 total=666418724864
GGML_VK_HOST_COPY #719500 bytes=922112 total=666519934464
GGML_VK_HOST_COPY #719600 bytes=1382912 total=666600625664
GGML_VK_HOST_COPY #719700 bytes=358912 total=666673227264
GGML_VK_HOST_COPY #719800 bytes=717312 total=666738506752
GGML_VK_HOST_COPY #719900 bytes=461312 total=666805424640
GGML_VK_HOST_COPY #720000 bytes=922112 total=666887037440
GGML_VK_HOST_COPY #720100 bytes=422912 total=666969033728
GGML_VK_HOST_COPY #720200 bytes=1690112 total=667058633216
GGML_VK_HOST_COPY #720300 bytes=461312 total=667148386304
GGML_VK_HOST_COPY #720400 bytes=1382912 total=667238754304
GGML_VK_HOST_COPY #720500 bytes=845312 total=667322632192
GGML_VK_HOST_COPY #720600 bytes=422912 total=667402516992
GGML_VK_HOST_COPY #720700 bytes=461312 total=667478369792
GGML_VK_HOST_COPY #720800 bytes=922112 total=667559982592
GGML_VK_HOST_COPY #720900 bytes=2534912 total=667661601792
GGML_VK_HOST_COPY #721000 bytes=1690112 total=667763028480
GGML_VK_HOST_COPY #721100 bytes=461312 total=667868947968
GGML_VK_HOST_COPY #721200 bytes=2304512 total=667987885568
GGML_VK_HOST_COPY #721300 bytes=2624512 total=668107283456
GGML_VK_HOST_COPY #721400 bytes=525312 total=668246930944
GGML_VK_HOST_COPY #721500 bytes=461312 total=668378309632
GGML_VK_HOST_COPY #721600 bytes=358912 total=668497297920
GGML_VK_HOST_COPY #721700 bytes=358912 total=668591607808
GGML_VK_HOST_COPY #721800 bytes=358912 total=668682692608
GGML_VK_HOST_COPY #721900 bytes=1843712 total=668787498496
GGML_VK_HOST_COPY #722000 bytes=422912 total=668911849984
GGML_VK_HOST_COPY #722100 bytes=845312 total=669024681472
GGML_VK_HOST_COPY #722200 bytes=922112 total=669129871360
GGML_VK_HOST_COPY #722300 bytes=461312 total=669255260160
GGML_VK_HOST_COPY #722400 bytes=1050112 total=669393141248
GGML_VK_HOST_COPY #722500 bytes=1050112 total=669561128448
GGML_VK_HOST_COPY #722600 bytes=461312 total=669711656448
GGML_SCHED_UPLOAD_STATS layers=48 copies=6087 bytes=5798637056 branch_ms=54.40 id_ms=49.20 wait_ms=1069.99
GGML_VK_HOST_COPY #722700 bytes=525312 total=669857110016
GGML_VK_HOST_COPY #722800 bytes=1050112 total=669947426304
GGML_VK_HOST_COPY #722900 bytes=525312 total=670048239104
GGML_VK_HOST_COPY #723000 bytes=461312 total=670129544192
GGML_VK_HOST_COPY #723100 bytes=422912 total=670212021248
GGML_VK_HOST_COPY #723200 bytes=422912 total=670291483648
GGML_VK_HOST_COPY #723300 bytes=845312 total=670368834048
GGML_VK_HOST_COPY #723400 bytes=461312 total=670451944448
GGML_VK_HOST_COPY #723500 bytes=1050112 total=670541237248
GGML_VK_HOST_COPY #723600 bytes=1574912 total=670628404736
GGML_VK_HOST_COPY #723700 bytes=461312 total=670717594624
GGML_VK_HOST_COPY #723800 bytes=922112 total=670798746624
GGML_VK_HOST_COPY #723900 bytes=1050112 total=670883098112
GGML_VK_HOST_COPY #724000 bytes=1050112 total=670966067712
GGML_VK_HOST_COPY #724100 bytes=1843712 total=671041894912
GGML_VK_HOST_COPY #724200 bytes=1382912 total=671115213312
GGML_VK_HOST_COPY #724300 bytes=422912 total=671188109312
GGML_VK_HOST_COPY #724400 bytes=845312 total=671262925312
GGML_VK_HOST_COPY #724500 bytes=922112 total=671341850112
GGML_VK_HOST_COPY #724600 bytes=525312 total=671425203712
GGML_VK_HOST_COPY #724700 bytes=525312 total=671518144512
GGML_VK_HOST_COPY #724800 bytes=1574912 total=671611085312
GGML_VK_HOST_COPY #724900 bytes=1382912 total=671695488512
GGML_VK_HOST_COPY #725000 bytes=1050112 total=671788915712
GGML_VK_HOST_COPY #725100 bytes=1050112 total=671881856512
GGML_VK_HOST_COPY #725200 bytes=922112 total=671977370112
GGML_VK_HOST_COPY #725300 bytes=1843712 total=672063590912
GGML_VK_HOST_COPY #725400 bytes=525312 total=672147482112
GGML_VK_HOST_COPY #725500 bytes=1574912 total=672246195712
GGML_VK_HOST_COPY #725600 bytes=461312 total=672346266112
GGML_VK_HOST_COPY #725700 bytes=461312 total=672428800512
GGML_VK_HOST_COPY #725800 bytes=717312 total=672499763712
GGML_VK_HOST_COPY #725900 bytes=358912 total=672563968000
GGML_VK_HOST_COPY #726000 bytes=922112 total=672633753088
GGML_VK_HOST_COPY #726100 bytes=922112 total=672719052288
GGML_VK_HOST_COPY #726200 bytes=3379712 total=672804350976
GGML_VK_HOST_COPY #726300 bytes=845312 total=672888459264
GGML_VK_HOST_COPY #726400 bytes=922112 total=672982013952
GGML_VK_HOST_COPY #726500 bytes=461312 total=673081597952
GGML_VK_HOST_COPY #726600 bytes=845312 total=673160176640
GGML_VK_HOST_COPY #726700 bytes=422912 total=673236682240
GGML_VK_HOST_COPY #726800 bytes=461312 total=673321674240
GGML_VK_HOST_COPY #726900 bytes=1267712 total=673406589440
GGML_VK_HOST_COPY #727000 bytes=422912 total=673510551040
GGML_VK_HOST_COPY #727100 bytes=422912 total=673613667328
GGML_VK_HOST_COPY #727200 bytes=1843712 total=673716937216
GGML_VK_HOST_COPY #727300 bytes=525312 total=673829346304
GGML_VK_HOST_COPY #727400 bytes=525312 total=673970568192
GGML_VK_HOST_COPY #727500 bytes=525312 total=674098670592
GGML_VK_HOST_COPY #727600 bytes=461312 total=674212756480
GGML_VK_HOST_COPY #727700 bytes=1434112 total=674317511168
GGML_VK_HOST_COPY #727800 bytes=717312 total=674402502656
GGML_VK_HOST_COPY #727900 bytes=358912 total=674487136256
GGML_VK_HOST_COPY #728000 bytes=461312 total=674584774144
GGML_VK_HOST_COPY #728100 bytes=1267712 total=674692613632
GGML_VK_HOST_COPY #728200 bytes=845312 total=674802910720
GGML_VK_HOST_COPY #728300 bytes=845312 total=674908561920
GGML_VK_HOST_COPY #728400 bytes=5069312 total=675026500608
GGML_VK_HOST_COPY #728500 bytes=525312 total=675159492096
GGML_VK_HOST_COPY #728600 bytes=2099712 total=675305962496
GGML_VK_HOST_COPY #728700 bytes=922112 total=675448439296
GGML_SCHED_UPLOAD_STATS layers=48 copies=6138 bytes=5754426368 branch_ms=54.35 id_ms=49.09 wait_ms=1066.13
GGML_VK_HOST_COPY #728800 bytes=525312 total=675581067264
GGML_VK_HOST_COPY #728900 bytes=1050112 total=675682404864
GGML_VK_HOST_COPY #729000 bytes=2099712 total=675772721152
GGML_VK_HOST_COPY #729100 bytes=1843712 total=675861719040
GGML_VK_HOST_COPY #729200 bytes=422912 total=675947344896
GGML_VK_HOST_COPY #729300 bytes=422912 total=676022160896
GGML_VK_HOST_COPY #729400 bytes=422912 total=676104580096
GGML_VK_HOST_COPY #729500 bytes=1843712 total=676185040896
GGML_VK_HOST_COPY #729600 bytes=525312 total=676267293696
GGML_VK_HOST_COPY #729700 bytes=525312 total=676360758784
GGML_VK_HOST_COPY #729800 bytes=525312 total=676447926784
GGML_VK_HOST_COPY #729900 bytes=461312 total=676529999872
GGML_VK_HOST_COPY #730000 bytes=525312 total=676615452160
GGML_VK_HOST_COPY #730100 bytes=525312 total=676692648960
GGML_VK_HOST_COPY #730200 bytes=2624512 total=676776668160
GGML_VK_HOST_COPY #730300 bytes=461312 total=676850562560
GGML_VK_HOST_COPY #730400 bytes=422912 total=676919925760
GGML_VK_HOST_COPY #730500 bytes=422912 total=676996431360
GGML_VK_HOST_COPY #730600 bytes=922112 total=677069596160
GGML_VK_HOST_COPY #730700 bytes=461312 total=677144757760
GGML_VK_HOST_COPY #730800 bytes=1574912 total=677241064960
GGML_VK_HOST_COPY #730900 bytes=525312 total=677331906560
GGML_VK_HOST_COPY #731000 bytes=461312 total=677421980160
GGML_VK_HOST_COPY #731100 bytes=1574912 total=677517544960
GGML_VK_HOST_COPY #731200 bytes=1050112 total=677612060160
GGML_VK_HOST_COPY #731300 bytes=525312 total=677710773760
GGML_VK_HOST_COPY #731400 bytes=922112 total=677795023360
GGML_VK_HOST_COPY #731500 bytes=1050112 total=677876175360
GGML_VK_HOST_COPY #731600 bytes=525312 total=677980661760
GGML_VK_HOST_COPY #731700 bytes=525312 total=678076226560
GGML_VK_HOST_COPY #731800 bytes=461312 total=678164098560
GGML_VK_HOST_COPY #731900 bytes=358912 total=678242895360
GGML_VK_HOST_COPY #732000 bytes=358912 total=678312834048
GGML_VK_HOST_COPY #732100 bytes=1792512 total=678381698048
GGML_VK_HOST_COPY #732200 bytes=461312 total=678461671936
GGML_VK_HOST_COPY #732300 bytes=422912 total=678545933824
GGML_VK_HOST_COPY #732400 bytes=422912 total=678637645312
GGML_VK_HOST_COPY #732500 bytes=461312 total=678732006400
GGML_VK_HOST_COPY #732600 bytes=1382912 total=678826521600
GGML_VK_HOST_COPY #732700 bytes=1267712 total=678907673088
GGML_VK_HOST_COPY #732800 bytes=422912 total=678987980288
GGML_VK_HOST_COPY #732900 bytes=1267712 total=679064063488
GGML_VK_HOST_COPY #733000 bytes=2304512 total=679144754688
GGML_VK_HOST_COPY #733100 bytes=2534912 total=679249292288
GGML_VK_HOST_COPY #733200 bytes=422912 total=679352830976
GGML_VK_HOST_COPY #733300 bytes=1382912 total=679464932864
GGML_VK_HOST_COPY #733400 bytes=525312 total=679585892352
GGML_VK_HOST_COPY #733500 bytes=5248512 total=679719242752
GGML_VK_HOST_COPY #733600 bytes=525312 total=679843671040
GGML_VK_HOST_COPY #733700 bytes=1382912 total=679965283328
GGML_VK_HOST_COPY #733800 bytes=358912 total=680078178816
GGML_VK_HOST_COPY #733900 bytes=717312 total=680166754816
GGML_VK_HOST_COPY #734000 bytes=358912 total=680248879616
GGML_VK_HOST_COPY #734100 bytes=1382912 total=680349487616
GGML_VK_HOST_COPY #734200 bytes=1267712 total=680462550016
GGML_VK_HOST_COPY #734300 bytes=422912 total=680578338816
GGML_VK_HOST_COPY #734400 bytes=845312 total=680687369216
GGML_VK_HOST_COPY #734500 bytes=461312 total=680803119616
GGML_VK_HOST_COPY #734600 bytes=1050112 total=680936930816
GGML_VK_HOST_COPY #734700 bytes=1574912 total=681082351616
GGML_VK_HOST_COPY #734800 bytes=461312 total=681232559616
GGML_SCHED_UPLOAD_STATS layers=48 copies=6102 bytes=5776862208 branch_ms=54.70 id_ms=49.45 wait_ms=1060.25
5.43.467.440 I slot print_timing: id  0 | task 8 | prompt processing, n_tokens =  55296, progress = 0.43, t = 259.58 s / 213.02 tokens per second
GGML_VK_HOST_COPY #734900 bytes=525312 total=681365789184
GGML_VK_HOST_COPY #735000 bytes=1050112 total=681466077184
GGML_VK_HOST_COPY #735100 bytes=525312 total=681553769472
GGML_VK_HOST_COPY #735200 bytes=922112 total=681644917760
GGML_VK_HOST_COPY #735300 bytes=5242880 total=681731311616
GGML_VK_HOST_COPY #735400 bytes=1267712 total=681806972416
GGML_VK_HOST_COPY #735500 bytes=845312 total=681887702016
GGML_VK_HOST_COPY #735600 bytes=461312 total=681968239616
GGML_VK_HOST_COPY #735700 bytes=525312 total=682052540416
GGML_VK_HOST_COPY #735800 bytes=525312 total=682146005504
GGML_VK_HOST_COPY #735900 bytes=1050112 total=682231599104
GGML_VK_HOST_COPY #736000 bytes=461312 total=682314120192
GGML_VK_HOST_COPY #736100 bytes=525312 total=682398599680
GGML_VK_HOST_COPY #736200 bytes=1574912 total=682478945280
GGML_VK_HOST_COPY #736300 bytes=525312 total=682562439680
GGML_VK_HOST_COPY #736400 bytes=461312 total=682637882880
GGML_VK_HOST_COPY #736500 bytes=422912 total=682708974080
GGML_VK_HOST_COPY #736600 bytes=1267712 total=682784634880
GGML_VK_HOST_COPY #736700 bytes=922112 total=682854996480
GGML_VK_HOST_COPY #736800 bytes=461312 total=682934305280
GGML_VK_HOST_COPY #736900 bytes=3149312 total=683026119680
GGML_VK_HOST_COPY #737000 bytes=1050112 total=683118010880
GGML_VK_HOST_COPY #737100 bytes=461312 total=683212910080
GGML_VK_HOST_COPY #737200 bytes=2624512 total=683304698880
GGML_VK_HOST_COPY #737300 bytes=525312 total=683402362880
GGML_VK_HOST_COPY #737400 bytes=2099712 total=683500026880
GGML_VK_HOST_COPY #737500 bytes=922112 total=683588718080
GGML_VK_HOST_COPY #737600 bytes=1050112 total=683671201280
GGML_VK_HOST_COPY #737700 bytes=525312 total=683778836480
GGML_VK_HOST_COPY #737800 bytes=1574912 total=683875450880
GGML_VK_HOST_COPY #737900 bytes=461312 total=683964372480
GGML_VK_HOST_COPY #738000 bytes=358912 total=684040762880
GGML_VK_HOST_COPY #738100 bytes=358912 total=684109267968
GGML_VK_HOST_COPY #738200 bytes=1792512 total=684177415168
GGML_VK_HOST_COPY #738300 bytes=461312 total=684256672256
GGML_VK_HOST_COPY #738400 bytes=1267712 total=684339782144
GGML_VK_HOST_COPY #738500 bytes=2534912 total=684427692032
GGML_VK_HOST_COPY #738600 bytes=922112 total=684516561920
GGML_VK_HOST_COPY #738700 bytes=1382912 total=684606008320
GGML_VK_HOST_COPY #738800 bytes=422912 total=684690654208
GGML_VK_HOST_COPY #738900 bytes=422912 total=684774340608
GGML_VK_HOST_COPY #739000 bytes=461312 total=684853611008
GGML_VK_HOST_COPY #739100 bytes=922112 total=684939831808
GGML_VK_HOST_COPY #739200 bytes=845312 total=685044369408
GGML_VK_HOST_COPY #739300 bytes=845312 total=685149597696
GGML_VK_HOST_COPY #739400 bytes=2765312 total=685262851584
GGML_VK_HOST_COPY #739500 bytes=525312 total=685385052672
GGML_VK_HOST_COPY #739600 bytes=1574912 total=685525225472
GGML_VK_HOST_COPY #739700 bytes=2099712 total=685648079360
GGML_VK_HOST_COPY #739800 bytes=922112 total=685770318848
GGML_VK_HOST_COPY #739900 bytes=717312 total=685886747136
GGML_VK_HOST_COPY #740000 bytes=717312 total=685977831936
GGML_VK_HOST_COPY #740100 bytes=1434112 total=686063899136
GGML_VK_HOST_COPY #740200 bytes=461312 total=686169934336
GGML_VK_HOST_COPY #740300 bytes=422912 total=686287412736
GGML_VK_HOST_COPY #740400 bytes=845312 total=686393486336
GGML_VK_HOST_COPY #740500 bytes=461312 total=686507854336
GGML_VK_HOST_COPY #740600 bytes=1382912 total=686625409536
GGML_VK_HOST_COPY #740700 bytes=525312 total=686767579136
GGML_VK_HOST_COPY #740800 bytes=1574912 total=686919822336
GGML_VK_HOST_COPY #740900 bytes=461312 total=687065089536
GGML_SCHED_UPLOAD_STATS layers=48 copies=6069 bytes=5793920512 branch_ms=54.49 id_ms=49.37 wait_ms=1069.95
GGML_VK_HOST_COPY #741000 bytes=1050112 total=687199074304
GGML_VK_HOST_COPY #741100 bytes=1050112 total=687293064192
GGML_VK_HOST_COPY #741200 bytes=2624512 total=687390203392
GGML_VK_HOST_COPY #741300 bytes=922112 total=687473300480
GGML_VK_HOST_COPY #741400 bytes=845312 total=687557275136
GGML_VK_HOST_COPY #741500 bytes=422912 total=687635470336
GGML_VK_HOST_COPY #741600 bytes=1267712 total=687709441536
GGML_VK_HOST_COPY #741700 bytes=3226112 total=687796699136
GGML_VK_HOST_COPY #741800 bytes=525312 total=687878222336
GGML_VK_HOST_COPY #741900 bytes=525312 total=687968013824
GGML_VK_HOST_COPY #742000 bytes=461312 total=688060966912
GGML_VK_HOST_COPY #742100 bytes=922112 total=688136589312
GGML_VK_HOST_COPY #742200 bytes=525312 total=688224281600
GGML_VK_HOST_COPY #742300 bytes=2099712 total=688305676800
GGML_VK_HOST_COPY #742400 bytes=461312 total=688385984000
GGML_VK_HOST_COPY #742500 bytes=461312 total=688462067200
GGML_VK_HOST_COPY #742600 bytes=845312 total=688531699200
GGML_VK_HOST_COPY #742700 bytes=422912 total=688605248000
GGML_VK_HOST_COPY #742800 bytes=461312 total=688686553600
GGML_VK_HOST_COPY #742900 bytes=525312 total=688767321600
GGML_VK_HOST_COPY #743000 bytes=525312 total=688861312000
GGML_VK_HOST_COPY #743100 bytes=1050112 total=688956352000
GGML_VK_HOST_COPY #743200 bytes=461312 total=689038860800
GGML_VK_HOST_COPY #743300 bytes=1574912 total=689138649600
GGML_VK_HOST_COPY #743400 bytes=1050112 total=689232115200
GGML_VK_HOST_COPY #743500 bytes=525312 total=689330828800
GGML_VK_HOST_COPY #743600 bytes=461312 total=689416051200
GGML_VK_HOST_COPY #743700 bytes=1050112 total=689504627200
GGML_VK_HOST_COPY #743800 bytes=1050112 total=689609638400
GGML_VK_HOST_COPY #743900 bytes=461312 total=689716390400
GGML_VK_HOST_COPY #744000 bytes=1382912 total=689804915200
GGML_VK_HOST_COPY #744100 bytes=717312 total=689876032000
GGML_VK_HOST_COPY #744200 bytes=1075712 total=689943103488
GGML_VK_HOST_COPY #744300 bytes=461312 total=690018878976
GGML_VK_HOST_COPY #744400 bytes=845312 total=690109131264
GGML_VK_HOST_COPY #744500 bytes=1267712 total=690193240064
GGML_VK_HOST_COPY #744600 bytes=1267712 total=690278193152
GGML_VK_HOST_COPY #744700 bytes=461312 total=690371824640
GGML_VK_HOST_COPY #744800 bytes=422912 total=690463843328
GGML_VK_HOST_COPY #744900 bytes=422912 total=690542038528
GGML_VK_HOST_COPY #745000 bytes=422912 total=690612630528
GGML_VK_HOST_COPY #745100 bytes=1382912 total=690698044928
GGML_VK_HOST_COPY #745200 bytes=922112 total=690781040128
GGML_VK_HOST_COPY #745300 bytes=422912 total=690887190528
GGML_VK_HOST_COPY #745400 bytes=1690112 total=690998754816
GGML_VK_HOST_COPY #745500 bytes=922112 total=691111432704
GGML_VK_HOST_COPY #745600 bytes=1574912 total=691222075392
GGML_VK_HOST_COPY #745700 bytes=1050112 total=691352801280
GGML_VK_HOST_COPY #745800 bytes=1574912 total=691468308480
GGML_VK_HOST_COPY #745900 bytes=922112 total=691571847168
GGML_VK_HOST_COPY #746000 bytes=358912 total=691681005056
GGML_VK_HOST_COPY #746100 bytes=717312 total=691764921856
GGML_VK_HOST_COPY #746200 bytes=717312 total=691848480256
GGML_VK_HOST_COPY #746300 bytes=2304512 total=691942483456
GGML_VK_HOST_COPY #746400 bytes=1690112 total=692055315456
GGML_VK_HOST_COPY #746500 bytes=845312 total=692159277056
GGML_VK_HOST_COPY #746600 bytes=1690112 total=692261549056
GGML_VK_HOST_COPY #746700 bytes=1382912 total=692369926656
GGML_VK_HOST_COPY #746800 bytes=525312 total=692491437056
GGML_VK_HOST_COPY #746900 bytes=2624512 total=692664672256
GGML_VK_HOST_COPY #747000 bytes=922112 total=692828345856
GGML_SCHED_UPLOAD_STATS layers=48 copies=6114 bytes=5782269952 branch_ms=54.48 id_ms=49.28 wait_ms=1067.09
GGML_VK_HOST_COPY #747100 bytes=525312 total=692976602624
GGML_VK_HOST_COPY #747200 bytes=2099712 total=693074791424
GGML_VK_HOST_COPY #747300 bytes=525312 total=693164582912
GGML_VK_HOST_COPY #747400 bytes=461312 total=693254067200
GGML_VK_HOST_COPY #747500 bytes=1690112 total=693337773056
GGML_VK_HOST_COPY #747600 bytes=1267712 total=693415545856
GGML_VK_HOST_COPY #747700 bytes=422912 total=693494163456
GGML_VK_HOST_COPY #747800 bytes=461312 total=693577389056
GGML_VK_HOST_COPY #747900 bytes=525312 total=693660729856
GGML_VK_HOST_COPY #748000 bytes=1050112 total=693753145344
GGML_VK_HOST_COPY #748100 bytes=1574912 total=693840838144
GGML_VK_HOST_COPY #748200 bytes=1382912 total=693922348032
GGML_VK_HOST_COPY #748300 bytes=1050112 total=694005214720
GGML_VK_HOST_COPY #748400 bytes=525312 total=694083985920
GGML_VK_HOST_COPY #748500 bytes=525312 total=694166955520
GGML_VK_HOST_COPY #748600 bytes=922112 total=694243141120
GGML_VK_HOST_COPY #748700 bytes=422912 total=694312120320
GGML_VK_HOST_COPY #748800 bytes=845312 total=694389893120
GGML_VK_HOST_COPY #748900 bytes=461312 total=694461713920
GGML_VK_HOST_COPY #749000 bytes=461312 total=694541022720
GGML_VK_HOST_COPY #749100 bytes=1050112 total=694636024320
GGML_VK_HOST_COPY #749200 bytes=525312 total=694727915520
GGML_VK_HOST_COPY #749300 bytes=1382912 total=694819832320
GGML_VK_HOST_COPY #749400 bytes=1574912 total=694916305920
GGML_VK_HOST_COPY #749500 bytes=525312 total=695009246720
GGML_VK_HOST_COPY #749600 bytes=525312 total=695109534720
GGML_VK_HOST_COPY #749700 bytes=1382912 total=695192030720
GGML_VK_HOST_COPY #749800 bytes=525312 total=695274603520
GGML_VK_HOST_COPY #749900 bytes=525312 total=695375941120
GGML_VK_HOST_COPY #750000 bytes=1574912 total=695473080320
GGML_VK_HOST_COPY #750100 bytes=922112 total=695557752320
GGML_VK_HOST_COPY #750200 bytes=358912 total=695632657920
GGML_VK_HOST_COPY #750300 bytes=358912 total=695699729408
GGML_VK_HOST_COPY #750400 bytes=717312 total=695765367808
GGML_VK_HOST_COPY #750500 bytes=922112 total=695842986496
GGML_VK_HOST_COPY #750600 bytes=845312 total=695926979584
GGML_VK_HOST_COPY #750700 bytes=845312 total=696015311872
GGML_VK_HOST_COPY #750800 bytes=1267712 total=696104489472
GGML_VK_HOST_COPY #750900 bytes=461312 total=696195087360
GGML_VK_HOST_COPY #751000 bytes=422912 total=696279541248
GGML_VK_HOST_COPY #751100 bytes=1690112 total=696359426048
GGML_VK_HOST_COPY #751200 bytes=1267712 total=696435086848
GGML_VK_HOST_COPY #751300 bytes=461312 total=696514472448
GGML_VK_HOST_COPY #751400 bytes=1267712 total=696613902848
GGML_VK_HOST_COPY #751500 bytes=422912 total=696727156736
GGML_VK_HOST_COPY #751600 bytes=461312 total=696839642624
GGML_VK_HOST_COPY #751700 bytes=525312 total=696963302912
GGML_VK_HOST_COPY #751800 bytes=3149312 total=697098752512
GGML_VK_HOST_COPY #751900 bytes=525312 total=697221081600
GGML_VK_HOST_COPY #752000 bytes=922112 total=697345266688
GGML_VK_HOST_COPY #752100 bytes=717312 total=697457035776
GGML_VK_HOST_COPY #752200 bytes=358912 total=697543819264
GGML_VK_HOST_COPY #752300 bytes=358912 total=697630603264
GGML_VK_HOST_COPY #752400 bytes=922112 total=697730545152
GGML_VK_HOST_COPY #752500 bytes=1690112 total=697848714240
GGML_VK_HOST_COPY #752600 bytes=845312 total=697949719040
GGML_VK_HOST_COPY #752700 bytes=845312 total=698048189440
GGML_VK_HOST_COPY #752800 bytes=461312 total=698159754240
GGML_VK_HOST_COPY #752900 bytes=1574912 total=698296842240
GGML_VK_HOST_COPY #753000 bytes=525312 total=698456432640
GGML_VK_HOST_COPY #753100 bytes=922112 total=698614563840
GGML_SCHED_UPLOAD_STATS layers=48 copies=6090 bytes=5764668928 branch_ms=53.58 id_ms=48.58 wait_ms=1060.65
GGML_VK_HOST_COPY #753200 bytes=1050112 total=698758583808
GGML_VK_HOST_COPY #753300 bytes=525312 total=698854673408
GGML_VK_HOST_COPY #753400 bytes=525312 total=698949712896
GGML_VK_HOST_COPY #753500 bytes=1382912 total=699034755584
GGML_VK_HOST_COPY #753600 bytes=422912 total=699119690240
GGML_VK_HOST_COPY #753700 bytes=845312 total=699197463040
GGML_VK_HOST_COPY #753800 bytes=422912 total=699273546240
GGML_VK_HOST_COPY #753900 bytes=461312 total=699359459840
GGML_VK_HOST_COPY #754000 bytes=2099712 total=699443760640
GGML_VK_HOST_COPY #754100 bytes=1050112 total=699534076928
GGML_VK_HOST_COPY #754200 bytes=525312 total=699625968128
GGML_VK_HOST_COPY #754300 bytes=461312 total=699702575616
GGML_VK_HOST_COPY #754400 bytes=2624512 total=699789819904
GGML_VK_HOST_COPY #754500 bytes=525312 total=699867016704
GGML_VK_HOST_COPY #754600 bytes=461312 total=699949538304
GGML_VK_HOST_COPY #754700 bytes=461312 total=700025160704
GGML_VK_HOST_COPY #754800 bytes=422912 total=700091797504
GGML_VK_HOST_COPY #754900 bytes=422912 total=700167035904
GGML_VK_HOST_COPY #755000 bytes=461312 total=700242811904
GGML_VK_HOST_COPY #755100 bytes=525312 total=700319547904
GGML_VK_HOST_COPY #755200 bytes=3149312 total=700417211904
GGML_VK_HOST_COPY #755300 bytes=2099712 total=700513826304
GGML_VK_HOST_COPY #755400 bytes=922112 total=700596962304
GGML_VK_HOST_COPY #755500 bytes=525312 total=700694549504
GGML_VK_HOST_COPY #755600 bytes=1050112 total=700786965504
GGML_VK_HOST_COPY #755700 bytes=3674112 total=700888303104
GGML_VK_HOST_COPY #755800 bytes=922112 total=700969083904
GGML_VK_HOST_COPY #755900 bytes=525312 total=701053179904
GGML_VK_HOST_COPY #756000 bytes=525312 total=701161864704
GGML_VK_HOST_COPY #756100 bytes=461312 total=701269448704
GGML_VK_HOST_COPY #756200 bytes=922112 total=701357051904
GGML_VK_HOST_COPY #756300 bytes=358912 total=701428987904
GGML_VK_HOST_COPY #756400 bytes=358912 total=701495342592
GGML_VK_HOST_COPY #756500 bytes=922112 total=701561799680
GGML_VK_HOST_COPY #756600 bytes=922112 total=701643412480
GGML_VK_HOST_COPY #756700 bytes=1267712 total=701728787968
GGML_VK_HOST_COPY #756800 bytes=422912 total=701821766656
GGML_VK_HOST_COPY #756900 bytes=922112 total=701910214144
GGML_VK_HOST_COPY #757000 bytes=1382912 total=702011180544
GGML_VK_HOST_COPY #757100 bytes=422912 total=702092792832
GGML_VK_HOST_COPY #757200 bytes=422912 total=702180703232
GGML_VK_HOST_COPY #757300 bytes=461312 total=702263698432
GGML_VK_HOST_COPY #757400 bytes=461312 total=702353144832
GGML_VK_HOST_COPY #757500 bytes=422912 total=702468780032
GGML_VK_HOST_COPY #757600 bytes=1690112 total=702578654720
GGML_VK_HOST_COPY #757700 bytes=2304512 total=702689527808
GGML_VK_HOST_COPY #757800 bytes=525312 total=702812356096
GGML_VK_HOST_COPY #757900 bytes=525312 total=702948329984
GGML_VK_HOST_COPY #758000 bytes=2099712 total=703081155584
GGML_VK_HOST_COPY #758100 bytes=461312 total=703187523072
GGML_VK_HOST_COPY #758200 bytes=358912 total=703290741760
GGML_VK_HOST_COPY #758300 bytes=358912 total=703382184960
GGML_VK_HOST_COPY #758400 bytes=1843712 total=703473372160
GGML_VK_HOST_COPY #758500 bytes=2765312 total=703584936960
GGML_VK_HOST_COPY #758600 bytes=845312 total=703701263360
GGML_VK_HOST_COPY #758700 bytes=845312 total=703815362560
GGML_VK_HOST_COPY #758800 bytes=461312 total=703925237760
GGML_VK_HOST_COPY #758900 bytes=1050112 total=704043509760
GGML_VK_HOST_COPY #759000 bytes=3149312 total=704202050560
GGML_VK_HOST_COPY #759100 bytes=4198912 total=704341173760
GGML_VK_HOST_COPY #759200 bytes=1843712 total=704476712960
GGML_SCHED_UPLOAD_STATS layers=48 copies=6075 bytes=5815709184 branch_ms=54.71 id_ms=49.50 wait_ms=1074.24
5.55.814.469 I slot print_timing: id  0 | task 8 | prompt processing, n_tokens =  57344, progress = 0.45, t = 271.93 s / 210.88 tokens per second
GGML_VK_HOST_COPY #759300 bytes=525312 total=704607881728
GGML_VK_HOST_COPY #759400 bytes=1050112 total=704698198016
GGML_VK_HOST_COPY #759500 bytes=525312 total=704799010816
GGML_VK_HOST_COPY #759600 bytes=461312 total=704880315904
GGML_VK_HOST_COPY #759700 bytes=422912 total=704962792960
GGML_VK_HOST_COPY #759800 bytes=422912 total=705043100160
GGML_VK_HOST_COPY #759900 bytes=1690112 total=705122984960
GGML_VK_HOST_COPY #760000 bytes=461312 total=705205864960
GGML_VK_HOST_COPY #760100 bytes=525312 total=705295938560
GGML_VK_HOST_COPY #760200 bytes=525312 total=705383630848
GGML_VK_HOST_COPY #760300 bytes=461312 total=705471515136
GGML_VK_HOST_COPY #760400 bytes=460800 total=705552205824
GGML_VK_HOST_COPY #760500 bytes=1050112 total=705639898624
GGML_VK_HOST_COPY #760600 bytes=1050112 total=705720769024
GGML_VK_HOST_COPY #760700 bytes=461312 total=705796532224
GGML_VK_HOST_COPY #760800 bytes=1382912 total=705870311424
GGML_VK_HOST_COPY #760900 bytes=422912 total=705942362624
GGML_VK_HOST_COPY #761000 bytes=422912 total=706015911424
GGML_VK_HOST_COPY #761100 bytes=922112 total=706094797824
GGML_VK_HOST_COPY #761200 bytes=525312 total=706178740224
GGML_VK_HOST_COPY #761300 bytes=525312 total=706278503424
GGML_VK_HOST_COPY #761400 bytes=461312 total=706376628224
GGML_VK_HOST_COPY #761500 bytes=2765312 total=706461927424
GGML_VK_HOST_COPY #761600 bytes=525312 total=706558132224
GGML_VK_HOST_COPY #761700 bytes=525312 total=706653697024
GGML_VK_HOST_COPY #761800 bytes=922112 total=706741786624
GGML_VK_HOST_COPY #761900 bytes=461312 total=706826164224
GGML_VK_HOST_COPY #762000 bytes=525312 total=706918068224
GGML_VK_HOST_COPY #762100 bytes=1574912 total=707018881024
GGML_VK_HOST_COPY #762200 bytes=922112 total=707112525824
GGML_VK_HOST_COPY #762300 bytes=1434112 total=707200641024
GGML_VK_HOST_COPY #762400 bytes=358912 total=707261620224
GGML_VK_HOST_COPY #762500 bytes=2150912 total=707324749312
GGML_VK_HOST_COPY #762600 bytes=461312 total=707395507200
GGML_VK_HOST_COPY #762700 bytes=422912 total=707476005888
GGML_VK_HOST_COPY #762800 bytes=422912 total=707565183488
GGML_VK_HOST_COPY #762900 bytes=845312 total=707648446976
GGML_VK_HOST_COPY #763000 bytes=1382912 total=707740926464
GGML_VK_HOST_COPY #763100 bytes=2112512 total=707834826752
GGML_VK_HOST_COPY #763200 bytes=422912 total=707913444352
GGML_VK_HOST_COPY #763300 bytes=845312 total=707990372352
GGML_VK_HOST_COPY #763400 bytes=461312 total=708076593152
GGML_VK_HOST_COPY #763500 bytes=1690112 total=708162122752
GGML_VK_HOST_COPY #763600 bytes=845312 total=708266084352
GGML_VK_HOST_COPY #763700 bytes=1267712 total=708374269440
GGML_VK_HOST_COPY #763800 bytes=2765312 total=708483145728
GGML_VK_HOST_COPY #763900 bytes=1574912 total=708597180416
GGML_VK_HOST_COPY #764000 bytes=2624512 total=708727381504
GGML_VK_HOST_COPY #764100 bytes=1050112 total=708859682304
GGML_VK_HOST_COPY #764200 bytes=461312 total=708964168192
GGML_VK_HOST_COPY #764300 bytes=2867712 total=709069690880
GGML_VK_HOST_COPY #764400 bytes=1434112 total=709156833280
GGML_VK_HOST_COPY #764500 bytes=922112 total=709254727680
GGML_VK_HOST_COPY #764600 bytes=1382912 total=709370900480
GGML_VK_HOST_COPY #764700 bytes=422912 total=709472250880
GGML_VK_HOST_COPY #764800 bytes=2534912 total=709585082880
GGML_VK_HOST_COPY #764900 bytes=922112 total=709694151680
GGML_VK_HOST_COPY #765000 bytes=525312 total=709810081280
GGML_VK_HOST_COPY #765100 bytes=525312 total=709968622080
GGML_VK_HOST_COPY #765200 bytes=525312 total=710114042880
GGML_VK_HOST_COPY #765300 bytes=1843712 total=710251591680
GGML_SCHED_UPLOAD_STATS layers=48 copies=6096 bytes=5755636736 branch_ms=54.30 id_ms=49.05 wait_ms=1068.38
GGML_VK_HOST_COPY #765400 bytes=525312 total=710375054848
GGML_VK_HOST_COPY #765500 bytes=4198912 total=710469044736
GGML_VK_HOST_COPY #765600 bytes=525312 total=710566183936
GGML_VK_HOST_COPY #765700 bytes=461312 total=710647361024
GGML_VK_HOST_COPY #765800 bytes=422912 total=710729761280
GGML_VK_HOST_COPY #765900 bytes=845312 total=710809646080
GGML_VK_HOST_COPY #766000 bytes=1690112 total=710888263680
GGML_VK_HOST_COPY #766100 bytes=922112 total=710970222080
GGML_VK_HOST_COPY #766200 bytes=1050112 total=711059706880
GGML_VK_HOST_COPY #766300 bytes=1574912 total=711146349568
GGML_VK_HOST_COPY #766400 bytes=461312 total=711235539456
GGML_VK_HOST_COPY #766500 bytes=1843712 total=711316230656
GGML_VK_HOST_COPY #766600 bytes=1574912 total=711399929344
GGML_VK_HOST_COPY #766700 bytes=525312 total=711481324544
GGML_VK_HOST_COPY #766800 bytes=1843712 total=711557740544
GGML_VK_HOST_COPY #766900 bytes=461312 total=711629215744
GGML_VK_HOST_COPY #767000 bytes=422912 total=711700959744
GGML_VK_HOST_COPY #767100 bytes=422912 total=711775775744
GGML_VK_HOST_COPY #767200 bytes=461312 total=711854086144
GGML_VK_HOST_COPY #767300 bytes=525312 total=711937708544
GGML_VK_HOST_COPY #767400 bytes=525312 total=712032748544
GGML_VK_HOST_COPY #767500 bytes=1574912 total=712126214144
GGML_VK_HOST_COPY #767600 bytes=922112 total=712212460544
GGML_VK_HOST_COPY #767700 bytes=1050112 total=712307654144
GGML_VK_HOST_COPY #767800 bytes=2099712 total=712401119744
GGML_VK_HOST_COPY #767900 bytes=461312 total=712494418944
GGML_VK_HOST_COPY #768000 bytes=461312 total=712580639744
GGML_VK_HOST_COPY #768100 bytes=1574912 total=712669036544
GGML_VK_HOST_COPY #768200 bytes=525312 total=712766175744
GGML_VK_HOST_COPY #768300 bytes=461312 total=712866335744
GGML_VK_HOST_COPY #768400 bytes=3226112 total=712957164544
GGML_VK_HOST_COPY #768500 bytes=358912 total=713018502144
GGML_VK_HOST_COPY #768600 bytes=358912 total=713086648832
GGML_VK_HOST_COPY #768700 bytes=922112 total=713157867520
GGML_VK_HOST_COPY #768800 bytes=922112 total=713244088320
GGML_VK_HOST_COPY #768900 bytes=422912 total=713327697408
GGML_VK_HOST_COPY #769000 bytes=1690112 total=713418141696
GGML_VK_HOST_COPY #769100 bytes=461312 total=713507817984
GGML_VK_HOST_COPY #769200 bytes=461312 total=713607401984
GGML_VK_HOST_COPY #769300 bytes=845312 total=713686979072
GGML_VK_HOST_COPY #769400 bytes=422912 total=713768131072
GGML_VK_HOST_COPY #769500 bytes=461312 total=713853391872
GGML_VK_HOST_COPY #769600 bytes=922112 total=713940073472
GGML_VK_HOST_COPY #769700 bytes=422912 total=714045455872
GGML_VK_HOST_COPY #769800 bytes=422912 total=714148994560
GGML_VK_HOST_COPY #769900 bytes=2304512 total=714255029248
GGML_VK_HOST_COPY #770000 bytes=2624512 total=714378638336
GGML_VK_HOST_COPY #770100 bytes=1574912 total=714523533824
GGML_VK_HOST_COPY #770200 bytes=1050112 total=714666330624
GGML_VK_HOST_COPY #770300 bytes=6912512 total=714789581312
GGML_VK_HOST_COPY #770400 bytes=1075712 total=714878617600
GGML_VK_HOST_COPY #770500 bytes=717312 total=714962892288
GGML_VK_HOST_COPY #770600 bytes=1843712 total=715049829376
GGML_VK_HOST_COPY #770700 bytes=2765312 total=715153099776
GGML_VK_HOST_COPY #770800 bytes=422912 total=715259864064
GGML_VK_HOST_COPY #770900 bytes=422912 total=715363825664
GGML_VK_HOST_COPY #771000 bytes=461312 total=715473816064
GGML_VK_HOST_COPY #771100 bytes=922112 total=715585380864
GGML_VK_HOST_COPY #771200 bytes=525312 total=715729905664
GGML_VK_HOST_COPY #771300 bytes=2624512 total=715901041664
GGML_VK_HOST_COPY #771400 bytes=461312 total=716041700864
GGML_SCHED_UPLOAD_STATS layers=48 copies=6102 bytes=5793449472 branch_ms=54.84 id_ms=49.55 wait_ms=1063.38
GGML_VK_HOST_COPY #771500 bytes=525312 total=716176888832
GGML_VK_HOST_COPY #771600 bytes=1050112 total=716267205120
GGML_VK_HOST_COPY #771700 bytes=1050112 total=716369067520
GGML_VK_HOST_COPY #771800 bytes=461312 total=716449579008
GGML_VK_HOST_COPY #771900 bytes=845312 total=716531825664
GGML_VK_HOST_COPY #772000 bytes=422912 total=716613822464
GGML_VK_HOST_COPY #772100 bytes=845312 total=716692017664
GGML_VK_HOST_COPY #772200 bytes=461312 total=716776049664
GGML_VK_HOST_COPY #772300 bytes=1050112 total=716865406464
GGML_VK_HOST_COPY #772400 bytes=1050112 total=716951524352
GGML_VK_HOST_COPY #772500 bytes=922112 total=717041827840
GGML_VK_HOST_COPY #772600 bytes=1843712 total=717121136640
GGML_VK_HOST_COPY #772700 bytes=2099712 total=717209827328
GGML_VK_HOST_COPY #772800 bytes=525312 total=717290697728
GGML_VK_HOST_COPY #772900 bytes=922112 total=717366793728
GGML_VK_HOST_COPY #773000 bytes=422912 total=717440918528
GGML_VK_HOST_COPY #773100 bytes=422912 total=717514889728
GGML_VK_HOST_COPY #773200 bytes=845312 total=717587593728
GGML_VK_HOST_COPY #773300 bytes=1843712 total=717665520128
GGML_VK_HOST_COPY #773400 bytes=525312 total=717752598528
GGML_VK_HOST_COPY #773500 bytes=525312 total=717851836928
GGML_VK_HOST_COPY #773600 bytes=461312 total=717948067328
GGML_VK_HOST_COPY #773700 bytes=461312 total=718033827328
GGML_VK_HOST_COPY #773800 bytes=2099712 total=718131862528
GGML_VK_HOST_COPY #773900 bytes=1050112 total=718230051328
GGML_VK_HOST_COPY #774000 bytes=461312 total=718319728128
GGML_VK_HOST_COPY #774100 bytes=1382912 total=718405027328
GGML_VK_HOST_COPY #774200 bytes=1574912 total=718505712128
GGML_VK_HOST_COPY #774300 bytes=2099712 total=718607049728
GGML_VK_HOST_COPY #774400 bytes=461312 total=718700656128
GGML_VK_HOST_COPY #774500 bytes=358912 total=718789948928
GGML_VK_HOST_COPY #774600 bytes=358912 total=718855945728
GGML_VK_HOST_COPY #774700 bytes=717312 total=718916566016
GGML_VK_HOST_COPY #774800 bytes=3226112 total=718993570304
GGML_VK_HOST_COPY #774900 bytes=1690112 total=719074952192
GGML_VK_HOST_COPY #775000 bytes=422912 total=719169620480
GGML_VK_HOST_COPY #775100 bytes=1267712 total=719258375680
GGML_VK_HOST_COPY #775200 bytes=1382912 total=719352659968
GGML_VK_HOST_COPY #775300 bytes=422912 total=719449901056
GGML_VK_HOST_COPY #775400 bytes=845312 total=719525139456
GGML_VK_HOST_COPY #775500 bytes=845312 total=719604179456
GGML_VK_HOST_COPY #775600 bytes=461312 total=719687174656
GGML_VK_HOST_COPY #775700 bytes=845312 total=719774585856
GGML_VK_HOST_COPY #775800 bytes=422912 total=719886150144
GGML_VK_HOST_COPY #775900 bytes=1690112 total=719998137344
GGML_VK_HOST_COPY #776000 bytes=461312 total=720119608832
GGML_VK_HOST_COPY #776100 bytes=1050112 total=720247083520
GGML_VK_HOST_COPY #776200 bytes=2099712 total=720386206208
GGML_VK_HOST_COPY #776300 bytes=461312 total=720524573696
GGML_VK_HOST_COPY #776400 bytes=1434112 total=720648579584
GGML_VK_HOST_COPY #776500 bytes=717312 total=720736079872
GGML_VK_HOST_COPY #776600 bytes=1075712 total=720818921472
GGML_VK_HOST_COPY #776700 bytes=1843712 total=720922293760
GGML_VK_HOST_COPY #776800 bytes=845312 total=721039656448
GGML_VK_HOST_COPY #776900 bytes=845312 total=721151221248
GGML_VK_HOST_COPY #777000 bytes=1843712 total=721265666048
GGML_VK_HOST_COPY #777100 bytes=461312 total=721390594048
GGML_VK_HOST_COPY #777200 bytes=3674112 total=721523688448
GGML_VK_HOST_COPY #777300 bytes=1050112 total=721677506048
GGML_VK_HOST_COPY #777400 bytes=461312 total=721829813248
GGML_SCHED_UPLOAD_STATS layers=48 copies=6015 bytes=5802979328 branch_ms=54.71 id_ms=49.49 wait_ms=1084.48
GGML_VK_HOST_COPY #777500 bytes=1050112 total=721973026816
GGML_VK_HOST_COPY #777600 bytes=524800 total=722067016704
GGML_VK_HOST_COPY #777700 bytes=1050112 total=722164155904
GGML_VK_HOST_COPY #777800 bytes=461312 total=722248750592
GGML_VK_HOST_COPY #777900 bytes=422912 total=722334299648
GGML_VK_HOST_COPY #778000 bytes=2112512 total=722414606848
GGML_VK_HOST_COPY #778100 bytes=1267712 total=722490267648
GGML_VK_HOST_COPY #778200 bytes=461312 total=722579368448
GGML_VK_HOST_COPY #778300 bytes=525312 total=722661019648
GGML_VK_HOST_COPY #778400 bytes=525312 total=722750811136
GGML_VK_HOST_COPY #778500 bytes=461312 total=722843764224
GGML_VK_HOST_COPY #778600 bytes=922112 total=722918925824
GGML_VK_HOST_COPY #778700 bytes=525312 total=723005965312
GGML_VK_HOST_COPY #778800 bytes=1050112 total=723087885312
GGML_VK_HOST_COPY #778900 bytes=461312 total=723165248512
GGML_VK_HOST_COPY #779000 bytes=461312 total=723238566912
GGML_VK_HOST_COPY #779100 bytes=422912 total=723308006912
GGML_VK_HOST_COPY #779200 bytes=422912 total=723381133312
GGML_VK_HOST_COPY #779300 bytes=461312 total=723461747712
GGML_VK_HOST_COPY #779400 bytes=525312 total=723541261312
GGML_VK_HOST_COPY #779500 bytes=525312 total=723639974912
GGML_VK_HOST_COPY #779600 bytes=525312 total=723735014912
GGML_VK_HOST_COPY #779700 bytes=922112 total=723823603712
GGML_VK_HOST_COPY #779800 bytes=1050112 total=723920000512
GGML_VK_HOST_COPY #779900 bytes=1050112 total=724012941312
GGML_VK_HOST_COPY #780000 bytes=922112 total=724110298112
GGML_VK_HOST_COPY #780100 bytes=461312 total=724196979712
GGML_VK_HOST_COPY #780200 bytes=525312 total=724285517312
GGML_VK_HOST_COPY #780300 bytes=1050112 total=724383706112
GGML_VK_HOST_COPY #780400 bytes=922112 total=724483187712
GGML_VK_HOST_COPY #780500 bytes=461312 total=724568947712
GGML_VK_HOST_COPY #780600 bytes=358912 total=724640781312
GGML_VK_HOST_COPY #780700 bytes=358912 total=724705344000
GGML_VK_HOST_COPY #780800 bytes=922112 total=724777177088
GGML_VK_HOST_COPY #780900 bytes=461312 total=724862015488
GGML_VK_HOST_COPY #781000 bytes=422912 total=724951000576
GGML_VK_HOST_COPY #781100 bytes=422912 total=725044824064
GGML_VK_HOST_COPY #781200 bytes=1843712 total=725143639552
GGML_VK_HOST_COPY #781300 bytes=422912 total=725242493440
GGML_VK_HOST_COPY #781400 bytes=2112512 total=725321111040
GGML_VK_HOST_COPY #781500 bytes=422912 total=725398039040
GGML_VK_HOST_COPY #781600 bytes=922112 total=725485296640
GGML_VK_HOST_COPY #781700 bytes=845312 total=725568099840
GGML_VK_HOST_COPY #781800 bytes=1690112 total=725675018240
GGML_VK_HOST_COPY #781900 bytes=2534912 total=725784048128
GGML_VK_HOST_COPY #782000 bytes=1382912 total=725894306816
GGML_VK_HOST_COPY #782100 bytes=1050112 total=726007087104
GGML_VK_HOST_COPY #782200 bytes=1050112 total=726147784192
GGML_VK_HOST_COPY #782300 bytes=461312 total=726288954880
GGML_VK_HOST_COPY #782400 bytes=922112 total=726412039680
GGML_VK_HOST_COPY #782500 bytes=358912 total=726503738368
GGML_VK_HOST_COPY #782600 bytes=2867712 total=726594822656
GGML_VK_HOST_COPY #782700 bytes=461312 total=726693689344
GGML_VK_HOST_COPY #782800 bytes=422912 total=726811666432
GGML_VK_HOST_COPY #782900 bytes=845312 total=726915628032
GGML_VK_HOST_COPY #783000 bytes=1267712 total=727016210432
GGML_VK_HOST_COPY #783100 bytes=461312 total=727130040832
GGML_VK_HOST_COPY #783200 bytes=1050112 total=727242463232
GGML_VK_HOST_COPY #783300 bytes=525312 total=727409925632
GGML_VK_HOST_COPY #783400 bytes=1382912 total=727578860032
GGML_VK_HOST_COPY #783500 bytes=1382912 total=727727749632
GGML_SCHED_UPLOAD_STATS layers=48 copies=6039 bytes=5787887616 branch_ms=54.22 id_ms=49.04 wait_ms=1077.31
6.08.287.713 I slot print_timing: id  0 | task 8 | prompt processing, n_tokens =  59392, progress = 0.46, t = 284.40 s / 208.83 tokens per second
GGML_VK_HOST_COPY #783600 bytes=525312 total=727829158400
GGML_VK_HOST_COPY #783700 bytes=1574912 total=727921573888
GGML_VK_HOST_COPY #783800 bytes=1843712 total=728013925376
GGML_VK_HOST_COPY #783900 bytes=461312 total=728098302976
GGML_VK_HOST_COPY #784000 bytes=422912 total=728179167232
GGML_VK_HOST_COPY #784100 bytes=845312 total=728256940032
GGML_VK_HOST_COPY #784200 bytes=461312 total=728335404032
GGML_VK_HOST_COPY #784300 bytes=1050112 total=728422904832
GGML_VK_HOST_COPY #784400 bytes=2099712 total=728510072832
GGML_VK_HOST_COPY #784500 bytes=525312 total=728601438720
GGML_VK_HOST_COPY #784600 bytes=461312 total=728679108608
GGML_VK_HOST_COPY #784700 bytes=1050112 total=728763127296
GGML_VK_HOST_COPY #784800 bytes=1574912 total=728846621696
GGML_VK_HOST_COPY #784900 bytes=1050112 total=728932740096
GGML_VK_HOST_COPY #785000 bytes=922112 total=729004535296
GGML_VK_HOST_COPY #785100 bytes=422912 total=729078928896
GGML_VK_HOST_COPY #785200 bytes=845312 total=729152477696
GGML_VK_HOST_COPY #785300 bytes=422912 total=729224759296
GGML_VK_HOST_COPY #785400 bytes=461312 total=729307255296
GGML_VK_HOST_COPY #785500 bytes=1050112 total=729393578496
GGML_VK_HOST_COPY #785600 bytes=525312 total=729490192896
GGML_VK_HOST_COPY #785700 bytes=922112 total=729587959296
GGML_VK_HOST_COPY #785800 bytes=1050112 total=729676752896
GGML_VK_HOST_COPY #785900 bytes=525312 total=729778090496
GGML_VK_HOST_COPY #786000 bytes=525312 total=729873130496
GGML_VK_HOST_COPY #786100 bytes=461312 total=729964228096
GGML_VK_HOST_COPY #786200 bytes=1050112 total=730047978496
GGML_VK_HOST_COPY #786300 bytes=525312 total=730152989696
GGML_VK_HOST_COPY #786400 bytes=1050112 total=730248554496
GGML_VK_HOST_COPY #786500 bytes=461312 total=730339959296
GGML_VK_HOST_COPY #786600 bytes=358912 total=730417732096
GGML_VK_HOST_COPY #786700 bytes=1792512 total=730487670784
GGML_VK_HOST_COPY #786800 bytes=717312 total=730554384384
GGML_VK_HOST_COPY #786900 bytes=922112 total=730636713472
GGML_VK_HOST_COPY #787000 bytes=845312 total=730724930560
GGML_VK_HOST_COPY #787100 bytes=845312 total=730812418048
GGML_VK_HOST_COPY #787200 bytes=845312 total=730903285248
GGML_VK_HOST_COPY #787300 bytes=461312 total=730994651136
GGML_VK_HOST_COPY #787400 bytes=845312 total=731081831424
GGML_VK_HOST_COPY #787500 bytes=422912 total=731160026624
GGML_VK_HOST_COPY #787600 bytes=422912 total=731236954624
GGML_VK_HOST_COPY #787700 bytes=461312 total=731314727424
GGML_VK_HOST_COPY #787800 bytes=422912 total=731409319424
GGML_VK_HOST_COPY #787900 bytes=845312 total=731517926912
GGML_VK_HOST_COPY #788000 bytes=1843712 total=731630912000
GGML_VK_HOST_COPY #788100 bytes=461312 total=731747084800
GGML_VK_HOST_COPY #788200 bytes=525312 total=731871013888
GGML_VK_HOST_COPY #788300 bytes=525312 total=732005413376
GGML_VK_HOST_COPY #788400 bytes=1382912 total=732145931264
GGML_VK_HOST_COPY #788500 bytes=717312 total=732263588352
GGML_VK_HOST_COPY #788600 bytes=358912 total=732350013952
GGML_VK_HOST_COPY #788700 bytes=1075712 total=732434288640
GGML_VK_HOST_COPY #788800 bytes=922112 total=732533155328
GGML_VK_HOST_COPY #788900 bytes=422912 total=732649558016
GGML_VK_HOST_COPY #789000 bytes=422912 total=732749295616
GGML_VK_HOST_COPY #789100 bytes=422912 total=732848610816
GGML_VK_HOST_COPY #789200 bytes=1843712 total=732961903616
GGML_VK_HOST_COPY #789300 bytes=1050112 total=733076079616
GGML_VK_HOST_COPY #789400 bytes=525312 total=733241442816
GGML_VK_HOST_COPY #789500 bytes=461312 total=733409852416
GGML_VK_HOST_COPY #789600 bytes=1382912 total=733557820416
GGML_SCHED_UPLOAD_STATS layers=48 copies=6099 bytes=5822350336 branch_ms=54.57 id_ms=49.39 wait_ms=1086.55
GGML_VK_HOST_COPY #789700 bytes=2099712 total=733661469184
GGML_VK_HOST_COPY #789800 bytes=525312 total=733752835072
GGML_VK_HOST_COPY #789900 bytes=3686912 total=733844917760
GGML_VK_HOST_COPY #790000 bytes=461312 total=733930677760
GGML_VK_HOST_COPY #790100 bytes=422912 total=734012425216
GGML_VK_HOST_COPY #790200 bytes=845312 total=734090198016
GGML_VK_HOST_COPY #790300 bytes=461312 total=734169545216
GGML_VK_HOST_COPY #790400 bytes=525312 total=734258095616
GGML_VK_HOST_COPY #790500 bytes=525312 total=734345263616
GGML_VK_HOST_COPY #790600 bytes=525312 total=734436629504
GGML_VK_HOST_COPY #790700 bytes=4147712 total=734517857792
GGML_VK_HOST_COPY #790800 bytes=525312 total=734598842880
GGML_VK_HOST_COPY #790900 bytes=525312 total=734684436480
GGML_VK_HOST_COPY #791000 bytes=525312 total=734772129280
GGML_VK_HOST_COPY #791100 bytes=2304512 total=734848737280
GGML_VK_HOST_COPY #791200 bytes=422912 total=734919290880
GGML_VK_HOST_COPY #791300 bytes=422912 total=734993262080
GGML_VK_HOST_COPY #791400 bytes=461312 total=735066926080
GGML_VK_HOST_COPY #791500 bytes=461312 total=735147156480
GGML_VK_HOST_COPY #791600 bytes=1050112 total=735240673280
GGML_VK_HOST_COPY #791700 bytes=1574912 total=735329415680
GGML_VK_HOST_COPY #791800 bytes=461312 total=735422996480
GGML_VK_HOST_COPY #791900 bytes=2624512 total=735511380480
GGML_VK_HOST_COPY #792000 bytes=525312 total=735607470080
GGML_VK_HOST_COPY #792100 bytes=525312 total=735701460480
GGML_VK_HOST_COPY #792200 bytes=461312 total=735789537280
GGML_VK_HOST_COPY #792300 bytes=525312 total=735868692480
GGML_VK_HOST_COPY #792400 bytes=525312 total=735974228480
GGML_VK_HOST_COPY #792500 bytes=525312 total=736072417280
GGML_VK_HOST_COPY #792600 bytes=461312 total=736164474880
GGML_VK_HOST_COPY #792700 bytes=717312 total=736243988480
GGML_VK_HOST_COPY #792800 bytes=1792512 total=736311418368
GGML_VK_HOST_COPY #792900 bytes=717312 total=736376698368
GGML_VK_HOST_COPY #793000 bytes=461312 total=736457849856
GGML_VK_HOST_COPY #793100 bytes=422912 total=736542495744
GGML_VK_HOST_COPY #793200 bytes=2112512 total=736638431232
GGML_VK_HOST_COPY #793300 bytes=922112 total=736726264320
GGML_VK_HOST_COPY #793400 bytes=1382912 total=736826309120
GGML_VK_HOST_COPY #793500 bytes=1267712 total=736906807808
GGML_VK_HOST_COPY #793600 bytes=422912 total=736985847808
GGML_VK_HOST_COPY #793700 bytes=1267712 total=737060241408
GGML_VK_HOST_COPY #793800 bytes=922112 total=737144158208
GGML_VK_HOST_COPY #793900 bytes=2534912 total=737239326208
GGML_VK_HOST_COPY #794000 bytes=1267712 total=737349200896
GGML_VK_HOST_COPY #794100 bytes=1382912 total=737464643584
GGML_VK_HOST_COPY #794200 bytes=1050112 total=737590620672
GGML_VK_HOST_COPY #794300 bytes=1574912 total=737719772672
GGML_VK_HOST_COPY #794400 bytes=525312 total=737851023360
GGML_VK_HOST_COPY #794500 bytes=1382912 total=737979918848
GGML_VK_HOST_COPY #794600 bytes=717312 total=738097166336
GGML_VK_HOST_COPY #794700 bytes=716800 total=738180365824
GGML_VK_HOST_COPY #794800 bytes=1792512 total=738262849024
GGML_VK_HOST_COPY #794900 bytes=1382912 total=738359616512
GGML_VK_HOST_COPY #795000 bytes=845312 total=738472755200
GGML_VK_HOST_COPY #795100 bytes=1690112 total=738571225600
GGML_VK_HOST_COPY #795200 bytes=1267712 total=738672652800
GGML_VK_HOST_COPY #795300 bytes=922112 total=738782451200
GGML_VK_HOST_COPY #795400 bytes=1050112 total=738892300800
GGML_VK_HOST_COPY #795500 bytes=525312 total=739059238400
GGML_VK_HOST_COPY #795600 bytes=922112 total=739223948800
GGML_VK_HOST_COPY #795700 bytes=922112 total=739365465600
GGML_SCHED_UPLOAD_STATS layers=48 copies=6108 bytes=5810988544 branch_ms=55.00 id_ms=49.67 wait_ms=1084.71
GGML_VK_HOST_COPY #795800 bytes=525312 total=739470343168
GGML_VK_HOST_COPY #795900 bytes=1050112 total=739566432256
GGML_VK_HOST_COPY #796000 bytes=461312 total=739657170944
GGML_VK_HOST_COPY #796100 bytes=461312 total=739745234944
GGML_VK_HOST_COPY #796200 bytes=1267712 total=739826291200
GGML_VK_HOST_COPY #796300 bytes=1690112 total=739903641600
GGML_VK_HOST_COPY #796400 bytes=461312 total=739984102400
GGML_VK_HOST_COPY #796500 bytes=525312 total=740072217600
GGML_VK_HOST_COPY #796600 bytes=1050112 total=740157811200
GGML_VK_HOST_COPY #796700 bytes=525312 total=740248652288
GGML_VK_HOST_COPY #796800 bytes=922112 total=740330571776
GGML_VK_HOST_COPY #796900 bytes=525312 total=740411915264
GGML_VK_HOST_COPY #797000 bytes=2624512 total=740498033664
GGML_VK_HOST_COPY #797100 bytes=1050112 total=740584676864
GGML_VK_HOST_COPY #797200 bytes=461312 total=740660196864
GGML_VK_HOST_COPY #797300 bytes=422912 total=740733400064
GGML_VK_HOST_COPY #797400 bytes=422912 total=740805681664
GGML_VK_HOST_COPY #797500 bytes=1267712 total=740879230464
GGML_VK_HOST_COPY #797600 bytes=461312 total=740959998464
GGML_VK_HOST_COPY #797700 bytes=525312 total=741044760064
GGML_VK_HOST_COPY #797800 bytes=525312 total=741139275264
GGML_VK_HOST_COPY #797900 bytes=461312 total=741231563264
GGML_VK_HOST_COPY #798000 bytes=1050112 total=741318155264
GGML_VK_HOST_COPY #798100 bytes=525312 total=741416868864
GGML_VK_HOST_COPY #798200 bytes=1050112 total=741509809664
GGML_VK_HOST_COPY #798300 bytes=922112 total=741599025664
GGML_VK_HOST_COPY #798400 bytes=525312 total=741678616064
GGML_VK_HOST_COPY #798500 bytes=525312 total=741778379264
GGML_VK_HOST_COPY #798600 bytes=3149312 total=741882865664
GGML_VK_HOST_COPY #798700 bytes=461312 total=741975012864
GGML_VK_HOST_COPY #798800 bytes=358912 total=742054065664
GGML_VK_HOST_COPY #798900 bytes=358912 total=742120061952
GGML_VK_HOST_COPY #799000 bytes=2150912 total=742184266752
GGML_VK_HOST_COPY #799100 bytes=461312 total=742261680640
GGML_VK_HOST_COPY #799200 bytes=422912 total=742350780928
GGML_VK_HOST_COPY #799300 bytes=422912 total=742437001216
GGML_VK_HOST_COPY #799400 bytes=422912 total=742529980416
GGML_VK_HOST_COPY #799500 bytes=461312 total=742623535104
GGML_VK_HOST_COPY #799600 bytes=422912 total=742714747392
GGML_VK_HOST_COPY #799700 bytes=845312 total=742794632192
GGML_VK_HOST_COPY #799800 bytes=422912 total=742869870592
GGML_VK_HOST_COPY #799900 bytes=922112 total=742947604992
GGML_VK_HOST_COPY #800000 bytes=2112512 total=743045883392
GGML_VK_HOST_COPY #800100 bytes=845312 total=743155758080
GGML_VK_HOST_COPY #800200 bytes=461312 total=743270240768
GGML_VK_HOST_COPY #800300 bytes=2304512 total=743391021568
GGML_VK_HOST_COPY #800400 bytes=1574912 total=743506144256
GGML_VK_HOST_COPY #800500 bytes=525312 total=743633721344
GGML_VK_HOST_COPY #800600 bytes=922112 total=743757842432
GGML_VK_HOST_COPY #800700 bytes=1075712 total=743874629120
GGML_VK_HOST_COPY #800800 bytes=358912 total=743960696320
GGML_VK_HOST_COPY #800900 bytes=717312 total=744043537408
GGML_VK_HOST_COPY #801000 bytes=2765312 total=744142301696
GGML_VK_HOST_COPY #801100 bytes=845312 total=744259241984
GGML_VK_HOST_COPY #801200 bytes=845312 total=744364470784
GGML_VK_HOST_COPY #801300 bytes=422912 total=744468009984
GGML_VK_HOST_COPY #801400 bytes=1843712 total=744581878784
GGML_VK_HOST_COPY #801500 bytes=1050112 total=744701008384
GGML_VK_HOST_COPY #801600 bytes=1050112 total=744873718784
GGML_VK_HOST_COPY #801700 bytes=1382912 total=745043369984
GGML_VK_HOST_COPY #801800 bytes=1382912 total=745191798784
GGML_SCHED_UPLOAD_STATS layers=48 copies=6090 bytes=5805244928 branch_ms=54.69 id_ms=49.52 wait_ms=1085.17
GGML_VK_HOST_COPY #801900 bytes=3149312 total=745296049152
GGML_VK_HOST_COPY #802000 bytes=525312 total=745388989440
GGML_VK_HOST_COPY #802100 bytes=922112 total=745477974528
GGML_VK_HOST_COPY #802200 bytes=461312 total=745566960128
GGML_VK_HOST_COPY #802300 bytes=422912 total=745648784384
GGML_VK_HOST_COPY #802400 bytes=1690112 total=745726134784
GGML_VK_HOST_COPY #802500 bytes=461312 total=745805827584
GGML_VK_HOST_COPY #802600 bytes=1050112 total=745894249984
GGML_VK_HOST_COPY #802700 bytes=2099712 total=745981417984
GGML_VK_HOST_COPY #802800 bytes=525312 total=746072783872
GGML_VK_HOST_COPY #802900 bytes=461312 total=746150453760
GGML_VK_HOST_COPY #803000 bytes=1050112 total=746234472448
GGML_VK_HOST_COPY #803100 bytes=1574912 total=746317966848
GGML_VK_HOST_COPY #803200 bytes=525312 total=746404085248
GGML_VK_HOST_COPY #803300 bytes=461312 total=746476802048
GGML_VK_HOST_COPY #803400 bytes=845312 total=746551118848
GGML_VK_HOST_COPY #803500 bytes=845312 total=746625090048
GGML_VK_HOST_COPY #803600 bytes=1267712 total=746699483648
GGML_VK_HOST_COPY #803700 bytes=1843712 total=746781058048
GGML_VK_HOST_COPY #803800 bytes=2099712 total=746870709248
GGML_VK_HOST_COPY #803900 bytes=525312 total=746959451648
GGML_VK_HOST_COPY #804000 bytes=1382912 total=747054210048
GGML_VK_HOST_COPY #804100 bytes=1050112 total=747137934848
GGML_VK_HOST_COPY #804200 bytes=525312 total=747236123648
GGML_VK_HOST_COPY #804300 bytes=2099712 total=747330114048
GGML_VK_HOST_COPY #804400 bytes=461312 total=747416859648
GGML_VK_HOST_COPY #804500 bytes=1050112 total=747499317248
GGML_VK_HOST_COPY #804600 bytes=525312 total=747600130048
GGML_VK_HOST_COPY #804700 bytes=1574912 total=747699368448
GGML_VK_HOST_COPY #804800 bytes=461312 total=747790414848
GGML_VK_HOST_COPY #804900 bytes=358912 total=747868443648
GGML_VK_HOST_COPY #805000 bytes=358912 total=747934081536
GGML_VK_HOST_COPY #805100 bytes=358912 total=747998286336
GGML_VK_HOST_COPY #805200 bytes=461312 total=748074727424
GGML_VK_HOST_COPY #805300 bytes=845312 total=748164749312
GGML_VK_HOST_COPY #805400 bytes=422912 total=748246745600
GGML_VK_HOST_COPY #805500 bytes=422912 total=748333811200
GGML_VK_HOST_COPY #805600 bytes=1382912 total=748422757888
GGML_VK_HOST_COPY #805700 bytes=845312 total=748511781376
GGML_VK_HOST_COPY #805800 bytes=1267712 total=748588286976
GGML_VK_HOST_COPY #805900 bytes=422912 total=748663947776
GGML_VK_HOST_COPY #806000 bytes=1382912 total=748742526976
GGML_VK_HOST_COPY #806100 bytes=1267712 total=748830514176
GGML_VK_HOST_COPY #806200 bytes=845312 total=748942078464
GGML_VK_HOST_COPY #806300 bytes=461312 total=749055255552
GGML_VK_HOST_COPY #806400 bytes=461312 total=749165437952
GGML_VK_HOST_COPY #806500 bytes=1050112 total=749291005440
GGML_VK_HOST_COPY #806600 bytes=2099712 total=749421731328
GGML_VK_HOST_COPY #806700 bytes=461312 total=749552380416
GGML_VK_HOST_COPY #806800 bytes=1075712 total=749675157504
GGML_VK_HOST_COPY #806900 bytes=358912 total=749760507904
GGML_VK_HOST_COPY #807000 bytes=358912 total=749841198592
GGML_VK_HOST_COPY #807100 bytes=1843712 total=749935303680
GGML_VK_HOST_COPY #807200 bytes=422912 total=750055853568
GGML_VK_HOST_COPY #807300 bytes=1267712 total=750164461568
GGML_VK_HOST_COPY #807400 bytes=422912 total=750276448768
GGML_VK_HOST_COPY #807500 bytes=1382912 total=750397536768
GGML_VK_HOST_COPY #807600 bytes=1574912 total=750521722368
GGML_VK_HOST_COPY #807700 bytes=1050112 total=750683936768
GGML_VK_HOST_COPY #807800 bytes=922112 total=750842336768
GGML_SCHED_UPLOAD_STATS layers=48 copies=6078 bytes=5756675584 branch_ms=54.44 id_ms=49.33 wait_ms=1080.67
6.20.957.151 I slot print_timing: id  0 | task 8 | prompt processing, n_tokens =  61440, progress = 0.48, t = 297.07 s / 206.82 tokens per second
GGML_VK_HOST_COPY #807900 bytes=525312 total=750983924736
GGML_VK_HOST_COPY #808000 bytes=525312 total=751084737536
GGML_VK_HOST_COPY #808100 bytes=2099712 total=751174004224
GGML_VK_HOST_COPY #808200 bytes=922112 total=751264499712
GGML_VK_HOST_COPY #808300 bytes=422912 total=751350855168
GGML_VK_HOST_COPY #808400 bytes=422912 total=751426515968
GGML_VK_HOST_COPY #808500 bytes=422912 total=751507245568
GGML_VK_HOST_COPY #808600 bytes=461312 total=751586899968
GGML_VK_HOST_COPY #808700 bytes=525312 total=751672186368
GGML_VK_HOST_COPY #808800 bytes=525312 total=751765651456
GGML_VK_HOST_COPY #808900 bytes=525312 total=751850720256
GGML_VK_HOST_COPY #809000 bytes=1382912 total=751933830144
GGML_VK_HOST_COPY #809100 bytes=525312 total=752018181632
GGML_VK_HOST_COPY #809200 bytes=525312 total=752098002432
GGML_VK_HOST_COPY #809300 bytes=525312 total=752181496832
GGML_VK_HOST_COPY #809400 bytes=461312 total=752258668032
GGML_VK_HOST_COPY #809500 bytes=422912 total=752327724032
GGML_VK_HOST_COPY #809600 bytes=422912 total=752405919232
GGML_VK_HOST_COPY #809700 bytes=461312 total=752481464832
GGML_VK_HOST_COPY #809800 bytes=525312 total=752559455232
GGML_VK_HOST_COPY #809900 bytes=525312 total=752651346432
GGML_VK_HOST_COPY #810000 bytes=2099712 total=752745336832
GGML_VK_HOST_COPY #810100 bytes=461312 total=752828524032
GGML_VK_HOST_COPY #810200 bytes=1574912 total=752921656832
GGML_VK_HOST_COPY #810300 bytes=1050112 total=753017221632
GGML_VK_HOST_COPY #810400 bytes=525312 total=753115410432
GGML_VK_HOST_COPY #810500 bytes=922112 total=753199724032
GGML_VK_HOST_COPY #810600 bytes=1050112 total=753286060032
GGML_VK_HOST_COPY #810700 bytes=525312 total=753393695232
GGML_VK_HOST_COPY #810800 bytes=525312 total=753499231232
GGML_VK_HOST_COPY #810900 bytes=461312 total=753592351232
GGML_VK_HOST_COPY #811000 bytes=1075712 total=753663775232
GGML_VK_HOST_COPY #811100 bytes=1075712 total=753730129920
GGML_VK_HOST_COPY #811200 bytes=461312 total=753796484608
GGML_VK_HOST_COPY #811300 bytes=461312 total=753877636608
GGML_VK_HOST_COPY #811400 bytes=1267712 total=753965392896
GGML_VK_HOST_COPY #811500 bytes=1267712 total=754052035584
GGML_VK_HOST_COPY #811600 bytes=1843712 total=754138140672
GGML_VK_HOST_COPY #811700 bytes=922112 total=754235420672
GGML_VK_HOST_COPY #811800 bytes=422912 total=754312616960
GGML_VK_HOST_COPY #811900 bytes=845312 total=754395036160
GGML_VK_HOST_COPY #812000 bytes=2304512 total=754470888960
GGML_VK_HOST_COPY #812100 bytes=461312 total=754558031360
GGML_VK_HOST_COPY #812200 bytes=422912 total=754656693760
GGML_VK_HOST_COPY #812300 bytes=422912 total=754754318848
GGML_VK_HOST_COPY #812400 bytes=922112 total=754863156736
GGML_VK_HOST_COPY #812500 bytes=1050112 total=754984781824
GGML_VK_HOST_COPY #812600 bytes=2624512 total=755111834624
GGML_VK_HOST_COPY #812700 bytes=1050112 total=755239411712
GGML_VK_HOST_COPY #812800 bytes=3226112 total=755362380800
GGML_VK_HOST_COPY #812900 bytes=1434112 total=755477170688
GGML_VK_HOST_COPY #813000 bytes=1075712 total=755561804288
GGML_VK_HOST_COPY #813100 bytes=358912 total=755642853376
GGML_VK_HOST_COPY #813200 bytes=1843712 total=755742795264
GGML_VK_HOST_COPY #813300 bytes=2112512 total=755860580352
GGML_VK_HOST_COPY #813400 bytes=2534912 total=755972989440
GGML_VK_HOST_COPY #813500 bytes=845312 total=756073994240
GGML_VK_HOST_COPY #813600 bytes=922112 total=756192892928
GGML_VK_HOST_COPY #813700 bytes=525312 total=756322070016
GGML_VK_HOST_COPY #813800 bytes=1574912 total=756489532416
GGML_VK_HOST_COPY #813900 bytes=1382912 total=756646242816
GGML_SCHED_UPLOAD_STATS layers=48 copies=6090 bytes=5789729792 branch_ms=54.73 id_ms=49.54 wait_ms=1091.77
GGML_VK_HOST_COPY #814000 bytes=4198912 total=756793590784
GGML_VK_HOST_COPY #814100 bytes=525312 total=756891254784
GGML_VK_HOST_COPY #814200 bytes=525312 total=756982095872
GGML_VK_HOST_COPY #814300 bytes=1382912 total=757072092160
GGML_VK_HOST_COPY #814400 bytes=845312 total=757156988416
GGML_VK_HOST_COPY #814500 bytes=1267712 total=757233916416
GGML_VK_HOST_COPY #814600 bytes=422912 total=757314646016
GGML_VK_HOST_COPY #814700 bytes=1382912 total=757396873216
GGML_VK_HOST_COPY #814800 bytes=1050112 total=757481071616
GGML_VK_HOST_COPY #814900 bytes=525312 total=757572437504
GGML_VK_HOST_COPY #815000 bytes=525312 total=757659605504
GGML_VK_HOST_COPY #815100 bytes=461312 total=757741499392
GGML_VK_HOST_COPY #815200 bytes=1574912 total=757824967680
GGML_VK_HOST_COPY #815300 bytes=525312 total=757903738880
GGML_VK_HOST_COPY #815400 bytes=525312 total=757988282880
GGML_VK_HOST_COPY #815500 bytes=922112 total=758062778880
GGML_VK_HOST_COPY #815600 bytes=422912 total=758130682880
GGML_VK_HOST_COPY #815700 bytes=845312 total=758206766080
GGML_VK_HOST_COPY #815800 bytes=2304512 total=758282887680
GGML_VK_HOST_COPY #815900 bytes=525312 total=758359623680
GGML_VK_HOST_COPY #816000 bytes=3149312 total=758455713280
GGML_VK_HOST_COPY #816100 bytes=1574912 total=758551278080
GGML_VK_HOST_COPY #816200 bytes=922112 total=758634350080
GGML_VK_HOST_COPY #816300 bytes=525312 total=758730094080
GGML_VK_HOST_COPY #816400 bytes=525312 total=758821985280
GGML_VK_HOST_COPY #816500 bytes=525312 total=758922273280
GGML_VK_HOST_COPY #816600 bytes=922112 total=759003450880
GGML_VK_HOST_COPY #816700 bytes=1050112 total=759087278080
GGML_VK_HOST_COPY #816800 bytes=525312 total=759190714880
GGML_VK_HOST_COPY #816900 bytes=525312 total=759295726080
GGML_VK_HOST_COPY #817000 bytes=922112 total=759387066880
GGML_VK_HOST_COPY #817100 bytes=358912 total=759456289280
GGML_VK_HOST_COPY #817200 bytes=358912 total=759519776768
GGML_VK_HOST_COPY #817300 bytes=922112 total=759585721856
GGML_VK_HOST_COPY #817400 bytes=461312 total=759665952256
GGML_VK_HOST_COPY #817500 bytes=845312 total=759750713344
GGML_VK_HOST_COPY #817600 bytes=422912 total=759839045632
GGML_VK_HOST_COPY #817700 bytes=461312 total=759924536320
GGML_VK_HOST_COPY #817800 bytes=922112 total=760018129920
GGML_VK_HOST_COPY #817900 bytes=845312 total=760097553408
GGML_VK_HOST_COPY #818000 bytes=845312 total=760175748608
GGML_VK_HOST_COPY #818100 bytes=461312 total=760249143808
GGML_VK_HOST_COPY #818200 bytes=461312 total=760332599808
GGML_VK_HOST_COPY #818300 bytes=1267712 total=760426116608
GGML_VK_HOST_COPY #818400 bytes=422912 total=760530500096
GGML_VK_HOST_COPY #818500 bytes=922112 total=760636880384
GGML_VK_HOST_COPY #818600 bytes=1843712 total=760759043584
GGML_VK_HOST_COPY #818700 bytes=525312 total=760868739072
GGML_VK_HOST_COPY #818800 bytes=2099712 total=760991592960
GGML_VK_HOST_COPY #818900 bytes=922112 total=761114958848
GGML_VK_HOST_COPY #819000 bytes=1075712 total=761232308736
GGML_VK_HOST_COPY #819100 bytes=358912 total=761319809536
GGML_VK_HOST_COPY #819200 bytes=1075712 total=761403367936
GGML_VK_HOST_COPY #819300 bytes=1843712 total=761503412736
GGML_VK_HOST_COPY #819400 bytes=845312 total=761620967936
GGML_VK_HOST_COPY #819500 bytes=1267712 total=761723662336
GGML_VK_HOST_COPY #819600 bytes=2534912 total=761825511936
GGML_VK_HOST_COPY #819700 bytes=922112 total=761939303936
GGML_VK_HOST_COPY #819800 bytes=525312 total=762064795136
GGML_VK_HOST_COPY #819900 bytes=1050112 total=762221236736
GGML_VK_HOST_COPY #820000 bytes=922112 total=762374324736
GGML_VK_HOST_COPY #820100 bytes=1382912 total=762508468736
GGML_SCHED_UPLOAD_STATS layers=48 copies=6123 bytes=5736040960 branch_ms=54.31 id_ms=49.14 wait_ms=1093.98
GGML_VK_HOST_COPY #820200 bytes=525312 total=762613103104
GGML_VK_HOST_COPY #820300 bytes=1574912 total=762705518592
GGML_VK_HOST_COPY #820400 bytes=1843712 total=762797870080
GGML_VK_HOST_COPY #820500 bytes=461312 total=762882247680
GGML_VK_HOST_COPY #820600 bytes=1267712 total=762963956736
GGML_VK_HOST_COPY #820700 bytes=845312 total=763040462336
GGML_VK_HOST_COPY #820800 bytes=922112 total=763119886336
GGML_VK_HOST_COPY #820900 bytes=1050112 total=763207643136
GGML_VK_HOST_COPY #821000 bytes=1050112 total=763294811136
GGML_VK_HOST_COPY #821100 bytes=525312 total=763385652224
GGML_VK_HOST_COPY #821200 bytes=461312 total=763466816512
GGML_VK_HOST_COPY #821300 bytes=1050112 total=763548390400
GGML_VK_HOST_COPY #821400 bytes=525312 total=763632934400
GGML_VK_HOST_COPY #821500 bytes=525312 total=763720102400
GGML_VK_HOST_COPY #821600 bytes=1382912 total=763794470400
GGML_VK_HOST_COPY #821700 bytes=422912 total=763868211200
GGML_VK_HOST_COPY #821800 bytes=422912 total=763942182400
GGML_VK_HOST_COPY #821900 bytes=461312 total=764014579200
GGML_VK_HOST_COPY #822000 bytes=461312 total=764094809600
GGML_VK_HOST_COPY #822100 bytes=1050112 total=764186816000
GGML_VK_HOST_COPY #822200 bytes=1574912 total=764276608000
GGML_VK_HOST_COPY #822300 bytes=461312 total=764369600000
GGML_VK_HOST_COPY #822400 bytes=2624512 total=764457587200
GGML_VK_HOST_COPY #822500 bytes=525312 total=764553152000
GGML_VK_HOST_COPY #822600 bytes=525312 total=764645568000
GGML_VK_HOST_COPY #822700 bytes=461312 total=764731660800
GGML_VK_HOST_COPY #822800 bytes=1050112 total=764813260800
GGML_VK_HOST_COPY #822900 bytes=1050112 total=764914598400
GGML_VK_HOST_COPY #823000 bytes=525312 total=765013836800
GGML_VK_HOST_COPY #823100 bytes=922112 total=765105856000
GGML_VK_HOST_COPY #823200 bytes=717312 total=765188339200
GGML_VK_HOST_COPY #823300 bytes=717312 total=765255769088
GGML_VK_HOST_COPY #823400 bytes=717312 total=765322124288
GGML_VK_HOST_COPY #823500 bytes=922112 total=765407525376
GGML_VK_HOST_COPY #823600 bytes=845312 total=765496817664
GGML_VK_HOST_COPY #823700 bytes=422912 total=765581348352
GGML_VK_HOST_COPY #823800 bytes=1267200 total=765673482240
GGML_VK_HOST_COPY #823900 bytes=1382912 total=765766615040
GGML_VK_HOST_COPY #824000 bytes=422912 total=765847459328
GGML_VK_HOST_COPY #824100 bytes=845312 total=765926499328
GGML_VK_HOST_COPY #824200 bytes=422912 total=765998358528
GGML_VK_HOST_COPY #824300 bytes=922112 total=766075324928
GGML_VK_HOST_COPY #824400 bytes=2112512 total=766172528128
GGML_VK_HOST_COPY #824500 bytes=1267712 total=766281135616
GGML_VK_HOST_COPY #824600 bytes=1382912 total=766392354304
GGML_VK_HOST_COPY #824700 bytes=1382912 total=766513135104
GGML_VK_HOST_COPY #824800 bytes=1574912 total=766629473792
GGML_VK_HOST_COPY #824900 bytes=1050112 total=766753902080
GGML_VK_HOST_COPY #825000 bytes=1382912 total=766882003968
GGML_VK_HOST_COPY #825100 bytes=717312 total=766995360256
GGML_VK_HOST_COPY #825200 bytes=717312 total=767078918656
GGML_VK_HOST_COPY #825300 bytes=717312 total=767160326656
GGML_VK_HOST_COPY #825400 bytes=461312 total=767255558656
GGML_VK_HOST_COPY #825500 bytes=422912 total=767374496256
GGML_VK_HOST_COPY #825600 bytes=845312 total=767481414656
GGML_VK_HOST_COPY #825700 bytes=845312 total=767589599744
GGML_VK_HOST_COPY #825800 bytes=2765312 total=767710956032
GGML_VK_HOST_COPY #825900 bytes=2099712 total=767829829120
GGML_VK_HOST_COPY #826000 bytes=1574912 total=768005163520
GGML_VK_HOST_COPY #826100 bytes=922112 total=768171013120
GGML_SCHED_UPLOAD_STATS layers=48 copies=6081 bytes=5781585920 branch_ms=54.57 id_ms=49.37 wait_ms=1098.47
GGML_VK_HOST_COPY #826200 bytes=525312 total=768322738688
GGML_VK_HOST_COPY #826300 bytes=525312 total=768423551488
GGML_VK_HOST_COPY #826400 bytes=2099712 total=768512818176
GGML_VK_HOST_COPY #826500 bytes=922112 total=768603313664
GGML_VK_HOST_COPY #826600 bytes=422912 total=768689669120
GGML_VK_HOST_COPY #826700 bytes=422912 total=768765329920
GGML_VK_HOST_COPY #826800 bytes=422912 total=768848593920
GGML_VK_HOST_COPY #826900 bytes=1382912 total=768926712320
GGML_VK_HOST_COPY #827000 bytes=525312 total=769011269120
GGML_VK_HOST_COPY #827100 bytes=525312 total=769104734208
GGML_VK_HOST_COPY #827200 bytes=525312 total=769190852608
GGML_VK_HOST_COPY #827300 bytes=461312 total=769272720896
GGML_VK_HOST_COPY #827400 bytes=1050112 total=769357789184
GGML_VK_HOST_COPY #827500 bytes=525312 total=769437085184
GGML_VK_HOST_COPY #827600 bytes=525312 total=769520579584
GGML_VK_HOST_COPY #827700 bytes=461312 total=769597814784
GGML_VK_HOST_COPY #827800 bytes=422912 total=769666141184
GGML_VK_HOST_COPY #827900 bytes=845312 total=769743913984
GGML_VK_HOST_COPY #828000 bytes=922112 total=769816541184
GGML_VK_HOST_COPY #828100 bytes=461312 total=769892163584
GGML_VK_HOST_COPY #828200 bytes=525312 total=769987421184
GGML_VK_HOST_COPY #828300 bytes=525312 total=770078262784
GGML_VK_HOST_COPY #828400 bytes=461312 total=770167081984
GGML_VK_HOST_COPY #828500 bytes=525312 total=770261277184
GGML_VK_HOST_COPY #828600 bytes=1050112 total=770354217984
GGML_VK_HOST_COPY #828700 bytes=1050112 total=770451357184
GGML_VK_HOST_COPY #828800 bytes=922112 total=770533033984
GGML_VK_HOST_COPY #828900 bytes=525312 total=770613405184
GGML_VK_HOST_COPY #829000 bytes=525312 total=770717891584
GGML_VK_HOST_COPY #829100 bytes=525312 total=770816605184
GGML_VK_HOST_COPY #829200 bytes=461312 total=770904745984
GGML_VK_HOST_COPY #829300 bytes=2509312 total=770983389184
GGML_VK_HOST_COPY #829400 bytes=358912 total=771048668672
GGML_VK_HOST_COPY #829500 bytes=461312 total=771115125760
GGML_VK_HOST_COPY #829600 bytes=461312 total=771195816960
GGML_VK_HOST_COPY #829700 bytes=845312 total=771281038848
GGML_VK_HOST_COPY #829800 bytes=422912 total=771368948736
GGML_VK_HOST_COPY #829900 bytes=922112 total=771450868224
GGML_VK_HOST_COPY #830000 bytes=461312 total=771544461824
GGML_VK_HOST_COPY #830100 bytes=422912 total=771620390912
GGML_VK_HOST_COPY #830200 bytes=845312 total=771703654912
GGML_VK_HOST_COPY #830300 bytes=461312 total=771780390912
GGML_VK_HOST_COPY #830400 bytes=1382912 total=771864307712
GGML_VK_HOST_COPY #830500 bytes=422912 total=771963584512
GGML_VK_HOST_COPY #830600 bytes=1267712 total=772064166400
GGML_VK_HOST_COPY #830700 bytes=1382912 total=772177497088
GGML_VK_HOST_COPY #830800 bytes=525312 total=772299557376
GGML_VK_HOST_COPY #830900 bytes=4723712 total=772433432576
GGML_VK_HOST_COPY #831000 bytes=1050112 total=772549988864
GGML_VK_HOST_COPY #831100 bytes=1382912 total=772667453952
GGML_VK_HOST_COPY #831200 bytes=358912 total=772781424640
GGML_VK_HOST_COPY #831300 bytes=358912 total=772866416128
GGML_VK_HOST_COPY #831400 bytes=358912 total=772947465728
GGML_VK_HOST_COPY #831500 bytes=461312 total=773047254016
GGML_VK_HOST_COPY #831600 bytes=845312 total=773165883904
GGML_VK_HOST_COPY #831700 bytes=845312 total=773277870592
GGML_VK_HOST_COPY #831800 bytes=422912 total=773386478592
GGML_VK_HOST_COPY #831900 bytes=922112 total=773504801280
GGML_VK_HOST_COPY #832000 bytes=525312 total=773645485568
GGML_VK_HOST_COPY #832100 bytes=6298112 total=773816096768
GGML_VK_HOST_COPY #832200 bytes=461312 total=773975200768
GGML_SCHED_UPLOAD_STATS layers=48 copies=6069 bytes=5751754240 branch_ms=54.36 id_ms=49.23 wait_ms=1089.55
6.33.711.664 I slot print_timing: id  0 | task 8 | prompt processing, n_tokens =  63488, progress = 0.50, t = 309.83 s / 204.92 tokens per second
GGML_VK_HOST_COPY #832300 bytes=2099712 total=774115431936
GGML_VK_HOST_COPY #832400 bytes=1050112 total=774208897024
GGML_VK_HOST_COPY #832500 bytes=525312 total=774306036224
GGML_VK_HOST_COPY #832600 bytes=461312 total=774389069312
GGML_VK_HOST_COPY #832700 bytes=422912 total=774473466368
GGML_VK_HOST_COPY #832800 bytes=422912 total=774552928768
GGML_VK_HOST_COPY #832900 bytes=845312 total=774629434368
GGML_VK_HOST_COPY #833000 bytes=1382912 total=774717075968
GGML_VK_HOST_COPY #833100 bytes=525312 total=774797664768
GGML_VK_HOST_COPY #833200 bytes=525312 total=774887456256
GGML_VK_HOST_COPY #833300 bytes=461312 total=774980217344
GGML_VK_HOST_COPY #833400 bytes=461312 total=775055839744
GGML_VK_HOST_COPY #833500 bytes=525312 total=775144120832
GGML_VK_HOST_COPY #833600 bytes=2099712 total=775224466432
GGML_VK_HOST_COPY #833700 bytes=461312 total=775303135232
GGML_VK_HOST_COPY #833800 bytes=461312 total=775378296832
GGML_VK_HOST_COPY #833900 bytes=422912 total=775447890432
GGML_VK_HOST_COPY #834000 bytes=422912 total=775521861632
GGML_VK_HOST_COPY #834100 bytes=461312 total=775602936832
GGML_VK_HOST_COPY #834200 bytes=1574912 total=775683628032
GGML_VK_HOST_COPY #834300 bytes=1574912 total=775779192832
GGML_VK_HOST_COPY #834400 bytes=1050112 total=775870034432
GGML_VK_HOST_COPY #834500 bytes=461312 total=775952479232
GGML_VK_HOST_COPY #834600 bytes=1574912 total=776048133632
GGML_VK_HOST_COPY #834700 bytes=525312 total=776136351232
GGML_VK_HOST_COPY #834800 bytes=525312 total=776234540032
GGML_VK_HOST_COPY #834900 bytes=922112 total=776314668032
GGML_VK_HOST_COPY #835000 bytes=525312 total=776395346432
GGML_VK_HOST_COPY #835100 bytes=525312 total=776497733632
GGML_VK_HOST_COPY #835200 bytes=525312 total=776596447232
GGML_VK_HOST_COPY #835300 bytes=461312 total=776682949632
GGML_VK_HOST_COPY #835400 bytes=358912 total=776763487232
GGML_VK_HOST_COPY #835500 bytes=358912 total=776829125120
GGML_VK_HOST_COPY #835600 bytes=461312 total=776894455808
GGML_VK_HOST_COPY #835700 bytes=922112 total=776979294208
GGML_VK_HOST_COPY #835800 bytes=422912 total=777066128896
GGML_VK_HOST_COPY #835900 bytes=845312 total=777156995584
GGML_VK_HOST_COPY #836000 bytes=461312 total=777241795072
GGML_VK_HOST_COPY #836100 bytes=461312 total=777338153472
GGML_VK_HOST_COPY #836200 bytes=422912 total=777419842560
GGML_VK_HOST_COPY #836300 bytes=422912 total=777503951360
GGML_VK_HOST_COPY #836400 bytes=922112 total=777582760960
GGML_VK_HOST_COPY #836500 bytes=1843712 total=777668981760
GGML_VK_HOST_COPY #836600 bytes=1690112 total=777771752960
GGML_VK_HOST_COPY #836700 bytes=845312 total=777882472448
GGML_VK_HOST_COPY #836800 bytes=461312 total=777997377536
GGML_VK_HOST_COPY #836900 bytes=525312 total=778120449024
GGML_VK_HOST_COPY #837000 bytes=1050112 total=778262720512
GGML_VK_HOST_COPY #837100 bytes=1574912 total=778389773312
GGML_VK_HOST_COPY #837200 bytes=2765312 total=778505689600
GGML_VK_HOST_COPY #837300 bytes=717312 total=778614489088
GGML_VK_HOST_COPY #837400 bytes=358912 total=778705214976
GGML_VK_HOST_COPY #837500 bytes=1792512 total=778790565376
GGML_VK_HOST_COPY #837600 bytes=2765312 total=778896804864
GGML_VK_HOST_COPY #837700 bytes=422912 total=779012977152
GGML_VK_HOST_COPY #837800 bytes=422912 total=779127921152
GGML_VK_HOST_COPY #837900 bytes=922112 total=779244170752
GGML_VK_HOST_COPY #838000 bytes=922112 total=779363569152
GGML_VK_HOST_COPY #838100 bytes=1574912 total=779519421952
GGML_VK_HOST_COPY #838200 bytes=1050112 total=779676913152
GGML_VK_HOST_COPY #838300 bytes=461312 total=779822909952
GGML_SCHED_UPLOAD_STATS layers=48 copies=6090 bytes=5814640128 branch_ms=54.57 id_ms=49.37 wait_ms=1096.44
GGML_VK_HOST_COPY #838400 bytes=2099712 total=779948958720
GGML_VK_HOST_COPY #838500 bytes=525312 total=780039275008
GGML_VK_HOST_COPY #838600 bytes=525312 total=780140087808
GGML_VK_HOST_COPY #838700 bytes=1843712 total=780220650496
GGML_VK_HOST_COPY #838800 bytes=845312 total=780304087552
GGML_VK_HOST_COPY #838900 bytes=422912 total=780384817152
GGML_VK_HOST_COPY #839000 bytes=422912 total=780460900352
GGML_VK_HOST_COPY #839100 bytes=461312 total=780546813952
GGML_VK_HOST_COPY #839200 bytes=525312 total=780632765952
GGML_VK_HOST_COPY #839300 bytes=525312 total=780720983040
GGML_VK_HOST_COPY #839400 bytes=922112 total=780811337728
GGML_VK_HOST_COPY #839500 bytes=461312 total=780887420928
GGML_VK_HOST_COPY #839600 bytes=1050112 total=780973974016
GGML_VK_HOST_COPY #839700 bytes=525312 total=781054319616
GGML_VK_HOST_COPY #839800 bytes=1382912 total=781129058816
GGML_VK_HOST_COPY #839900 bytes=461312 total=781201455616
GGML_VK_HOST_COPY #840000 bytes=845312 total=781271510016
GGML_VK_HOST_COPY #840100 bytes=422912 total=781345903616
GGML_VK_HOST_COPY #840200 bytes=461312 total=781426863616
GGML_VK_HOST_COPY #840300 bytes=2624512 total=781506710016
GGML_VK_HOST_COPY #840400 bytes=525312 total=781599650816
GGML_VK_HOST_COPY #840500 bytes=525312 total=781693641216
GGML_VK_HOST_COPY #840600 bytes=461312 total=781776738816
GGML_VK_HOST_COPY #840700 bytes=1050112 total=781871279616
GGML_VK_HOST_COPY #840800 bytes=525312 total=781961071616
GGML_VK_HOST_COPY #840900 bytes=525312 total=782059260416
GGML_VK_HOST_COPY #841000 bytes=461312 total=782140642816
GGML_VK_HOST_COPY #841100 bytes=525312 total=782223804416
GGML_VK_HOST_COPY #841200 bytes=525312 total=782325666816
GGML_VK_HOST_COPY #841300 bytes=922112 total=782427926016
GGML_VK_HOST_COPY #841400 bytes=461312 total=782510460416
GGML_VK_HOST_COPY #841500 bytes=358912 total=782581218816
GGML_VK_HOST_COPY #841600 bytes=717312 total=782646856704
GGML_VK_HOST_COPY #841700 bytes=922112 total=782710190592
GGML_VK_HOST_COPY #841800 bytes=461312 total=782789038592
GGML_VK_HOST_COPY #841900 bytes=422912 total=782879521280
GGML_VK_HOST_COPY #842000 bytes=1267712 total=782972922368
GGML_VK_HOST_COPY #842100 bytes=4147712 total=783064749056
GGML_VK_HOST_COPY #842200 bytes=922112 total=783161107456
GGML_VK_HOST_COPY #842300 bytes=422912 total=783235001344
GGML_VK_HOST_COPY #842400 bytes=422912 total=783315308544
GGML_VK_HOST_COPY #842500 bytes=922112 total=783390508544
GGML_VK_HOST_COPY #842600 bytes=461312 total=783469356544
GGML_VK_HOST_COPY #842700 bytes=845312 total=783572089344
GGML_VK_HOST_COPY #842800 bytes=422912 total=783676472832
GGML_VK_HOST_COPY #842900 bytes=1843712 total=783787384320
GGML_VK_HOST_COPY #843000 bytes=525312 total=783909662208
GGML_VK_HOST_COPY #843100 bytes=1574912 total=784056656896
GGML_VK_HOST_COPY #843200 bytes=525312 total=784199453696
GGML_VK_HOST_COPY #843300 bytes=6912512 total=784324726784
GGML_VK_HOST_COPY #843400 bytes=358912 total=784418780672
GGML_VK_HOST_COPY #843500 bytes=1075712 total=784507356160
GGML_VK_HOST_COPY #843600 bytes=2304512 total=784604379648
GGML_VK_HOST_COPY #843700 bytes=1843712 total=784714101248
GGML_VK_HOST_COPY #843800 bytes=1267712 total=784819751936
GGML_VK_HOST_COPY #843900 bytes=845312 total=784932161536
GGML_VK_HOST_COPY #844000 bytes=922112 total=785047719936
GGML_VK_HOST_COPY #844100 bytes=1050112 total=785165991936
GGML_VK_HOST_COPY #844200 bytes=525312 total=785337652736
GGML_VK_HOST_COPY #844300 bytes=3674112 total=785512462336
GGML_VK_HOST_COPY #844400 bytes=5069312 total=785655003136
GGML_SCHED_UPLOAD_STATS layers=48 copies=6066 bytes=5781040640 branch_ms=54.82 id_ms=49.49 wait_ms=1092.02
GGML_VK_HOST_COPY #844500 bytes=525312 total=785769365504
GGML_VK_HOST_COPY #844600 bytes=1574912 total=785863880192
GGML_VK_HOST_COPY #844700 bytes=922112 total=785956385280
GGML_VK_HOST_COPY #844800 bytes=461312 total=786043066880
GGML_VK_HOST_COPY #844900 bytes=1690112 total=786122663936
GGML_VK_HOST_COPY #845000 bytes=422912 total=786197902336
GGML_VK_HOST_COPY #845100 bytes=1382912 total=786281627136
GGML_VK_HOST_COPY #845200 bytes=1574912 total=786367579136
GGML_VK_HOST_COPY #845300 bytes=525312 total=786452647936
GGML_VK_HOST_COPY #845400 bytes=1050112 total=786540340224
GGML_VK_HOST_COPY #845500 bytes=461312 total=786621645312
GGML_VK_HOST_COPY #845600 bytes=1574912 total=786704652800
GGML_VK_HOST_COPY #845700 bytes=525312 total=786787622400
GGML_VK_HOST_COPY #845800 bytes=1574912 total=786873216000
GGML_VK_HOST_COPY #845900 bytes=922112 total=786948966400
GGML_VK_HOST_COPY #846000 bytes=422912 total=787018713600
GGML_VK_HOST_COPY #846100 bytes=422912 total=787092684800
GGML_VK_HOST_COPY #846200 bytes=422912 total=787167500800
GGML_VK_HOST_COPY #846300 bytes=922112 total=787247078400
GGML_VK_HOST_COPY #846400 bytes=525312 total=787332224000
GGML_VK_HOST_COPY #846500 bytes=525312 total=787430937600
GGML_VK_HOST_COPY #846600 bytes=461312 total=787523251200
GGML_VK_HOST_COPY #846700 bytes=461312 total=787604403200
GGML_VK_HOST_COPY #846800 bytes=525312 total=787701708800
GGML_VK_HOST_COPY #846900 bytes=2099712 total=787795699200
GGML_VK_HOST_COPY #847000 bytes=461312 total=787881036800
GGML_VK_HOST_COPY #847100 bytes=461312 total=787964032000
GGML_VK_HOST_COPY #847200 bytes=1050112 total=788051673600
GGML_VK_HOST_COPY #847300 bytes=525312 total=788151961600
GGML_VK_HOST_COPY #847400 bytes=922112 total=788249318400
GGML_VK_HOST_COPY #847500 bytes=358912 total=788339072000
GGML_VK_HOST_COPY #847600 bytes=358912 total=788400768000
GGML_VK_HOST_COPY #847700 bytes=358912 total=788466405888
GGML_VK_HOST_COPY #847800 bytes=461312 total=788539211776
GGML_VK_HOST_COPY #847900 bytes=1267712 total=788622974464
GGML_VK_HOST_COPY #848000 bytes=422912 total=788709617664
GGML_VK_HOST_COPY #848100 bytes=1267712 total=788797949952
GGML_VK_HOST_COPY #848200 bytes=461312 total=788889469440
GGML_VK_HOST_COPY #848300 bytes=845312 total=788981027328
GGML_VK_HOST_COPY #848400 bytes=422912 total=789056688128
GGML_VK_HOST_COPY #848500 bytes=845312 total=789133193728
GGML_VK_HOST_COPY #848600 bytes=461312 total=789213616128
GGML_VK_HOST_COPY #848700 bytes=845312 total=789300067328
GGML_VK_HOST_COPY #848800 bytes=1690112 total=789406562816
GGML_VK_HOST_COPY #848900 bytes=422912 total=789508834816
GGML_VK_HOST_COPY #849000 bytes=1843712 total=789615944704
GGML_VK_HOST_COPY #849100 bytes=525312 total=789722132992
GGML_VK_HOST_COPY #849200 bytes=525312 total=789858631680
GGML_VK_HOST_COPY #849300 bytes=2304512 total=790000071168
GGML_VK_HOST_COPY #849400 bytes=461312 total=790115322368
GGML_VK_HOST_COPY #849500 bytes=717312 total=790201593856
GGML_VK_HOST_COPY #849600 bytes=717312 total=790289810944
GGML_VK_HOST_COPY #849700 bytes=922112 total=790390725632
GGML_VK_HOST_COPY #849800 bytes=2304512 total=790499986432
GGML_VK_HOST_COPY #849900 bytes=422912 total=790599147520
GGML_VK_HOST_COPY #850000 bytes=422912 total=790709867520
GGML_VK_HOST_COPY #850100 bytes=922112 total=790823774720
GGML_VK_HOST_COPY #850200 bytes=525312 total=790945861120
GGML_VK_HOST_COPY #850300 bytes=525312 total=791098104320
GGML_VK_HOST_COPY #850400 bytes=1574912 total=791241950720
GGML_VK_HOST_COPY #850500 bytes=2304512 total=791384773120
GGML_SCHED_UPLOAD_STATS layers=48 copies=6117 bytes=5744177152 branch_ms=54.82 id_ms=49.56 wait_ms=1095.38
GGML_VK_HOST_COPY #850600 bytes=525312 total=791505650688
GGML_VK_HOST_COPY #850700 bytes=1050112 total=791599640576
GGML_VK_HOST_COPY #850800 bytes=525312 total=791697829376
GGML_VK_HOST_COPY #850900 bytes=461312 total=791777444864
GGML_VK_HOST_COPY #851000 bytes=422912 total=791861265920
GGML_VK_HOST_COPY #851100 bytes=422912 total=791939883520
GGML_VK_HOST_COPY #851200 bytes=461312 total=792019691520
GGML_VK_HOST_COPY #851300 bytes=922112 total=792102686720
GGML_VK_HOST_COPY #851400 bytes=1050112 total=792190507520
GGML_VK_HOST_COPY #851500 bytes=1050112 total=792277675008
GGML_VK_HOST_COPY #851600 bytes=922112 total=792363856896
GGML_VK_HOST_COPY #851700 bytes=461312 total=792443165696
GGML_VK_HOST_COPY #851800 bytes=1050112 total=792524432384
GGML_VK_HOST_COPY #851900 bytes=525312 total=792603728384
GGML_VK_HOST_COPY #852000 bytes=461312 total=792678096384
GGML_VK_HOST_COPY #852100 bytes=922112 total=792748189184
GGML_VK_HOST_COPY #852200 bytes=422912 total=792822045184
GGML_VK_HOST_COPY #852300 bytes=1267712 total=792894749184
GGML_VK_HOST_COPY #852400 bytes=1382912 total=792974979584
GGML_VK_HOST_COPY #852500 bytes=2099712 total=793058345984
GGML_VK_HOST_COPY #852600 bytes=2624512 total=793153910784
GGML_VK_HOST_COPY #852700 bytes=525312 total=793245801984
GGML_VK_HOST_COPY #852800 bytes=922112 total=793333686784
GGML_VK_HOST_COPY #852900 bytes=525312 total=793426781184
GGML_VK_HOST_COPY #853000 bytes=2099712 total=793518147584
GGML_VK_HOST_COPY #853100 bytes=922112 total=793610909184
GGML_VK_HOST_COPY #853200 bytes=922112 total=793697590784
GGML_VK_HOST_COPY #853300 bytes=1050112 total=793781929984
GGML_VK_HOST_COPY #853400 bytes=1050112 total=793873821184
GGML_VK_HOST_COPY #853500 bytes=461312 total=793973737984
GGML_VK_HOST_COPY #853600 bytes=922112 total=794057193984
GGML_VK_HOST_COPY #853700 bytes=717312 total=794127901184
GGML_VK_HOST_COPY #853800 bytes=717312 total=794198198272
GGML_VK_HOST_COPY #853900 bytes=922112 total=794269826560
GGML_VK_HOST_COPY #854000 bytes=461312 total=794356047360
GGML_VK_HOST_COPY #854100 bytes=422912 total=794440654848
GGML_VK_HOST_COPY #854200 bytes=2112512 total=794528142336
GGML_VK_HOST_COPY #854300 bytes=922112 total=794614170624
GGML_VK_HOST_COPY #854400 bytes=922112 total=794711450624
GGML_VK_HOST_COPY #854500 bytes=845312 total=794784730112
GGML_VK_HOST_COPY #854600 bytes=422912 total=794858278912
GGML_VK_HOST_COPY #854700 bytes=461312 total=794939008512
GGML_VK_HOST_COPY #854800 bytes=845312 total=795019738112
GGML_VK_HOST_COPY #854900 bytes=845312 total=795124966912
GGML_VK_HOST_COPY #855000 bytes=845312 total=795232307200
GGML_VK_HOST_COPY #855100 bytes=1843712 total=795341183488
GGML_VK_HOST_COPY #855200 bytes=525312 total=795448408576
GGML_VK_HOST_COPY #855300 bytes=1050112 total=795585956864
GGML_VK_HOST_COPY #855400 bytes=525312 total=795724555264
GGML_VK_HOST_COPY #855500 bytes=461312 total=795833777152
GGML_VK_HOST_COPY #855600 bytes=717312 total=795932439040
GGML_VK_HOST_COPY #855700 bytes=358912 total=796022806528
GGML_VK_HOST_COPY #855800 bytes=922112 total=796116348416
GGML_VK_HOST_COPY #855900 bytes=1843712 total=796231599616
GGML_VK_HOST_COPY #856000 bytes=422912 total=796333410304
GGML_VK_HOST_COPY #856100 bytes=1690112 total=796441173504
GGML_VK_HOST_COPY #856200 bytes=461312 total=796550165504
GGML_VK_HOST_COPY #856300 bytes=525312 total=796664879104
GGML_VK_HOST_COPY #856400 bytes=1574912 total=796824469504
GGML_VK_HOST_COPY #856500 bytes=1574912 total=796979861504
GGML_VK_HOST_COPY #856600 bytes=922112 total=797122863104
GGML_SCHED_UPLOAD_STATS layers=48 copies=6102 bytes=5734979072 branch_ms=54.57 id_ms=49.28 wait_ms=1098.74
6.46.488.532 I slot print_timing: id  0 | task 8 | prompt processing, n_tokens =  65536, progress = 0.51, t = 322.60 s / 203.15 tokens per second
GGML_VK_HOST_COPY #856700 bytes=1574912 total=797247439872
GGML_VK_HOST_COPY #856800 bytes=2099712 total=797342479360
GGML_VK_HOST_COPY #856900 bytes=525312 total=797438568960
GGML_VK_HOST_COPY #857000 bytes=461312 total=797519682048
GGML_VK_HOST_COPY #857100 bytes=422912 total=797601659904
GGML_VK_HOST_COPY #857200 bytes=1267712 total=797683656704
GGML_VK_HOST_COPY #857300 bytes=461312 total=797761467904
GGML_VK_HOST_COPY #857400 bytes=461312 total=797844002304
GGML_VK_HOST_COPY #857500 bytes=1574912 total=797933346304
GGML_VK_HOST_COPY #857600 bytes=2099712 total=798019988992
GGML_VK_HOST_COPY #857700 bytes=461312 total=798106554880
GGML_VK_HOST_COPY #857800 bytes=922112 total=798183559680
GGML_VK_HOST_COPY #857900 bytes=525312 total=798267795968
GGML_VK_HOST_COPY #858000 bytes=525312 total=798347616768
GGML_VK_HOST_COPY #858100 bytes=461312 total=798423226368
GGML_VK_HOST_COPY #858200 bytes=461312 total=798494240768
GGML_VK_HOST_COPY #858300 bytes=845312 total=798569440768
GGML_VK_HOST_COPY #858400 bytes=422912 total=798640877568
GGML_VK_HOST_COPY #858500 bytes=461312 total=798721415168
GGML_VK_HOST_COPY #858600 bytes=525312 total=798804000768
GGML_VK_HOST_COPY #858700 bytes=2099712 total=798900615168
GGML_VK_HOST_COPY #858800 bytes=525312 total=798995655168
GGML_VK_HOST_COPY #858900 bytes=461312 total=799081888768
GGML_VK_HOST_COPY #859000 bytes=525312 total=799175392768
GGML_VK_HOST_COPY #859100 bytes=525312 total=799267283968
GGML_VK_HOST_COPY #859200 bytes=461312 total=799361875968
GGML_VK_HOST_COPY #859300 bytes=2304512 total=799448096768
GGML_VK_HOST_COPY #859400 bytes=525312 total=799534215168
GGML_VK_HOST_COPY #859500 bytes=525312 total=799631354368
GGML_VK_HOST_COPY #859600 bytes=461312 total=799732410368
GGML_VK_HOST_COPY #859700 bytes=461312 total=799817709568
GGML_VK_HOST_COPY #859800 bytes=358912 total=799888519168
GGML_VK_HOST_COPY #859900 bytes=358912 total=799956665856
GGML_VK_HOST_COPY #860000 bytes=461312 total=800027474944
GGML_VK_HOST_COPY #860100 bytes=922112 total=800113234944
GGML_VK_HOST_COPY #860200 bytes=845312 total=800198226432
GGML_VK_HOST_COPY #860300 bytes=1267712 total=800287825920
GGML_VK_HOST_COPY #860400 bytes=461312 total=800382801408
GGML_VK_HOST_COPY #860500 bytes=845312 total=800478736896
GGML_VK_HOST_COPY #860600 bytes=422912 total=800554397696
GGML_VK_HOST_COPY #860700 bytes=422912 total=800630480896
GGML_VK_HOST_COPY #860800 bytes=922112 total=800718007296
GGML_VK_HOST_COPY #860900 bytes=422912 total=800802423296
GGML_VK_HOST_COPY #861000 bytes=845312 total=800914409984
GGML_VK_HOST_COPY #861100 bytes=422912 total=801015837184
GGML_VK_HOST_COPY #861200 bytes=1843712 total=801128399872
GGML_VK_HOST_COPY #861300 bytes=525312 total=801242908160
GGML_VK_HOST_COPY #861400 bytes=1050112 total=801384654848
GGML_VK_HOST_COPY #861500 bytes=461312 total=801520487936
GGML_VK_HOST_COPY #861600 bytes=461312 total=801644033536
GGML_VK_HOST_COPY #861700 bytes=358912 total=801719860224
GGML_VK_HOST_COPY #861800 bytes=2150912 total=801803777024
GGML_VK_HOST_COPY #861900 bytes=461312 total=801892762624
GGML_VK_HOST_COPY #862000 bytes=1267712 total=802002292224
GGML_VK_HOST_COPY #862100 bytes=3802112 total=802107098624
GGML_VK_HOST_COPY #862200 bytes=845312 total=802208102912
GGML_VK_HOST_COPY #862300 bytes=461312 total=802322278400
GGML_VK_HOST_COPY #862400 bytes=525312 total=802437247488
GGML_VK_HOST_COPY #862500 bytes=525312 total=802606809088
GGML_VK_HOST_COPY #862600 bytes=3674112 total=802772697088
GGML_VK_HOST_COPY #862700 bytes=1382912 total=802907980288
GGML_SCHED_UPLOAD_STATS layers=48 copies=6081 bytes=5752965120 branch_ms=54.69 id_ms=49.48 wait_ms=1100.69
GGML_VK_HOST_COPY #862800 bytes=2099712 total=803026118656
GGML_VK_HOST_COPY #862900 bytes=1050112 total=803121158144
GGML_VK_HOST_COPY #863000 bytes=1843712 total=803215352832
GGML_VK_HOST_COPY #863100 bytes=461312 total=803299269632
GGML_VK_HOST_COPY #863200 bytes=422912 total=803381170688
GGML_VK_HOST_COPY #863300 bytes=422912 total=803457676288
GGML_VK_HOST_COPY #863400 bytes=1843712 total=803540594688
GGML_VK_HOST_COPY #863500 bytes=1382912 total=803624511488
GGML_VK_HOST_COPY #863600 bytes=525312 total=803711500288
GGML_VK_HOST_COPY #863700 bytes=1050112 total=803799192576
GGML_VK_HOST_COPY #863800 bytes=922112 total=803881995264
GGML_VK_HOST_COPY #863900 bytes=525312 total=803961405952
GGML_VK_HOST_COPY #864000 bytes=525312 total=804045425152
GGML_VK_HOST_COPY #864100 bytes=525312 total=804128394752
GGML_VK_HOST_COPY #864200 bytes=461312 total=804200177152
GGML_VK_HOST_COPY #864300 bytes=422912 total=804272689152
GGML_VK_HOST_COPY #864400 bytes=845312 total=804347505152
GGML_VK_HOST_COPY #864500 bytes=422912 total=804424433152
GGML_VK_HOST_COPY #864600 bytes=461312 total=804501130752
GGML_VK_HOST_COPY #864700 bytes=525312 total=804588388352
GGML_VK_HOST_COPY #864800 bytes=2099712 total=804685527552
GGML_VK_HOST_COPY #864900 bytes=461312 total=804779607552
GGML_VK_HOST_COPY #865000 bytes=461312 total=804860298752
GGML_VK_HOST_COPY #865100 bytes=2099712 total=804957873152
GGML_VK_HOST_COPY #865200 bytes=1574912 total=805049764352
GGML_VK_HOST_COPY #865300 bytes=461312 total=805134039552
GGML_VK_HOST_COPY #865400 bytes=461312 total=805218877952
GGML_VK_HOST_COPY #865500 bytes=1050112 total=805307901952
GGML_VK_HOST_COPY #865600 bytes=525312 total=805409239552
GGML_VK_HOST_COPY #865700 bytes=922112 total=805504829952
GGML_VK_HOST_COPY #865800 bytes=358912 total=805592279552
GGML_VK_HOST_COPY #865900 bytes=717312 total=805657559552
GGML_VK_HOST_COPY #866000 bytes=717312 total=805722480640
GGML_VK_HOST_COPY #866100 bytes=461312 total=805798409728
GGML_VK_HOST_COPY #866200 bytes=422912 total=805879983616
GGML_VK_HOST_COPY #866300 bytes=422912 total=805963670016
GGML_VK_HOST_COPY #866400 bytes=2534912 total=806048623104
GGML_VK_HOST_COPY #866500 bytes=461312 total=806139835392
GGML_VK_HOST_COPY #866600 bytes=845312 total=806233006080
GGML_VK_HOST_COPY #866700 bytes=422912 total=806308244480
GGML_VK_HOST_COPY #866800 bytes=422912 total=806383060480
GGML_VK_HOST_COPY #866900 bytes=461312 total=806468897280
GGML_VK_HOST_COPY #867000 bytes=1267712 total=806550010880
GGML_VK_HOST_COPY #867100 bytes=845312 total=806660730880
GGML_VK_HOST_COPY #867200 bytes=422912 total=806766803968
GGML_VK_HOST_COPY #867300 bytes=461312 total=806882361856
GGML_VK_HOST_COPY #867400 bytes=1050112 total=806991071744
GGML_VK_HOST_COPY #867500 bytes=2099712 total=807130194432
GGML_VK_HOST_COPY #867600 bytes=922112 total=807263800320
GGML_VK_HOST_COPY #867700 bytes=358912 total=807387243008
GGML_VK_HOST_COPY #867800 bytes=1434112 total=807467217408
GGML_VK_HOST_COPY #867900 bytes=358912 total=807552209408
GGML_VK_HOST_COPY #868000 bytes=2304512 total=807652356608
GGML_VK_HOST_COPY #868100 bytes=422912 total=807775671808
GGML_VK_HOST_COPY #868200 bytes=845312 total=807875831808
GGML_VK_HOST_COPY #868300 bytes=422912 total=807972189696
GGML_VK_HOST_COPY #868400 bytes=922112 total=808088093184
GGML_VK_HOST_COPY #868500 bytes=1574912 total=808201935872
GGML_VK_HOST_COPY #868600 bytes=525312 total=808358377472
GGML_VK_HOST_COPY #868700 bytes=922112 total=808519939072
GGML_VK_HOST_COPY #868800 bytes=3226112 total=808650396672
GGML_SCHED_UPLOAD_STATS layers=48 copies=6093 bytes=5718104064 branch_ms=52.78 id_ms=48.05 wait_ms=1096.03
GGML_VK_HOST_COPY #868900 bytes=1574912 total=808761008640
GGML_VK_HOST_COPY #869000 bytes=525312 total=808854473728
GGML_VK_HOST_COPY #869100 bytes=922112 total=808947631616
GGML_VK_HOST_COPY #869200 bytes=2304512 total=809034774016
GGML_VK_HOST_COPY #869300 bytes=422912 total=809113142272
GGML_VK_HOST_COPY #869400 bytes=422912 total=809189647872
GGML_VK_HOST_COPY #869500 bytes=922112 total=809272412672
GGML_VK_HOST_COPY #869600 bytes=461312 total=809358172672
GGML_VK_HOST_COPY #869700 bytes=525312 total=809444291072
GGML_VK_HOST_COPY #869800 bytes=1050112 total=809531458560
GGML_VK_HOST_COPY #869900 bytes=461312 total=809613352448
GGML_VK_HOST_COPY #870000 bytes=1050112 total=809694196736
GGML_VK_HOST_COPY #870100 bytes=525312 total=809775067136
GGML_VK_HOST_COPY #870200 bytes=525312 total=809856462336
GGML_VK_HOST_COPY #870300 bytes=2765312 total=809929307136
GGML_VK_HOST_COPY #870400 bytes=422912 total=809996327936
GGML_VK_HOST_COPY #870500 bytes=422912 total=810070721536
GGML_VK_HOST_COPY #870600 bytes=845312 total=810147649536
GGML_VK_HOST_COPY #870700 bytes=922112 total=810224193536
GGML_VK_HOST_COPY #870800 bytes=525312 total=810312180736
GGML_VK_HOST_COPY #870900 bytes=525312 total=810407220736
GGML_VK_HOST_COPY #871000 bytes=461312 total=810501415936
GGML_VK_HOST_COPY #871100 bytes=461312 total=810585332736
GGML_VK_HOST_COPY #871200 bytes=1574912 total=810680551936
GGML_VK_HOST_COPY #871300 bytes=1050112 total=810773492736
GGML_VK_HOST_COPY #871400 bytes=922112 total=810858023936
GGML_VK_HOST_COPY #871500 bytes=922112 total=810943783936
GGML_VK_HOST_COPY #871600 bytes=1050112 total=811033793536
GGML_VK_HOST_COPY #871700 bytes=1050112 total=811135131136
GGML_VK_HOST_COPY #871800 bytes=1382912 total=811232167936
GGML_VK_HOST_COPY #871900 bytes=358912 total=811318798336
GGML_VK_HOST_COPY #872000 bytes=358912 total=811382286336
GGML_VK_HOST_COPY #872100 bytes=717312 total=811447207424
GGML_VK_HOST_COPY #872200 bytes=922112 total=811520218112
GGML_VK_HOST_COPY #872300 bytes=1267712 total=811601792000
GGML_VK_HOST_COPY #872400 bytes=845312 total=811692236800
GGML_VK_HOST_COPY #872500 bytes=422912 total=811781836288
GGML_VK_HOST_COPY #872600 bytes=2304512 total=811881458176
GGML_VK_HOST_COPY #872700 bytes=845312 total=811976587264
GGML_VK_HOST_COPY #872800 bytes=1267712 total=812051825664
GGML_VK_HOST_COPY #872900 bytes=422912 total=812125374464
GGML_VK_HOST_COPY #873000 bytes=922112 total=812205528064
GGML_VK_HOST_COPY #873100 bytes=1690112 total=812293131264
GGML_VK_HOST_COPY #873200 bytes=422912 total=812403428352
GGML_VK_HOST_COPY #873300 bytes=2534912 total=812512458752
GGML_VK_HOST_COPY #873400 bytes=461312 total=812630435840
GGML_VK_HOST_COPY #873500 bytes=525312 total=812743100928
GGML_VK_HOST_COPY #873600 bytes=1050112 total=812874876416
GGML_VK_HOST_COPY #873700 bytes=922112 total=813004962304
GGML_VK_HOST_COPY #873800 bytes=1075712 total=813126254592
GGML_VK_HOST_COPY #873900 bytes=717312 total=813216264192
GGML_VK_HOST_COPY #874000 bytes=1792512 total=813299822592
GGML_VK_HOST_COPY #874100 bytes=461312 total=813395924992
GGML_VK_HOST_COPY #874200 bytes=1267712 total=813516782592
GGML_VK_HOST_COPY #874300 bytes=1267712 total=813618209792
GGML_VK_HOST_COPY #874400 bytes=1267712 total=813719214080
GGML_VK_HOST_COPY #874500 bytes=1843712 total=813831584768
GGML_VK_HOST_COPY #874600 bytes=525312 total=813948921856
GGML_VK_HOST_COPY #874700 bytes=525312 total=814104313856
GGML_VK_HOST_COPY #874800 bytes=1050112 total=814257606656
GGML_VK_HOST_COPY #874900 bytes=1382912 total=814382777856
GGML_SCHED_UPLOAD_STATS layers=48 copies=6102 bytes=5732035072 branch_ms=85.60 id_ms=49.46 wait_ms=1107.17
GGML_VK_HOST_COPY #875000 bytes=525312 total=814497754624
GGML_VK_HOST_COPY #875100 bytes=525312 total=814592794112
GGML_VK_HOST_COPY #875200 bytes=461312 total=814686924800
GGML_VK_HOST_COPY #875300 bytes=922112 total=814771302400
GGML_VK_HOST_COPY #875400 bytes=422912 total=814852704256
GGML_VK_HOST_COPY #875500 bytes=845312 total=814929632256
GGML_VK_HOST_COPY #875600 bytes=461312 total=815012166656
GGML_VK_HOST_COPY #875700 bytes=922112 total=815096544256
GGML_VK_HOST_COPY #875800 bytes=525312 total=815183136256
GGML_VK_HOST_COPY #875900 bytes=525312 total=815270828544
GGML_VK_HOST_COPY #876000 bytes=922112 total=815354028032
GGML_VK_HOST_COPY #876100 bytes=525312 total=815433041920
GGML_VK_HOST_COPY #876200 bytes=525312 total=815516011520
GGML_VK_HOST_COPY #876300 bytes=525312 total=815596881920
GGML_VK_HOST_COPY #876400 bytes=461312 total=815667678720
GGML_VK_HOST_COPY #876500 bytes=845312 total=815738424320
GGML_VK_HOST_COPY #876600 bytes=422912 total=815810283520
GGML_VK_HOST_COPY #876700 bytes=422912 total=815885099520
GGML_VK_HOST_COPY #876800 bytes=922112 total=815961105920
GGML_VK_HOST_COPY #876900 bytes=1574912 total=816046597120
GGML_VK_HOST_COPY #877000 bytes=525312 total=816141637120
GGML_VK_HOST_COPY #877100 bytes=461312 total=816236945920
GGML_VK_HOST_COPY #877200 bytes=2765312 total=816320862720
GGML_VK_HOST_COPY #877300 bytes=1050112 total=816416017920
GGML_VK_HOST_COPY #877400 bytes=1050112 total=816508958720
GGML_VK_HOST_COPY #877500 bytes=461312 total=816595320320
GGML_VK_HOST_COPY #877600 bytes=461312 total=816682001920
GGML_VK_HOST_COPY #877700 bytes=525312 total=816772216320
GGML_VK_HOST_COPY #877800 bytes=1574912 total=816869355520
GGML_VK_HOST_COPY #877900 bytes=461312 total=816967160320
GGML_VK_HOST_COPY #878000 bytes=358912 total=817058961920
GGML_VK_HOST_COPY #878100 bytes=717312 total=817124958720
GGML_VK_HOST_COPY #878200 bytes=2867712 total=817193105408
GGML_VK_HOST_COPY #878300 bytes=461312 total=817268112896
GGML_VK_HOST_COPY #878400 bytes=845312 total=817356253184
GGML_VK_HOST_COPY #878500 bytes=422912 total=817447120384
GGML_VK_HOST_COPY #878600 bytes=845312 total=817532918272
GGML_VK_HOST_COPY #878700 bytes=922112 total=817627893760
GGML_VK_HOST_COPY #878800 bytes=845312 total=817719682048
GGML_VK_HOST_COPY #878900 bytes=1267712 total=817795342848
GGML_VK_HOST_COPY #879000 bytes=422912 total=817868046848
GGML_VK_HOST_COPY #879100 bytes=922112 total=817947432448
GGML_VK_HOST_COPY #879200 bytes=1267712 total=818039758848
GGML_VK_HOST_COPY #879300 bytes=422912 total=818150478336
GGML_VK_HOST_COPY #879400 bytes=922112 total=818265306624
GGML_VK_HOST_COPY #879500 bytes=1382912 total=818383322624
GGML_VK_HOST_COPY #879600 bytes=1050112 total=818502246912
GGML_VK_HOST_COPY #879700 bytes=525312 total=818632972800
GGML_VK_HOST_COPY #879800 bytes=922112 total=818763890688
GGML_VK_HOST_COPY #879900 bytes=358912 total=818882366976
GGML_VK_HOST_COPY #880000 bytes=358912 total=818970584576
GGML_VK_HOST_COPY #880100 bytes=717312 total=819056293376
GGML_VK_HOST_COPY #880200 bytes=2765312 total=819159358976
GGML_VK_HOST_COPY #880300 bytes=845312 total=819278987776
GGML_VK_HOST_COPY #880400 bytes=845312 total=819388440576
GGML_VK_HOST_COPY #880500 bytes=422912 total=819489445376
GGML_VK_HOST_COPY #880600 bytes=461312 total=819598552576
GGML_VK_HOST_COPY #880700 bytes=525312 total=819735243776
GGML_VK_HOST_COPY #880800 bytes=2099712 total=819905854976
GGML_VK_HOST_COPY #880900 bytes=461312 total=820059429376
GGML_SCHED_UPLOAD_STATS layers=48 copies=6045 bytes=5744065024 branch_ms=54.52 id_ms=49.39 wait_ms=1110.81
6.59.404.117 I slot print_timing: id  0 | task 8 | prompt processing, n_tokens =  67584, progress = 0.53, t = 335.52 s / 201.43 tokens per second
GGML_VK_HOST_COPY #881000 bytes=525312 total=820207673344
GGML_VK_HOST_COPY #881100 bytes=525312 total=820305862144
GGML_VK_HOST_COPY #881200 bytes=3149312 total=820399327232
GGML_VK_HOST_COPY #881300 bytes=461312 total=820485739520
GGML_VK_HOST_COPY #881400 bytes=1690112 total=820572171776
GGML_VK_HOST_COPY #881500 bytes=1267712 total=820649099776
GGML_VK_HOST_COPY #881600 bytes=422912 total=820726027776
GGML_VK_HOST_COPY #881700 bytes=1843712 total=820811902976
GGML_VK_HOST_COPY #881800 bytes=525312 total=820894629376
GGML_VK_HOST_COPY #881900 bytes=1050112 total=820984945664
GGML_VK_HOST_COPY #882000 bytes=525312 total=821072113664
GGML_VK_HOST_COPY #882100 bytes=461312 total=821150077952
GGML_VK_HOST_COPY #882200 bytes=1050112 total=821233277440
GGML_VK_HOST_COPY #882300 bytes=2099712 total=821310474240
GGML_VK_HOST_COPY #882400 bytes=2624512 total=821390295040
GGML_VK_HOST_COPY #882500 bytes=461312 total=821462346240
GGML_VK_HOST_COPY #882600 bytes=422912 total=821531440640
GGML_VK_HOST_COPY #882700 bytes=422912 total=821608791040
GGML_VK_HOST_COPY #882800 bytes=922112 total=821682378240
GGML_VK_HOST_COPY #882900 bytes=922112 total=821758461440
GGML_VK_HOST_COPY #883000 bytes=1050112 total=821855485440
GGML_VK_HOST_COPY #883100 bytes=2099712 total=821950000640
GGML_VK_HOST_COPY #883200 bytes=461312 total=822038243840
GGML_VK_HOST_COPY #883300 bytes=525312 total=822131312640
GGML_VK_HOST_COPY #883400 bytes=1050112 total=822223728640
GGML_VK_HOST_COPY #883500 bytes=1050112 total=822321392640
GGML_VK_HOST_COPY #883600 bytes=922112 total=822403197440
GGML_VK_HOST_COPY #883700 bytes=525312 total=822482199040
GGML_VK_HOST_COPY #883800 bytes=525312 total=822586160640
GGML_VK_HOST_COPY #883900 bytes=1050112 total=822683824640
GGML_VK_HOST_COPY #884000 bytes=461312 total=822770429440
GGML_VK_HOST_COPY #884100 bytes=1075712 total=822853066240
GGML_VK_HOST_COPY #884200 bytes=358912 total=822925872128
GGML_VK_HOST_COPY #884300 bytes=461312 total=822995554816
GGML_VK_HOST_COPY #884400 bytes=2765312 total=823083618816
GGML_VK_HOST_COPY #884500 bytes=422912 total=823170683904
GGML_VK_HOST_COPY #884600 bytes=422912 total=823264084992
GGML_VK_HOST_COPY #884700 bytes=1843712 total=823357870080
GGML_VK_HOST_COPY #884800 bytes=922112 total=823453767680
GGML_VK_HOST_COPY #884900 bytes=845312 total=823536531968
GGML_VK_HOST_COPY #885000 bytes=422912 total=823615149568
GGML_VK_HOST_COPY #885100 bytes=922112 total=823699834368
GGML_VK_HOST_COPY #885200 bytes=422912 total=823785479168
GGML_VK_HOST_COPY #885300 bytes=422912 total=823881837568
GGML_VK_HOST_COPY #885400 bytes=422912 total=823977773056
GGML_VK_HOST_COPY #885500 bytes=461312 total=824070598144
GGML_VK_HOST_COPY #885600 bytes=1050112 total=824189701632
GGML_VK_HOST_COPY #885700 bytes=525312 total=824331448320
GGML_VK_HOST_COPY #885800 bytes=1574912 total=824471621120
GGML_VK_HOST_COPY #885900 bytes=3686912 total=824587895808
GGML_VK_HOST_COPY #886000 bytes=1075712 total=824678160896
GGML_VK_HOST_COPY #886100 bytes=358912 total=824762077696
GGML_VK_HOST_COPY #886200 bytes=461312 total=824854288896
GGML_VK_HOST_COPY #886300 bytes=1843712 total=824965392896
GGML_VK_HOST_COPY #886400 bytes=2112512 total=825074845696
GGML_VK_HOST_COPY #886500 bytes=422912 total=825187254784
GGML_VK_HOST_COPY #886600 bytes=2304512 total=825307535872
GGML_VK_HOST_COPY #886700 bytes=1050112 total=825434703360
GGML_VK_HOST_COPY #886800 bytes=525312 total=825597442560
GGML_VK_HOST_COPY #886900 bytes=461312 total=825759605760
GGML_VK_HOST_COPY #887000 bytes=461312 total=825902965760
GGML_SCHED_UPLOAD_STATS layers=48 copies=6036 bytes=5727034880 branch_ms=54.75 id_ms=49.51 wait_ms=1115.34
GGML_VK_HOST_COPY #887100 bytes=1050112 total=826004528128
GGML_VK_HOST_COPY #887200 bytes=525312 total=826100092416
GGML_VK_HOST_COPY #887300 bytes=461312 total=826188680704
GGML_VK_HOST_COPY #887400 bytes=461312 total=826278127104
GGML_VK_HOST_COPY #887500 bytes=845312 total=826359144960
GGML_VK_HOST_COPY #887600 bytes=422912 total=826434383360
GGML_VK_HOST_COPY #887700 bytes=922112 total=826515304960
GGML_VK_HOST_COPY #887800 bytes=1050112 total=826602216960
GGML_VK_HOST_COPY #887900 bytes=525312 total=826686760960
GGML_VK_HOST_COPY #888000 bytes=525312 total=826775502848
GGML_VK_HOST_COPY #888100 bytes=461312 total=826857166336
GGML_VK_HOST_COPY #888200 bytes=1050112 total=826937191424
GGML_VK_HOST_COPY #888300 bytes=525312 total=827017537024
GGML_VK_HOST_COPY #888400 bytes=525312 total=827102081024
GGML_VK_HOST_COPY #888500 bytes=461312 total=827177063424
GGML_VK_HOST_COPY #888600 bytes=1690112 total=827247041024
GGML_VK_HOST_COPY #888700 bytes=845312 total=827318900224
GGML_VK_HOST_COPY #888800 bytes=422912 total=827392026624
GGML_VK_HOST_COPY #888900 bytes=1382912 total=827473332224
GGML_VK_HOST_COPY #889000 bytes=525312 total=827557185024
GGML_VK_HOST_COPY #889100 bytes=525312 total=827656948224
GGML_VK_HOST_COPY #889200 bytes=461312 total=827751194624
GGML_VK_HOST_COPY #889300 bytes=461312 total=827836033024
GGML_VK_HOST_COPY #889400 bytes=2099712 total=827933633024
GGML_VK_HOST_COPY #889500 bytes=1574912 total=828027623424
GGML_VK_HOST_COPY #889600 bytes=1843712 total=828114177024
GGML_VK_HOST_COPY #889700 bytes=525312 total=828196890624
GGML_VK_HOST_COPY #889800 bytes=525312 total=828290881024
GGML_VK_HOST_COPY #889900 bytes=1574912 total=828389069824
GGML_VK_HOST_COPY #890000 bytes=461312 total=828481818624
GGML_VK_HOST_COPY #890100 bytes=358912 total=828570036224
GGML_VK_HOST_COPY #890200 bytes=1792512 total=828641050624
GGML_VK_HOST_COPY #890300 bytes=717312 total=828709197312
GGML_VK_HOST_COPY #890400 bytes=922112 total=828790297600
GGML_VK_HOST_COPY #890500 bytes=845312 total=828884005888
GGML_VK_HOST_COPY #890600 bytes=1267712 total=828971915776
GGML_VK_HOST_COPY #890700 bytes=1267712 total=829061515776
GGML_VK_HOST_COPY #890800 bytes=461312 total=829154532864
GGML_VK_HOST_COPY #890900 bytes=845312 total=829249623552
GGML_VK_HOST_COPY #891000 bytes=845312 total=829329085952
GGML_VK_HOST_COPY #891100 bytes=422912 total=829408125952
GGML_VK_HOST_COPY #891200 bytes=461312 total=829490122752
GGML_VK_HOST_COPY #891300 bytes=2534912 total=829585175552
GGML_VK_HOST_COPY #891400 bytes=2112512 total=829681111040
GGML_VK_HOST_COPY #891500 bytes=461312 total=829783113728
GGML_VK_HOST_COPY #891600 bytes=461312 total=829890070528
GGML_VK_HOST_COPY #891700 bytes=1050112 total=830009199616
GGML_VK_HOST_COPY #891800 bytes=1050112 total=830142549504
GGML_VK_HOST_COPY #891900 bytes=461312 total=830274734592
GGML_VK_HOST_COPY #892000 bytes=717312 total=830392545280
GGML_VK_HOST_COPY #892100 bytes=358912 total=830481479680
GGML_VK_HOST_COPY #892200 bytes=1075712 total=830563246080
GGML_VK_HOST_COPY #892300 bytes=1382912 total=830667130880
GGML_VK_HOST_COPY #892400 bytes=422912 total=830780577280
GGML_VK_HOST_COPY #892500 bytes=2112512 total=830890030080
GGML_VK_HOST_COPY #892600 bytes=422912 total=830989767680
GGML_VK_HOST_COPY #892700 bytes=461312 total=831099258880
GGML_VK_HOST_COPY #892800 bytes=1574912 total=831239431680
GGML_VK_HOST_COPY #892900 bytes=5773312 total=831401646080
GGML_VK_HOST_COPY #893000 bytes=922112 total=831560442880
GGML_SCHED_UPLOAD_STATS layers=48 copies=6078 bytes=5763153920 branch_ms=54.59 id_ms=49.46 wait_ms=1116.54
GGML_VK_HOST_COPY #893100 bytes=525312 total=831701506048
GGML_VK_HOST_COPY #893200 bytes=1050112 total=831802318848
GGML_VK_HOST_COPY #893300 bytes=525312 total=831890011136
GGML_VK_HOST_COPY #893400 bytes=922112 total=831981684224
GGML_VK_HOST_COPY #893500 bytes=5242880 total=832068538880
GGML_VK_HOST_COPY #893600 bytes=422912 total=832144199680
GGML_VK_HOST_COPY #893700 bytes=2957312 total=832227463680
GGML_VK_HOST_COPY #893800 bytes=461312 total=832304622080
GGML_VK_HOST_COPY #893900 bytes=525312 total=832390036480
GGML_VK_HOST_COPY #894000 bytes=525312 total=832482451968
GGML_VK_HOST_COPY #894100 bytes=525312 total=832566471168
GGML_VK_HOST_COPY #894200 bytes=922112 total=832647405056
GGML_VK_HOST_COPY #894300 bytes=1050112 total=832730258944
GGML_VK_HOST_COPY #894400 bytes=525312 total=832805881344
GGML_VK_HOST_COPY #894500 bytes=1574912 total=832888326144
GGML_VK_HOST_COPY #894600 bytes=922112 total=832959673344
GGML_VK_HOST_COPY #894700 bytes=845312 total=833031186944
GGML_VK_HOST_COPY #894800 bytes=2112512 total=833103890944
GGML_VK_HOST_COPY #894900 bytes=422912 total=833175327744
GGML_VK_HOST_COPY #895000 bytes=461312 total=833255942144
GGML_VK_HOST_COPY #895100 bytes=1050112 total=833345618944
GGML_VK_HOST_COPY #895200 bytes=525312 total=833442233344
GGML_VK_HOST_COPY #895300 bytes=3226112 total=833539078144
GGML_VK_HOST_COPY #895400 bytes=525312 total=833623481344
GGML_VK_HOST_COPY #895500 bytes=3674112 total=833723244544
GGML_VK_HOST_COPY #895600 bytes=1050112 total=833814086144
GGML_VK_HOST_COPY #895700 bytes=1382912 total=833903442944
GGML_VK_HOST_COPY #895800 bytes=525312 total=833983878144
GGML_VK_HOST_COPY #895900 bytes=525312 total=834084690944
GGML_VK_HOST_COPY #896000 bytes=525312 total=834183404544
GGML_VK_HOST_COPY #896100 bytes=1382912 total=834274796544
GGML_VK_HOST_COPY #896200 bytes=717312 total=834365676544
GGML_VK_HOST_COPY #896300 bytes=358912 total=834436332032
GGML_VK_HOST_COPY #896400 bytes=2150912 total=834506271232
GGML_VK_HOST_COPY #896500 bytes=461312 total=834589521920
GGML_VK_HOST_COPY #896600 bytes=845312 total=834679351808
GGML_VK_HOST_COPY #896700 bytes=3802112 total=834768106496
GGML_VK_HOST_COPY #896800 bytes=845312 total=834851370496
GGML_VK_HOST_COPY #896900 bytes=461312 total=834942390784
GGML_VK_HOST_COPY #897000 bytes=845312 total=835031759872
GGML_VK_HOST_COPY #897100 bytes=422912 total=835105731072
GGML_VK_HOST_COPY #897200 bytes=845312 total=835181814272
GGML_VK_HOST_COPY #897300 bytes=922112 total=835264463872
GGML_VK_HOST_COPY #897400 bytes=2534912 total=835352796672
GGML_VK_HOST_COPY #897500 bytes=845312 total=835449576960
GGML_VK_HOST_COPY #897600 bytes=922112 total=835553691648
GGML_VK_HOST_COPY #897700 bytes=461312 total=835659266048
GGML_VK_HOST_COPY #897800 bytes=525312 total=835774465536
GGML_VK_HOST_COPY #897900 bytes=525312 total=835903617024
GGML_VK_HOST_COPY #898000 bytes=461312 total=836034586112
GGML_VK_HOST_COPY #898100 bytes=717312 total=836152396800
GGML_VK_HOST_COPY #898200 bytes=717312 total=836238105600
GGML_VK_HOST_COPY #898300 bytes=1434112 total=836318438400
GGML_VK_HOST_COPY #898400 bytes=922112 total=836411827200
GGML_VK_HOST_COPY #898500 bytes=1267712 total=836530918400
GGML_VK_HOST_COPY #898600 bytes=2112512 total=836635302400
GGML_VK_HOST_COPY #898700 bytes=422912 total=836742643200
GGML_VK_HOST_COPY #898800 bytes=461312 total=836859852800
GGML_VK_HOST_COPY #898900 bytes=2099712 total=836982694400
GGML_VK_HOST_COPY #899000 bytes=1050112 total=837139136000
GGML_VK_HOST_COPY #899100 bytes=461312 total=837300121600
GGML_VK_HOST_COPY #899200 bytes=922112 total=837441177600
GGML_SCHED_UPLOAD_STATS layers=48 copies=6123 bytes=5757775360 branch_ms=54.86 id_ms=49.52 wait_ms=1107.43
GGML_VK_HOST_COPY #899300 bytes=1050112 total=837542227968
GGML_VK_HOST_COPY #899400 bytes=2099712 total=837638317056
GGML_VK_HOST_COPY #899500 bytes=461312 total=837727353344
GGML_VK_HOST_COPY #899600 bytes=461312 total=837815878144
GGML_VK_HOST_COPY #899700 bytes=845312 total=837895974400
GGML_VK_HOST_COPY #899800 bytes=422912 total=837972057600
GGML_VK_HOST_COPY #899900 bytes=922112 total=838053056000
GGML_VK_HOST_COPY #900000 bytes=525312 total=838139916800
GGML_VK_HOST_COPY #900100 bytes=1050112 total=838224460800
GGML_VK_HOST_COPY #900200 bytes=1574912 total=838314252288
GGML_VK_HOST_COPY #900300 bytes=1843712 total=838395838976
GGML_VK_HOST_COPY #900400 bytes=525312 total=838474891264
GGML_VK_HOST_COPY #900500 bytes=525312 total=838554187264
GGML_VK_HOST_COPY #900600 bytes=525312 total=838635057664
GGML_VK_HOST_COPY #900700 bytes=1843712 total=838708568064
GGML_VK_HOST_COPY #900800 bytes=422912 total=838774936064
GGML_VK_HOST_COPY #900900 bytes=1267712 total=838849329664
GGML_VK_HOST_COPY #901000 bytes=422912 total=838924990464
GGML_VK_HOST_COPY #901100 bytes=461312 total=839002148864
GGML_VK_HOST_COPY #901200 bytes=525312 total=839089995264
GGML_VK_HOST_COPY #901300 bytes=1050112 total=839188184064
GGML_VK_HOST_COPY #901400 bytes=461312 total=839283185664
GGML_VK_HOST_COPY #901500 bytes=922112 total=839365259264
GGML_VK_HOST_COPY #901600 bytes=525312 total=839462500864
GGML_VK_HOST_COPY #901700 bytes=525312 total=839555441664
GGML_VK_HOST_COPY #901800 bytes=922112 total=839642942464
GGML_VK_HOST_COPY #901900 bytes=461312 total=839725476864
GGML_VK_HOST_COPY #902000 bytes=2099712 total=839818174464
GGML_VK_HOST_COPY #902100 bytes=525312 total=839917937664
GGML_VK_HOST_COPY #902200 bytes=461312 total=840012529664
GGML_VK_HOST_COPY #902300 bytes=461312 total=840101054464
GGML_VK_HOST_COPY #902400 bytes=717312 total=840169201664
GGML_VK_HOST_COPY #902500 bytes=358912 total=840235556352
GGML_VK_HOST_COPY #902600 bytes=461312 total=840311075840
GGML_VK_HOST_COPY #902700 bytes=422912 total=840397065728
GGML_VK_HOST_COPY #902800 bytes=422912 total=840486243328
GGML_VK_HOST_COPY #902900 bytes=422912 total=840572041216
GGML_VK_HOST_COPY #903000 bytes=1382912 total=840667861504
GGML_VK_HOST_COPY #903100 bytes=422912 total=840764411392
GGML_VK_HOST_COPY #903200 bytes=422912 total=840836692992
GGML_VK_HOST_COPY #903300 bytes=845312 total=840906440192
GGML_VK_HOST_COPY #903400 bytes=922112 total=840987860992
GGML_VK_HOST_COPY #903500 bytes=1267712 total=841072660992
GGML_VK_HOST_COPY #903600 bytes=422912 total=841179579392
GGML_VK_HOST_COPY #903700 bytes=422912 total=841283540480
GGML_VK_HOST_COPY #903800 bytes=1382912 total=841395795968
GGML_VK_HOST_COPY #903900 bytes=2099712 total=841506413056
GGML_VK_HOST_COPY #904000 bytes=1050112 total=841641337344
GGML_VK_HOST_COPY #904100 bytes=461312 total=841774546432
GGML_VK_HOST_COPY #904200 bytes=922112 total=841890719232
GGML_VK_HOST_COPY #904300 bytes=358912 total=841976427520
GGML_VK_HOST_COPY #904400 bytes=717312 total=842065719808
GGML_VK_HOST_COPY #904500 bytes=461312 total=842163357696
GGML_VK_HOST_COPY #904600 bytes=1267712 total=842285481984
GGML_VK_HOST_COPY #904700 bytes=845312 total=842389021184
GGML_VK_HOST_COPY #904800 bytes=2534912 total=842500163072
GGML_VK_HOST_COPY #904900 bytes=922112 total=842615759360
GGML_VK_HOST_COPY #905000 bytes=525312 total=842738357248
GGML_VK_HOST_COPY #905100 bytes=1050112 total=842914216448
GGML_VK_HOST_COPY #905200 bytes=461312 total=843088898048
GGML_SCHED_UPLOAD_STATS layers=48 copies=6081 bytes=5769065984 branch_ms=54.59 id_ms=49.35 wait_ms=1108.70
7.12.481.212 I slot print_timing: id  0 | task 8 | prompt processing, n_tokens =  69632, progress = 0.54, t = 348.60 s / 199.75 tokens per second
GGML_VK_HOST_COPY #905300 bytes=1050112 total=843243542016
GGML_VK_HOST_COPY #905400 bytes=2624512 total=843341206016
GGML_VK_HOST_COPY #905500 bytes=1050112 total=843432047104
GGML_VK_HOST_COPY #905600 bytes=461312 total=843521659392
GGML_VK_HOST_COPY #905700 bytes=461312 total=843607880192
GGML_VK_HOST_COPY #905800 bytes=422912 total=843687362048
GGML_VK_HOST_COPY #905900 bytes=422912 total=843765557248
GGML_VK_HOST_COPY #906000 bytes=461312 total=843845058048
GGML_VK_HOST_COPY #906100 bytes=525312 total=843932597248
GGML_VK_HOST_COPY #906200 bytes=2099712 total=844021864448
GGML_VK_HOST_COPY #906300 bytes=525312 total=844108507136
GGML_VK_HOST_COPY #906400 bytes=922112 total=844189223424
GGML_VK_HOST_COPY #906500 bytes=525312 total=844268096512
GGML_VK_HOST_COPY #906600 bytes=525312 total=844347392512
GGML_VK_HOST_COPY #906700 bytes=1050112 total=844430362112
GGML_VK_HOST_COPY #906800 bytes=922112 total=844501030912
GGML_VK_HOST_COPY #906900 bytes=422912 total=844574349312
GGML_VK_HOST_COPY #907000 bytes=1267712 total=844644518912
GGML_VK_HOST_COPY #907100 bytes=422912 total=844717645312
GGML_VK_HOST_COPY #907200 bytes=461312 total=844798912512
GGML_VK_HOST_COPY #907300 bytes=525312 total=844886886912
GGML_VK_HOST_COPY #907400 bytes=525312 total=844981926912
GGML_VK_HOST_COPY #907500 bytes=461312 total=845077389312
GGML_VK_HOST_COPY #907600 bytes=525312 total=845161856512
GGML_VK_HOST_COPY #907700 bytes=525312 total=845261619712
GGML_VK_HOST_COPY #907800 bytes=1050112 total=845351411712
GGML_VK_HOST_COPY #907900 bytes=922112 total=845438861312
GGML_VK_HOST_COPY #908000 bytes=1574912 total=845519693312
GGML_VK_HOST_COPY #908100 bytes=1574912 total=845617882112
GGML_VK_HOST_COPY #908200 bytes=525312 total=845715546112
GGML_VK_HOST_COPY #908300 bytes=461312 total=845806016512
GGML_VK_HOST_COPY #908400 bytes=358912 total=845893466112
GGML_VK_HOST_COPY #908500 bytes=358912 total=845964121600
GGML_VK_HOST_COPY #908600 bytes=358912 total=846031193600
GGML_VK_HOST_COPY #908700 bytes=1843712 total=846114137088
GGML_VK_HOST_COPY #908800 bytes=1267712 total=846206386176
GGML_VK_HOST_COPY #908900 bytes=422912 total=846290916864
GGML_VK_HOST_COPY #909000 bytes=422912 total=846377982464
GGML_VK_HOST_COPY #909100 bytes=461312 total=846467927552
GGML_VK_HOST_COPY #909200 bytes=1690112 total=846559677440
GGML_VK_HOST_COPY #909300 bytes=845312 total=846637450240
GGML_VK_HOST_COPY #909400 bytes=422912 total=846711843840
GGML_VK_HOST_COPY #909500 bytes=2765312 total=846790538240
GGML_VK_HOST_COPY #909600 bytes=422912 total=846879408640
GGML_VK_HOST_COPY #909700 bytes=845312 total=846985481728
GGML_VK_HOST_COPY #909800 bytes=922112 total=847090057216
GGML_VK_HOST_COPY #909900 bytes=461312 total=847200700416
GGML_VK_HOST_COPY #910000 bytes=525312 total=847317845504
GGML_VK_HOST_COPY #910100 bytes=1050112 total=847453819392
GGML_VK_HOST_COPY #910200 bytes=1382912 total=847590074880
GGML_VK_HOST_COPY #910300 bytes=717312 total=847708499968
GGML_VK_HOST_COPY #910400 bytes=358912 total=847802451968
GGML_VK_HOST_COPY #910500 bytes=717312 total=847888519168
GGML_VK_HOST_COPY #910600 bytes=922112 total=847997063168
GGML_VK_HOST_COPY #910700 bytes=845312 total=848120800768
GGML_VK_HOST_COPY #910800 bytes=1690112 total=848236167168
GGML_VK_HOST_COPY #910900 bytes=922112 total=848357869568
GGML_VK_HOST_COPY #911000 bytes=922112 total=848471277568
GGML_VK_HOST_COPY #911100 bytes=525312 total=848626080768
GGML_VK_HOST_COPY #911200 bytes=525312 total=848782522368
GGML_VK_HOST_COPY #911300 bytes=461312 total=848932333568
GGML_SCHED_UPLOAD_STATS layers=48 copies=6057 bytes=5774867968 branch_ms=54.46 id_ms=49.35 wait_ms=1112.94
GGML_VK_HOST_COPY #911400 bytes=1574912 total=849068276736
GGML_VK_HOST_COPY #911500 bytes=1050112 total=849161741824
GGML_VK_HOST_COPY #911600 bytes=525312 total=849260455424
GGML_VK_HOST_COPY #911700 bytes=1382912 total=849342054912
GGML_VK_HOST_COPY #911800 bytes=422912 total=849426221568
GGML_VK_HOST_COPY #911900 bytes=422912 total=849504839168
GGML_VK_HOST_COPY #912000 bytes=1690112 total=849583034368
GGML_VK_HOST_COPY #912100 bytes=461312 total=849668679168
GGML_VK_HOST_COPY #912200 bytes=1050112 total=849754183168
GGML_VK_HOST_COPY #912300 bytes=1574912 total=849841350656
GGML_VK_HOST_COPY #912400 bytes=461312 total=849929849344
GGML_VK_HOST_COPY #912500 bytes=461312 total=850004550144
GGML_VK_HOST_COPY #912600 bytes=525312 total=850090207232
GGML_VK_HOST_COPY #912700 bytes=525312 total=850167928832
GGML_VK_HOST_COPY #912800 bytes=922112 total=850243960832
GGML_VK_HOST_COPY #912900 bytes=461312 total=850315896832
GGML_VK_HOST_COPY #913000 bytes=422912 total=850383378432
GGML_VK_HOST_COPY #913100 bytes=422912 total=850460306432
GGML_VK_HOST_COPY #913200 bytes=922112 total=850541381632
GGML_VK_HOST_COPY #913300 bytes=525312 total=850618680832
GGML_VK_HOST_COPY #913400 bytes=525312 total=850711096832
GGML_VK_HOST_COPY #913500 bytes=525312 total=850808760832
GGML_VK_HOST_COPY #913600 bytes=922112 total=850893304832
GGML_VK_HOST_COPY #913700 bytes=525312 total=850988101632
GGML_VK_HOST_COPY #913800 bytes=525312 total=851075794432
GGML_VK_HOST_COPY #913900 bytes=525312 total=851174508032
GGML_VK_HOST_COPY #914000 bytes=1843712 total=851257541632
GGML_VK_HOST_COPY #914100 bytes=525312 total=851336492032
GGML_VK_HOST_COPY #914200 bytes=1050112 total=851439928832
GGML_VK_HOST_COPY #914300 bytes=525312 total=851540216832
GGML_VK_HOST_COPY #914400 bytes=2765312 total=851626412032
GGML_VK_HOST_COPY #914500 bytes=358912 total=851702136832
GGML_VK_HOST_COPY #914600 bytes=717312 total=851768849920
GGML_VK_HOST_COPY #914700 bytes=922112 total=851837559808
GGML_VK_HOST_COPY #914800 bytes=461312 total=851924241408
GGML_VK_HOST_COPY #914900 bytes=422912 total=852008772096
GGML_VK_HOST_COPY #915000 bytes=422912 total=852100905984
GGML_VK_HOST_COPY #915100 bytes=4147712 total=852191503872
GGML_VK_HOST_COPY #915200 bytes=461312 total=852286479872
GGML_VK_HOST_COPY #915300 bytes=422912 total=852362831360
GGML_VK_HOST_COPY #915400 bytes=845312 total=852439336960
GGML_VK_HOST_COPY #915500 bytes=922112 total=852516111360
GGML_VK_HOST_COPY #915600 bytes=461312 total=852594037760
GGML_VK_HOST_COPY #915700 bytes=845312 total=852701071360
GGML_VK_HOST_COPY #915800 bytes=1690112 total=852803765248
GGML_VK_HOST_COPY #915900 bytes=461312 total=852908916736
GGML_VK_HOST_COPY #916000 bytes=2099712 total=853027917824
GGML_VK_HOST_COPY #916100 bytes=525312 total=853160218112
GGML_VK_HOST_COPY #916200 bytes=1050112 total=853289894912
GGML_VK_HOST_COPY #916300 bytes=922112 total=853393139200
GGML_VK_HOST_COPY #916400 bytes=1075712 total=853490418688
GGML_VK_HOST_COPY #916500 bytes=1075712 total=853578277888
GGML_VK_HOST_COPY #916600 bytes=2304512 total=853672332288
GGML_VK_HOST_COPY #916700 bytes=2304512 total=853781132288
GGML_VK_HOST_COPY #916800 bytes=422912 total=853877260288
GGML_VK_HOST_COPY #916900 bytes=422912 total=853979109888
GGML_VK_HOST_COPY #917000 bytes=1382912 total=854086719488
GGML_VK_HOST_COPY #917100 bytes=1382912 total=854191833088
GGML_VK_HOST_COPY #917200 bytes=1574912 total=854361330688
GGML_VK_HOST_COPY #917300 bytes=1050112 total=854516722688
GGML_VK_HOST_COPY #917400 bytes=461312 total=854670271488
GGML_SCHED_UPLOAD_STATS layers=48 copies=6078 bytes=5689656320 branch_ms=53.84 id_ms=48.73 wait_ms=1109.48
GGML_VK_HOST_COPY #917500 bytes=525312 total=854786797056
GGML_VK_HOST_COPY #917600 bytes=525312 total=854880262144
GGML_VK_HOST_COPY #917700 bytes=1050112 total=854978450944
GGML_VK_HOST_COPY #917800 bytes=1382912 total=855058335232
GGML_VK_HOST_COPY #917900 bytes=422912 total=855141157888
GGML_VK_HOST_COPY #918000 bytes=422912 total=855220197888
GGML_VK_HOST_COPY #918100 bytes=461312 total=855300121088
GGML_VK_HOST_COPY #918200 bytes=922112 total=855383577088
GGML_VK_HOST_COPY #918300 bytes=1574912 total=855471653888
GGML_VK_HOST_COPY #918400 bytes=525312 total=855557771776
GGML_VK_HOST_COPY #918500 bytes=461312 total=855643825664
GGML_VK_HOST_COPY #918600 bytes=460800 total=855723133952
GGML_VK_HOST_COPY #918700 bytes=2099712 total=855806103552
GGML_VK_HOST_COPY #918800 bytes=525312 total=855884349952
GGML_VK_HOST_COPY #918900 bytes=461312 total=855956554752
GGML_VK_HOST_COPY #919000 bytes=461312 total=856026647552
GGML_VK_HOST_COPY #919100 bytes=422912 total=856100004352
GGML_VK_HOST_COPY #919200 bytes=845312 total=856172285952
GGML_VK_HOST_COPY #919300 bytes=461312 total=856251748352
GGML_VK_HOST_COPY #919400 bytes=2624512 total=856337994752
GGML_VK_HOST_COPY #919500 bytes=525312 total=856432509952
GGML_VK_HOST_COPY #919600 bytes=525312 total=856525975552
GGML_VK_HOST_COPY #919700 bytes=461312 total=856614065152
GGML_VK_HOST_COPY #919800 bytes=1050112 total=856707812352
GGML_VK_HOST_COPY #919900 bytes=2099712 total=856798129152
GGML_VK_HOST_COPY #920000 bytes=461312 total=856889572352
GGML_VK_HOST_COPY #920100 bytes=461312 total=856973949952
GGML_VK_HOST_COPY #920200 bytes=1574912 total=857061322752
GGML_VK_HOST_COPY #920300 bytes=525312 total=857158986752
GGML_VK_HOST_COPY #920400 bytes=461312 total=857266199552
GGML_VK_HOST_COPY #920500 bytes=461312 total=857351959552
GGML_VK_HOST_COPY #920600 bytes=358912 total=857425892352
GGML_VK_HOST_COPY #920700 bytes=1075712 total=857496189440
GGML_VK_HOST_COPY #920800 bytes=461312 total=857573859328
GGML_VK_HOST_COPY #920900 bytes=422912 total=857665225216
GGML_VK_HOST_COPY #921000 bytes=1267712 total=857748489216
GGML_VK_HOST_COPY #921100 bytes=422912 total=857835554304
GGML_VK_HOST_COPY #921200 bytes=1382912 total=857926958592
GGML_VK_HOST_COPY #921300 bytes=461312 total=858020552192
GGML_VK_HOST_COPY #921400 bytes=422912 total=858093025280
GGML_VK_HOST_COPY #921500 bytes=422912 total=858171220480
GGML_VK_HOST_COPY #921600 bytes=922112 total=858249722880
GGML_VK_HOST_COPY #921700 bytes=461312 total=858330874880
GGML_VK_HOST_COPY #921800 bytes=422912 total=858436986880
GGML_VK_HOST_COPY #921900 bytes=1267712 total=858545594368
GGML_VK_HOST_COPY #922000 bytes=2304512 total=858654739456
GGML_VK_HOST_COPY #922100 bytes=525312 total=858777823744
GGML_VK_HOST_COPY #922200 bytes=1050112 total=858921669632
GGML_VK_HOST_COPY #922300 bytes=2624000 total=859062366720
GGML_VK_HOST_COPY #922400 bytes=1382912 total=859174853120
GGML_VK_HOST_COPY #922500 bytes=717312 total=859269879808
GGML_VK_HOST_COPY #922600 bytes=1075712 total=859355230208
GGML_VK_HOST_COPY #922700 bytes=2304512 total=859454404608
GGML_VK_HOST_COPY #922800 bytes=1382912 total=859566891008
GGML_VK_HOST_COPY #922900 bytes=422912 total=859672926208
GGML_VK_HOST_COPY #923000 bytes=1690112 total=859776887808
GGML_VK_HOST_COPY #923100 bytes=461312 total=859882539008
GGML_VK_HOST_COPY #923200 bytes=525312 total=859994219008
GGML_VK_HOST_COPY #923300 bytes=1574912 total=860167454208
GGML_VK_HOST_COPY #923400 bytes=1574912 total=860329143808
GGML_VK_HOST_COPY #923500 bytes=1382912 total=860482731008
GGML_SCHED_UPLOAD_STATS layers=48 copies=6087 bytes=5792752128 branch_ms=54.55 id_ms=49.32 wait_ms=1118.30
GGML_VK_HOST_COPY #923600 bytes=2099712 total=860599486976
GGML_VK_HOST_COPY #923700 bytes=1050112 total=860694526464
GGML_VK_HOST_COPY #923800 bytes=1843712 total=860788721152
GGML_VK_HOST_COPY #923900 bytes=461312 total=860872637952
GGML_VK_HOST_COPY #924000 bytes=422912 total=860954539008
GGML_VK_HOST_COPY #924100 bytes=422912 total=861031044608
GGML_VK_HOST_COPY #924200 bytes=1843712 total=861113963008
GGML_VK_HOST_COPY #924300 bytes=1382912 total=861197879808
GGML_VK_HOST_COPY #924400 bytes=525312 total=861284868608
GGML_VK_HOST_COPY #924500 bytes=1050112 total=861372560896
GGML_VK_HOST_COPY #924600 bytes=922112 total=861455363584
GGML_VK_HOST_COPY #924700 bytes=525312 total=861535299072
GGML_VK_HOST_COPY #924800 bytes=525312 total=861618793472
GGML_VK_HOST_COPY #924900 bytes=1050112 total=861700713472
GGML_VK_HOST_COPY #925000 bytes=461312 total=861772035072
GGML_VK_HOST_COPY #925100 bytes=845312 total=861842857472
GGML_VK_HOST_COPY #925200 bytes=1267712 total=861917251072
GGML_VK_HOST_COPY #925300 bytes=845312 total=861994179072
GGML_VK_HOST_COPY #925400 bytes=461312 total=862071299072
GGML_VK_HOST_COPY #925500 bytes=525312 total=862158684672
GGML_VK_HOST_COPY #925600 bytes=1050112 total=862254774272
GGML_VK_HOST_COPY #925700 bytes=461312 total=862349699072
GGML_VK_HOST_COPY #925800 bytes=461312 total=862432694272
GGML_VK_HOST_COPY #925900 bytes=1574912 total=862529551872
GGML_VK_HOST_COPY #926000 bytes=1050112 total=862624591872
GGML_VK_HOST_COPY #926100 bytes=461312 total=862710300672
GGML_VK_HOST_COPY #926200 bytes=461312 total=862798364672
GGML_VK_HOST_COPY #926300 bytes=1050112 total=862893955072
GGML_VK_HOST_COPY #926400 bytes=525312 total=862998441472
GGML_VK_HOST_COPY #926500 bytes=461312 total=863096015872
GGML_VK_HOST_COPY #926600 bytes=358912 total=863186179072
GGML_VK_HOST_COPY #926700 bytes=717312 total=863252175872
GGML_VK_HOST_COPY #926800 bytes=358912 total=863317813760
GGML_VK_HOST_COPY #926900 bytes=461312 total=863395074048
GGML_VK_HOST_COPY #927000 bytes=422912 total=863485979136
GGML_VK_HOST_COPY #927100 bytes=1267712 total=863570932736
GGML_VK_HOST_COPY #927200 bytes=422912 total=863658420224
GGML_VK_HOST_COPY #927300 bytes=1843712 total=863757696512
GGML_VK_HOST_COPY #927400 bytes=422912 total=863852748800
GGML_VK_HOST_COPY #927500 bytes=845312 total=863928409600
GGML_VK_HOST_COPY #927600 bytes=845312 total=864007449600
GGML_VK_HOST_COPY #927700 bytes=461312 total=864086220800
GGML_VK_HOST_COPY #927800 bytes=845312 total=864181388800
GGML_VK_HOST_COPY #927900 bytes=2534912 total=864292953088
GGML_VK_HOST_COPY #928000 bytes=922112 total=864403480576
GGML_VK_HOST_COPY #928100 bytes=922112 total=864524261376
GGML_VK_HOST_COPY #928200 bytes=525312 total=864632472064
GGML_VK_HOST_COPY #928300 bytes=2099712 total=864760573952
GGML_VK_HOST_COPY #928400 bytes=461312 total=864885245440
GGML_VK_HOST_COPY #928500 bytes=1075712 total=865004080128
GGML_VK_HOST_COPY #928600 bytes=1434112 total=865091222528
GGML_VK_HOST_COPY #928700 bytes=717312 total=865173346816
GGML_VK_HOST_COPY #928800 bytes=922112 total=865272879104
GGML_VK_HOST_COPY #928900 bytes=845312 total=865393160192
GGML_VK_HOST_COPY #929000 bytes=3379712 total=865503457792
GGML_VK_HOST_COPY #929100 bytes=422912 total=865609531392
GGML_VK_HOST_COPY #929200 bytes=1382912 total=865719828992
GGML_VK_HOST_COPY #929300 bytes=1050112 total=865860001792
GGML_VK_HOST_COPY #929400 bytes=4723712 total=866024840192
GGML_VK_HOST_COPY #929500 bytes=922112 total=866178196992
GGML_SCHED_UPLOAD_STATS layers=48 copies=6057 bytes=5767493632 branch_ms=54.53 id_ms=49.36 wait_ms=1116.38
7.25.661.946 I slot print_timing: id  0 | task 8 | prompt processing, n_tokens =  71680, progress = 0.56, t = 361.78 s / 198.13 tokens per second
GGML_VK_HOST_COPY #929600 bytes=1050112 total=866319708160
GGML_VK_HOST_COPY #929700 bytes=1050112 total=866421570560
GGML_VK_HOST_COPY #929800 bytes=525312 total=866511362048
GGML_VK_HOST_COPY #929900 bytes=461312 total=866600820736
GGML_VK_HOST_COPY #930000 bytes=422912 total=866686868992
GGML_VK_HOST_COPY #930100 bytes=845312 total=866762952192
GGML_VK_HOST_COPY #930200 bytes=422912 total=866844526592
GGML_VK_HOST_COPY #930300 bytes=461312 total=866925140992
GGML_VK_HOST_COPY #930400 bytes=1574912 total=867010862592
GGML_VK_HOST_COPY #930500 bytes=525312 total=867100129280
GGML_VK_HOST_COPY #930600 bytes=525312 total=867185722880
GGML_VK_HOST_COPY #930700 bytes=461312 total=867267130368
GGML_VK_HOST_COPY #930800 bytes=525312 total=867351021056
GGML_VK_HOST_COPY #930900 bytes=525312 total=867426118656
GGML_VK_HOST_COPY #931000 bytes=525312 total=867506989056
GGML_VK_HOST_COPY #931100 bytes=461312 total=867580320256
GGML_VK_HOST_COPY #931200 bytes=422912 total=867648915456
GGML_VK_HOST_COPY #931300 bytes=422912 total=867726265856
GGML_VK_HOST_COPY #931400 bytes=461312 total=867799277056
GGML_VK_HOST_COPY #931500 bytes=461312 total=867880429056
GGML_VK_HOST_COPY #931600 bytes=1574912 total=867975840256
GGML_VK_HOST_COPY #931700 bytes=525312 total=868067731456
GGML_VK_HOST_COPY #931800 bytes=461312 total=868159161856
GGML_VK_HOST_COPY #931900 bytes=525312 total=868246483456
GGML_VK_HOST_COPY #932000 bytes=525312 total=868342048256
GGML_VK_HOST_COPY #932100 bytes=525312 total=868436038656
GGML_VK_HOST_COPY #932200 bytes=461312 total=868523987456
GGML_VK_HOST_COPY #932300 bytes=525312 total=868600582656
GGML_VK_HOST_COPY #932400 bytes=525312 total=868701920256
GGML_VK_HOST_COPY #932500 bytes=525312 total=868798009856
GGML_VK_HOST_COPY #932600 bytes=1843712 total=868885817856
GGML_VK_HOST_COPY #932700 bytes=358912 total=868965587456
GGML_VK_HOST_COPY #932800 bytes=717312 total=869034092544
GGML_VK_HOST_COPY #932900 bytes=717312 total=869100089344
GGML_VK_HOST_COPY #933000 bytes=3686912 total=869180780032
GGML_VK_HOST_COPY #933100 bytes=422912 total=869268613120
GGML_VK_HOST_COPY #933200 bytes=1267712 total=869355255808
GGML_VK_HOST_COPY #933300 bytes=422912 total=869437252608
GGML_VK_HOST_COPY #933400 bytes=461312 total=869530500096
GGML_VK_HOST_COPY #933500 bytes=845312 total=869613187584
GGML_VK_HOST_COPY #933600 bytes=422912 total=869689693184
GGML_VK_HOST_COPY #933700 bytes=422912 total=869764509184
GGML_VK_HOST_COPY #933800 bytes=1843712 total=869843510784
GGML_VK_HOST_COPY #933900 bytes=1267712 total=869937104384
GGML_VK_HOST_COPY #934000 bytes=1267712 total=870049513472
GGML_VK_HOST_COPY #934100 bytes=461312 total=870163765760
GGML_VK_HOST_COPY #934200 bytes=1050112 total=870287298048
GGML_VK_HOST_COPY #934300 bytes=1050112 total=870408578048
GGML_VK_HOST_COPY #934400 bytes=1574912 total=870528283136
GGML_VK_HOST_COPY #934500 bytes=922112 total=870643943424
GGML_VK_HOST_COPY #934600 bytes=358912 total=870762112512
GGML_VK_HOST_COPY #934700 bytes=358912 total=870849613312
GGML_VK_HOST_COPY #934800 bytes=3942912 total=870937472512
GGML_VK_HOST_COPY #934900 bytes=461312 total=871040384512
GGML_VK_HOST_COPY #935000 bytes=1690112 total=871156634112
GGML_VK_HOST_COPY #935100 bytes=845312 total=871263552512
GGML_VK_HOST_COPY #935200 bytes=2112512 total=871367091712
GGML_VK_HOST_COPY #935300 bytes=461312 total=871481805312
GGML_VK_HOST_COPY #935400 bytes=2624512 total=871609331712
GGML_VK_HOST_COPY #935500 bytes=3674112 total=871763149312
GGML_VK_HOST_COPY #935600 bytes=1382912 total=871918771712
GGML_SCHED_UPLOAD_STATS layers=48 copies=6108 bytes=5739770880 branch_ms=54.84 id_ms=49.52 wait_ms=1113.21
GGML_VK_HOST_COPY #935700 bytes=1050112 total=872063137280
GGML_VK_HOST_COPY #935800 bytes=2624512 total=872162375680
GGML_VK_HOST_COPY #935900 bytes=525312 total=872251117568
GGML_VK_HOST_COPY #936000 bytes=922112 total=872341395456
GGML_VK_HOST_COPY #936100 bytes=461312 total=872426233856
GGML_VK_HOST_COPY #936200 bytes=422912 total=872505600512
GGML_VK_HOST_COPY #936300 bytes=1690112 total=872586330112
GGML_VK_HOST_COPY #936400 bytes=2304512 total=872665715712
GGML_VK_HOST_COPY #936500 bytes=1050112 total=872752192512
GGML_VK_HOST_COPY #936600 bytes=525312 total=872842509312
GGML_VK_HOST_COPY #936700 bytes=1050112 total=872928102400
GGML_VK_HOST_COPY #936800 bytes=922112 total=873008037888
GGML_VK_HOST_COPY #936900 bytes=1050112 total=873087691776
GGML_VK_HOST_COPY #937000 bytes=525312 total=873166987776
GGML_VK_HOST_COPY #937100 bytes=525312 total=873249432576
GGML_VK_HOST_COPY #937200 bytes=922112 total=873320306176
GGML_VK_HOST_COPY #937300 bytes=422912 total=873392587776
GGML_VK_HOST_COPY #937400 bytes=1267712 total=873464446976
GGML_VK_HOST_COPY #937500 bytes=422912 total=873537150976
GGML_VK_HOST_COPY #937600 bytes=922112 total=873618725376
GGML_VK_HOST_COPY #937700 bytes=1574912 total=873707800576
GGML_VK_HOST_COPY #937800 bytes=1050112 total=873802840576
GGML_VK_HOST_COPY #937900 bytes=1382912 total=873897330176
GGML_VK_HOST_COPY #938000 bytes=525312 total=873981656576
GGML_VK_HOST_COPY #938100 bytes=525312 total=874081419776
GGML_VK_HOST_COPY #938200 bytes=1050112 total=874172786176
GGML_VK_HOST_COPY #938300 bytes=1382912 total=874261490176
GGML_VK_HOST_COPY #938400 bytes=525312 total=874339301376
GGML_VK_HOST_COPY #938500 bytes=525312 total=874436965376
GGML_VK_HOST_COPY #938600 bytes=1050112 total=874531480576
GGML_VK_HOST_COPY #938700 bytes=922112 total=874624523776
GGML_VK_HOST_COPY #938800 bytes=717312 total=874705675776
GGML_VK_HOST_COPY #938900 bytes=358912 total=874775972864
GGML_VK_HOST_COPY #939000 bytes=717312 total=874840177664
GGML_VK_HOST_COPY #939100 bytes=461312 total=874919485952
GGML_VK_HOST_COPY #939200 bytes=422912 total=875012963840
GGML_VK_HOST_COPY #939300 bytes=845312 total=875100451328
GGML_VK_HOST_COPY #939400 bytes=422912 total=875186672128
GGML_VK_HOST_COPY #939500 bytes=1382912 total=875282031616
GGML_VK_HOST_COPY #939600 bytes=845312 total=875370248704
GGML_VK_HOST_COPY #939700 bytes=422912 total=875449288704
GGML_VK_HOST_COPY #939800 bytes=922112 total=875526331904
GGML_VK_HOST_COPY #939900 bytes=922112 total=875609327104
GGML_VK_HOST_COPY #940000 bytes=422912 total=875715285504
GGML_VK_HOST_COPY #940100 bytes=422912 total=875815867392
GGML_VK_HOST_COPY #940200 bytes=1382912 total=875935495680
GGML_VK_HOST_COPY #940300 bytes=1050112 total=876057351168
GGML_VK_HOST_COPY #940400 bytes=2099712 total=876191226368
GGML_VK_HOST_COPY #940500 bytes=2099712 total=876313030656
GGML_VK_HOST_COPY #940600 bytes=2765312 total=876433516544
GGML_VK_HOST_COPY #940700 bytes=717312 total=876536786432
GGML_VK_HOST_COPY #940800 bytes=1075712 total=876627154432
GGML_VK_HOST_COPY #940900 bytes=358912 total=876712504832
GGML_VK_HOST_COPY #941000 bytes=1843712 total=876813266432
GGML_VK_HOST_COPY #941100 bytes=845312 total=876926328832
GGML_VK_HOST_COPY #941200 bytes=422912 total=877033247232
GGML_VK_HOST_COPY #941300 bytes=922112 total=877149420032
GGML_VK_HOST_COPY #941400 bytes=1382912 total=877265592832
GGML_VK_HOST_COPY #941500 bytes=525312 total=877410975232
GGML_VK_HOST_COPY #941600 bytes=2624512 total=877573189632
GGML_VK_HOST_COPY #941700 bytes=1382912 total=877723474432
GGML_SCHED_UPLOAD_STATS layers=48 copies=6054 bytes=5746732032 branch_ms=54.62 id_ms=49.46 wait_ms=1125.99
GGML_VK_HOST_COPY #941800 bytes=525312 total=877863411200
GGML_VK_HOST_COPY #941900 bytes=525312 total=877953727488
GGML_VK_HOST_COPY #942000 bytes=1574912 total=878055589888
GGML_VK_HOST_COPY #942100 bytes=461312 total=878135038976
GGML_VK_HOST_COPY #942200 bytes=422912 total=878218437632
GGML_VK_HOST_COPY #942300 bytes=422912 total=878299167232
GGML_VK_HOST_COPY #942400 bytes=422912 total=878375250432
GGML_VK_HOST_COPY #942500 bytes=461312 total=878461202432
GGML_VK_HOST_COPY #942600 bytes=1050112 total=878547743232
GGML_VK_HOST_COPY #942700 bytes=525312 total=878634385920
GGML_VK_HOST_COPY #942800 bytes=461312 total=878723294208
GGML_VK_HOST_COPY #942900 bytes=1843712 total=878798916608
GGML_VK_HOST_COPY #943000 bytes=1574912 total=878883767296
GGML_VK_HOST_COPY #943100 bytes=1050112 total=878962538496
GGML_VK_HOST_COPY #943200 bytes=461312 total=879037200896
GGML_VK_HOST_COPY #943300 bytes=461312 total=879109136896
GGML_VK_HOST_COPY #943400 bytes=1267712 total=879179882496
GGML_VK_HOST_COPY #943500 bytes=422912 total=879255120896
GGML_VK_HOST_COPY #943600 bytes=461312 total=879337847296
GGML_VK_HOST_COPY #943700 bytes=525312 total=879422608896
GGML_VK_HOST_COPY #943800 bytes=525312 total=879516599296
GGML_VK_HOST_COPY #943900 bytes=3149312 total=879612164096
GGML_VK_HOST_COPY #944000 bytes=461312 total=879697604096
GGML_VK_HOST_COPY #944100 bytes=525312 total=879792029696
GGML_VK_HOST_COPY #944200 bytes=1050112 total=879882871296
GGML_VK_HOST_COPY #944300 bytes=525312 total=879976336896
GGML_VK_HOST_COPY #944400 bytes=1843712 total=880062096896
GGML_VK_HOST_COPY #944500 bytes=1574912 total=880150788096
GGML_VK_HOST_COPY #944600 bytes=2099712 total=880249501696
GGML_VK_HOST_COPY #944700 bytes=461312 total=880351863296
GGML_VK_HOST_COPY #944800 bytes=461312 total=880440388096
GGML_VK_HOST_COPY #944900 bytes=358912 total=880511556096
GGML_VK_HOST_COPY #945000 bytes=358912 total=880576118784
GGML_VK_HOST_COPY #945100 bytes=922112 total=880649897472
GGML_VK_HOST_COPY #945200 bytes=845312 total=880738575360
GGML_VK_HOST_COPY #945300 bytes=422912 total=880827330560
GGML_VK_HOST_COPY #945400 bytes=2534912 total=880916507648
GGML_VK_HOST_COPY #945500 bytes=1382912 total=881011214336
GGML_VK_HOST_COPY #945600 bytes=422912 total=881105729024
GGML_VK_HOST_COPY #945700 bytes=1267712 total=881180122624
GGML_VK_HOST_COPY #945800 bytes=1267712 total=881254938624
GGML_VK_HOST_COPY #945900 bytes=461312 total=881334439424
GGML_VK_HOST_COPY #946000 bytes=2112512 total=881423693824
GGML_VK_HOST_COPY #946100 bytes=422912 total=881531456512
GGML_VK_HOST_COPY #946200 bytes=422912 total=881636685312
GGML_VK_HOST_COPY #946300 bytes=2765312 total=881758118400
GGML_VK_HOST_COPY #946400 bytes=2099712 total=881861029888
GGML_VK_HOST_COPY #946500 bytes=2099712 total=882002251776
GGML_VK_HOST_COPY #946600 bytes=922112 total=882138942464
GGML_VK_HOST_COPY #946700 bytes=2304000 total=882264330752
GGML_VK_HOST_COPY #946800 bytes=358912 total=882344663552
GGML_VK_HOST_COPY #946900 bytes=358912 total=882430730240
GGML_VK_HOST_COPY #947000 bytes=461312 total=882525756928
GGML_VK_HOST_COPY #947100 bytes=422912 total=882647689216
GGML_VK_HOST_COPY #947200 bytes=3379712 total=882760521216
GGML_VK_HOST_COPY #947300 bytes=1690112 total=882874198016
GGML_VK_HOST_COPY #947400 bytes=1843712 total=882998434816
GGML_VK_HOST_COPY #947500 bytes=525312 total=883135190016
GGML_VK_HOST_COPY #947600 bytes=525312 total=883299503616
GGML_VK_HOST_COPY #947700 bytes=2304512 total=883452988416
GGML_SCHED_UPLOAD_STATS layers=48 copies=6033 bytes=5757292544 branch_ms=54.58 id_ms=49.42 wait_ms=1116.05
GGML_VK_HOST_COPY #947800 bytes=525312 total=883593910784
GGML_VK_HOST_COPY #947900 bytes=1050112 total=883695773184
GGML_VK_HOST_COPY #948000 bytes=2099712 total=883786089472
GGML_VK_HOST_COPY #948100 bytes=1843712 total=883875612160
GGML_VK_HOST_COPY #948200 bytes=422912 total=883961698816
GGML_VK_HOST_COPY #948300 bytes=1267712 total=884037782016
GGML_VK_HOST_COPY #948400 bytes=422912 total=884120201216
GGML_VK_HOST_COPY #948500 bytes=1843712 total=884201238016
GGML_VK_HOST_COPY #948600 bytes=2624512 total=884285321216
GGML_VK_HOST_COPY #948700 bytes=525312 total=884375637504
GGML_VK_HOST_COPY #948800 bytes=1050112 total=884460706304
GGML_VK_HOST_COPY #948900 bytes=461312 total=884541716992
GGML_VK_HOST_COPY #949000 bytes=525312 total=884625018880
GGML_VK_HOST_COPY #949100 bytes=1574912 total=884700641280
GGML_VK_HOST_COPY #949200 bytes=525312 total=884781511680
GGML_VK_HOST_COPY #949300 bytes=461312 total=884854906880
GGML_VK_HOST_COPY #949400 bytes=422912 total=884923962880
GGML_VK_HOST_COPY #949500 bytes=1267712 total=885002158080
GGML_VK_HOST_COPY #949600 bytes=1382912 total=885075706880
GGML_VK_HOST_COPY #949700 bytes=461312 total=885157780480
GGML_VK_HOST_COPY #949800 bytes=1050112 total=885252986880
GGML_VK_HOST_COPY #949900 bytes=525312 total=885344878080
GGML_VK_HOST_COPY #950000 bytes=461312 total=885435002880
GGML_VK_HOST_COPY #950100 bytes=1050112 total=885526318080
GGML_VK_HOST_COPY #950200 bytes=525312 total=885618209280
GGML_VK_HOST_COPY #950300 bytes=525312 total=885711674880
GGML_VK_HOST_COPY #950400 bytes=461312 total=885797396480
GGML_VK_HOST_COPY #950500 bytes=2099712 total=885877857280
GGML_VK_HOST_COPY #950600 bytes=525312 total=885987066880
GGML_VK_HOST_COPY #950700 bytes=2624512 total=886092602880
GGML_VK_HOST_COPY #950800 bytes=461312 total=886185210880
GGML_VK_HOST_COPY #950900 bytes=358912 total=886263802880
GGML_VK_HOST_COPY #951000 bytes=358912 total=886334099968
GGML_VK_HOST_COPY #951100 bytes=922112 total=886406649856
GGML_VK_HOST_COPY #951200 bytes=461312 total=886495635456
GGML_VK_HOST_COPY #951300 bytes=422912 total=886588268544
GGML_VK_HOST_COPY #951400 bytes=422912 total=886676600832
GGML_VK_HOST_COPY #951500 bytes=461312 total=886768734720
GGML_VK_HOST_COPY #951600 bytes=461312 total=886861867520
GGML_VK_HOST_COPY #951700 bytes=1267712 total=886941982208
GGML_VK_HOST_COPY #951800 bytes=845312 total=887017643008
GGML_VK_HOST_COPY #951900 bytes=922112 total=887097566208
GGML_VK_HOST_COPY #952000 bytes=1382912 total=887179179008
GGML_VK_HOST_COPY #952100 bytes=1267712 total=887286097408
GGML_VK_HOST_COPY #952200 bytes=2534912 total=887402308096
GGML_VK_HOST_COPY #952300 bytes=461312 total=887513718784
GGML_VK_HOST_COPY #952400 bytes=1050112 total=887626153472
GGML_VK_HOST_COPY #952500 bytes=1050112 total=887768949760
GGML_VK_HOST_COPY #952600 bytes=461312 total=887908699648
GGML_VK_HOST_COPY #952700 bytes=922112 total=888031323648
GGML_VK_HOST_COPY #952800 bytes=358912 total=888118721536
GGML_VK_HOST_COPY #952900 bytes=358912 total=888204430336
GGML_VK_HOST_COPY #953000 bytes=461312 total=888302683136
GGML_VK_HOST_COPY #953100 bytes=845312 total=888425076736
GGML_VK_HOST_COPY #953200 bytes=422912 total=888534529536
GGML_VK_HOST_COPY #953300 bytes=422912 total=888643559936
GGML_VK_HOST_COPY #953400 bytes=461312 total=888766299136
GGML_VK_HOST_COPY #953500 bytes=525312 total=888889985536
GGML_VK_HOST_COPY #953600 bytes=525312 total=889053249536
GGML_VK_HOST_COPY #953700 bytes=461312 total=889207233536
GGML_VK_HOST_COPY #953800 bytes=1382912 total=889349671936
GGML_SCHED_UPLOAD_STATS layers=48 copies=6021 bytes=5769115136 branch_ms=54.57 id_ms=49.40 wait_ms=1119.40
7.38.961.763 I slot print_timing: id  0 | task 8 | prompt processing, n_tokens =  73728, progress = 0.58, t = 375.08 s / 196.57 tokens per second
GGML_VK_HOST_COPY #953900 bytes=3149312 total=889450696704
GGML_VK_HOST_COPY #954000 bytes=525312 total=889543636992
GGML_VK_HOST_COPY #954100 bytes=922112 total=889632622080
GGML_VK_HOST_COPY #954200 bytes=461312 total=889721607680
GGML_VK_HOST_COPY #954300 bytes=422912 total=889803009536
GGML_VK_HOST_COPY #954400 bytes=1690112 total=889879937536
GGML_VK_HOST_COPY #954500 bytes=461312 total=889960091136
GGML_VK_HOST_COPY #954600 bytes=1050112 total=890047591936
GGML_VK_HOST_COPY #954700 bytes=1050112 total=890132135936
GGML_VK_HOST_COPY #954800 bytes=1574912 total=890221402624
GGML_VK_HOST_COPY #954900 bytes=461312 total=890301952512
GGML_VK_HOST_COPY #955000 bytes=525312 total=890381516800
GGML_VK_HOST_COPY #955100 bytes=525312 total=890461862400
GGML_VK_HOST_COPY #955200 bytes=525312 total=890545881600
GGML_VK_HOST_COPY #955300 bytes=461312 total=890619084800
GGML_VK_HOST_COPY #955400 bytes=845312 total=890689254400
GGML_VK_HOST_COPY #955500 bytes=1267712 total=890764070400
GGML_VK_HOST_COPY #955600 bytes=1690112 total=890839308800
GGML_VK_HOST_COPY #955700 bytes=3226112 total=890921420800
GGML_VK_HOST_COPY #955800 bytes=525312 total=891006464000
GGML_VK_HOST_COPY #955900 bytes=525312 total=891103603200
GGML_VK_HOST_COPY #956000 bytes=922112 total=891197260800
GGML_VK_HOST_COPY #956100 bytes=1574912 total=891282944000
GGML_VK_HOST_COPY #956200 bytes=525312 total=891377984000
GGML_VK_HOST_COPY #956300 bytes=1050112 total=891469350400
GGML_VK_HOST_COPY #956400 bytes=461312 total=891553740800
GGML_VK_HOST_COPY #956500 bytes=1574912 total=891635724800
GGML_VK_HOST_COPY #956600 bytes=525312 total=891736537600
GGML_VK_HOST_COPY #956700 bytes=525312 total=891837875200
GGML_VK_HOST_COPY #956800 bytes=922112 total=891935385600
GGML_VK_HOST_COPY #956900 bytes=358912 total=892018073600
GGML_VK_HOST_COPY #957000 bytes=358912 total=892088370688
GGML_VK_HOST_COPY #957100 bytes=358912 total=892154725888
GGML_VK_HOST_COPY #957200 bytes=461312 total=892234597376
GGML_VK_HOST_COPY #957300 bytes=1690112 total=892324772864
GGML_VK_HOST_COPY #957400 bytes=422912 total=892410148352
GGML_VK_HOST_COPY #957500 bytes=1267712 total=892493412352
GGML_VK_HOST_COPY #957600 bytes=922112 total=892583549440
GGML_VK_HOST_COPY #957700 bytes=422912 total=892677948928
GGML_VK_HOST_COPY #957800 bytes=845312 total=892753609728
GGML_VK_HOST_COPY #957900 bytes=422912 total=892829692928
GGML_VK_HOST_COPY #958000 bytes=461312 total=892906774528
GGML_VK_HOST_COPY #958100 bytes=845312 total=893003094528
GGML_VK_HOST_COPY #958200 bytes=845312 total=893113391616
GGML_VK_HOST_COPY #958300 bytes=461312 total=893222114304
GGML_VK_HOST_COPY #958400 bytes=461312 total=893341973504
GGML_VK_HOST_COPY #958500 bytes=525312 total=893456660992
GGML_VK_HOST_COPY #958600 bytes=525312 total=893581614080
GGML_VK_HOST_COPY #958700 bytes=1382912 total=893709792768
GGML_VK_HOST_COPY #958800 bytes=358912 total=893829856256
GGML_VK_HOST_COPY #958900 bytes=717312 total=893920223744
GGML_VK_HOST_COPY #959000 bytes=1792512 total=894007366144
GGML_VK_HOST_COPY #959100 bytes=922112 total=894114834432
GGML_VK_HOST_COPY #959200 bytes=1690112 total=894233080320
GGML_VK_HOST_COPY #959300 bytes=422912 total=894336619520
GGML_VK_HOST_COPY #959400 bytes=461312 total=894438929920
GGML_VK_HOST_COPY #959500 bytes=2304512 total=894548190720
GGML_VK_HOST_COPY #959600 bytes=1050112 total=894687480320
GGML_VK_HOST_COPY #959700 bytes=1050112 total=894842872320
GGML_VK_HOST_COPY #959800 bytes=2304512 total=894995883520
GGML_SCHED_UPLOAD_STATS layers=48 copies=6063 bytes=5739899904 branch_ms=54.45 id_ms=49.35 wait_ms=1116.75
GGML_VK_HOST_COPY #959900 bytes=525312 total=895137548288
GGML_VK_HOST_COPY #960000 bytes=1050112 total=895235737088
GGML_VK_HOST_COPY #960100 bytes=1574912 total=895326053376
GGML_VK_HOST_COPY #960200 bytes=461312 total=895415742464
GGML_VK_HOST_COPY #960300 bytes=422912 total=895500984320
GGML_VK_HOST_COPY #960400 bytes=422912 total=895577067520
GGML_VK_HOST_COPY #960500 bytes=422912 total=895656952320
GGML_VK_HOST_COPY #960600 bytes=1843712 total=895741829120
GGML_VK_HOST_COPY #960700 bytes=1050112 total=895824760320
GGML_VK_HOST_COPY #960800 bytes=525312 total=895915076608
GGML_VK_HOST_COPY #960900 bytes=1574912 total=896001719808
GGML_VK_HOST_COPY #961000 bytes=461312 total=896080925696
GGML_VK_HOST_COPY #961100 bytes=525312 total=896163408384
GGML_VK_HOST_COPY #961200 bytes=525312 total=896241654784
GGML_VK_HOST_COPY #961300 bytes=2624512 total=896325673984
GGML_VK_HOST_COPY #961400 bytes=461312 total=896399568384
GGML_VK_HOST_COPY #961500 bytes=422912 total=896467779584
GGML_VK_HOST_COPY #961600 bytes=845312 total=896547241984
GGML_VK_HOST_COPY #961700 bytes=461312 total=896626512384
GGML_VK_HOST_COPY #961800 bytes=2099712 total=896705078784
GGML_VK_HOST_COPY #961900 bytes=525312 total=896798544384
GGML_VK_HOST_COPY #962000 bytes=525312 total=896893059584
GGML_VK_HOST_COPY #962100 bytes=1382912 total=896978768384
GGML_VK_HOST_COPY #962200 bytes=1050112 total=897074038784
GGML_VK_HOST_COPY #962300 bytes=525312 total=897161731584
GGML_VK_HOST_COPY #962400 bytes=525312 total=897259395584
GGML_VK_HOST_COPY #962500 bytes=461312 total=897342032384
GGML_VK_HOST_COPY #962600 bytes=1574912 total=897423734784
GGML_VK_HOST_COPY #962700 bytes=1050112 total=897526121984
GGML_VK_HOST_COPY #962800 bytes=922112 total=897630288384
GGML_VK_HOST_COPY #962900 bytes=461312 total=897715126784
GGML_VK_HOST_COPY #963000 bytes=1075712 total=897786192384
GGML_VK_HOST_COPY #963100 bytes=358912 total=897854339072
GGML_VK_HOST_COPY #963200 bytes=1382912 total=897923356160
GGML_VK_HOST_COPY #963300 bytes=461312 total=898006812160
GGML_VK_HOST_COPY #963400 bytes=845312 total=898093877248
GGML_VK_HOST_COPY #963500 bytes=845312 total=898184321536
GGML_VK_HOST_COPY #963600 bytes=461312 total=898275994624
GGML_VK_HOST_COPY #963700 bytes=1382912 total=898376039424
GGML_VK_HOST_COPY #963800 bytes=845312 total=898452966912
GGML_VK_HOST_COPY #963900 bytes=422912 total=898523136512
GGML_VK_HOST_COPY #964000 bytes=461312 total=898604134912
GGML_VK_HOST_COPY #964100 bytes=845312 total=898685824512
GGML_VK_HOST_COPY #964200 bytes=422912 total=898784294912
GGML_VK_HOST_COPY #964300 bytes=1267712 total=898892057600
GGML_VK_HOST_COPY #964400 bytes=461312 total=899003161088
GGML_VK_HOST_COPY #964500 bytes=525312 total=899114136576
GGML_VK_HOST_COPY #964600 bytes=2624512 total=899252209664
GGML_VK_HOST_COPY #964700 bytes=525312 total=899390808064
GGML_VK_HOST_COPY #964800 bytes=922112 total=899502231552
GGML_VK_HOST_COPY #964900 bytes=1434112 total=899590653440
GGML_VK_HOST_COPY #965000 bytes=717312 total=899674569728
GGML_VK_HOST_COPY #965100 bytes=3226112 total=899769750016
GGML_VK_HOST_COPY #965200 bytes=1843712 total=899878089216
GGML_VK_HOST_COPY #965300 bytes=845312 total=899979400704
GGML_VK_HOST_COPY #965400 bytes=2112512 total=900094344704
GGML_VK_HOST_COPY #965500 bytes=461312 total=900207023104
GGML_VK_HOST_COPY #965600 bytes=1050112 total=900326613504
GGML_VK_HOST_COPY #965700 bytes=2099712 total=900486203904
GGML_VK_HOST_COPY #965800 bytes=1050112 total=900627951104
GGML_VK_HOST_COPY #965900 bytes=922112 total=900771503104
GGML_SCHED_UPLOAD_STATS layers=48 copies=6060 bytes=5709357568 branch_ms=54.43 id_ms=49.30 wait_ms=1116.77
GGML_VK_HOST_COPY #966000 bytes=525312 total=900893622272
GGML_VK_HOST_COPY #966100 bytes=525312 total=900987087360
GGML_VK_HOST_COPY #966200 bytes=525312 total=901085276160
GGML_VK_HOST_COPY #966300 bytes=922112 total=901165557248
GGML_VK_HOST_COPY #966400 bytes=422912 total=901248303104
GGML_VK_HOST_COPY #966500 bytes=1267712 total=901328610304
GGML_VK_HOST_COPY #966600 bytes=461312 total=901407727104
GGML_VK_HOST_COPY #966700 bytes=461312 total=901491643904
GGML_VK_HOST_COPY #966800 bytes=525312 total=901579784704
GGML_VK_HOST_COPY #966900 bytes=525312 total=901665902592
GGML_VK_HOST_COPY #967000 bytes=461312 total=901751892480
GGML_VK_HOST_COPY #967100 bytes=1050112 total=901831789568
GGML_VK_HOST_COPY #967200 bytes=525312 total=901916858368
GGML_VK_HOST_COPY #967300 bytes=2099712 total=901995629568
GGML_VK_HOST_COPY #967400 bytes=461312 total=902069946368
GGML_VK_HOST_COPY #967500 bytes=461312 total=902143264768
GGML_VK_HOST_COPY #967600 bytes=845312 total=902216544768
GGML_VK_HOST_COPY #967700 bytes=2957312 total=902293472768
GGML_VK_HOST_COPY #967800 bytes=461312 total=902370746368
GGML_VK_HOST_COPY #967900 bytes=1050112 total=902458861568
GGML_VK_HOST_COPY #968000 bytes=525312 total=902552851968
GGML_VK_HOST_COPY #968100 bytes=461312 total=902646714368
GGML_VK_HOST_COPY #968200 bytes=461312 total=902726944768
GGML_VK_HOST_COPY #968300 bytes=1050112 total=902821920768
GGML_VK_HOST_COPY #968400 bytes=1574912 total=902913287168
GGML_VK_HOST_COPY #968500 bytes=1382912 total=903001939968
GGML_VK_HOST_COPY #968600 bytes=461312 total=903087699968
GGML_VK_HOST_COPY #968700 bytes=2099712 total=903174637568
GGML_VK_HOST_COPY #968800 bytes=525312 total=903267053568
GGML_VK_HOST_COPY #968900 bytes=461312 total=903365178368
GGML_VK_HOST_COPY #969000 bytes=461312 total=903451859968
GGML_VK_HOST_COPY #969100 bytes=717312 total=903519290368
GGML_VK_HOST_COPY #969200 bytes=358912 total=903584928256
GGML_VK_HOST_COPY #969300 bytes=461312 total=903659014144
GGML_VK_HOST_COPY #969400 bytes=422912 total=903749112832
GGML_VK_HOST_COPY #969500 bytes=1267712 total=903829842432
GGML_VK_HOST_COPY #969600 bytes=1267712 total=903916485120
GGML_VK_HOST_COPY #969700 bytes=922112 total=904008734208
GGML_VK_HOST_COPY #969800 bytes=1267712 total=904100023296
GGML_VK_HOST_COPY #969900 bytes=845312 total=904177373696
GGML_VK_HOST_COPY #970000 bytes=1690112 total=904249655296
GGML_VK_HOST_COPY #970100 bytes=922112 total=904332880896
GGML_VK_HOST_COPY #970200 bytes=1267712 total=904418832896
GGML_VK_HOST_COPY #970300 bytes=1690112 total=904518570496
GGML_VK_HOST_COPY #970400 bytes=422912 total=904619997184
GGML_VK_HOST_COPY #970500 bytes=461312 total=904722307072
GGML_VK_HOST_COPY #970600 bytes=1050112 total=904833512960
GGML_VK_HOST_COPY #970700 bytes=525312 total=904971586048
GGML_VK_HOST_COPY #970800 bytes=1049600 total=905112807936
GGML_VK_HOST_COPY #970900 bytes=1382912 total=905223451136
GGML_VK_HOST_COPY #971000 bytes=358912 total=905316685824
GGML_VK_HOST_COPY #971100 bytes=717312 total=905398810112
GGML_VK_HOST_COPY #971200 bytes=3226112 total=905493017600
GGML_VK_HOST_COPY #971300 bytes=1843712 total=905600896000
GGML_VK_HOST_COPY #971400 bytes=1267712 total=905704281088
GGML_VK_HOST_COPY #971500 bytes=422912 total=905815423488
GGML_VK_HOST_COPY #971600 bytes=461312 total=905923839488
GGML_VK_HOST_COPY #971700 bytes=1050112 total=906050533888
GGML_VK_HOST_COPY #971800 bytes=4723712 total=906216421888
GGML_VK_HOST_COPY #971900 bytes=1574912 total=906383359488
GGML_VK_HOST_COPY #972000 bytes=5069312 total=906532479488
GGML_SCHED_UPLOAD_STATS layers=48 copies=6081 bytes=5716382720 branch_ms=54.41 id_ms=49.29 wait_ms=1118.57
GGML_VK_HOST_COPY #972100 bytes=525312 total=906636768256
GGML_VK_HOST_COPY #972200 bytes=525312 total=906731282944
GGML_VK_HOST_COPY #972300 bytes=461312 total=906823724032
GGML_VK_HOST_COPY #972400 bytes=922112 total=906910866432
GGML_VK_HOST_COPY #972500 bytes=422912 total=906990386688
GGML_VK_HOST_COPY #972600 bytes=845312 total=907066469888
GGML_VK_HOST_COPY #972700 bytes=461312 total=907150271488
GGML_VK_HOST_COPY #972800 bytes=1574912 total=907237337088
GGML_VK_HOST_COPY #972900 bytes=525312 total=907321356288
GGML_VK_HOST_COPY #973000 bytes=1050112 total=907409573376
GGML_VK_HOST_COPY #973100 bytes=922112 total=907490750464
GGML_VK_HOST_COPY #973200 bytes=525312 total=907572311552
GGML_VK_HOST_COPY #973300 bytes=525312 total=907654231552
GGML_VK_HOST_COPY #973400 bytes=525312 total=907738775552
GGML_VK_HOST_COPY #973500 bytes=922112 total=907812823552
GGML_VK_HOST_COPY #973600 bytes=422912 total=907883991552
GGML_VK_HOST_COPY #973700 bytes=422912 total=907958807552
GGML_VK_HOST_COPY #973800 bytes=422912 total=908034045952
GGML_VK_HOST_COPY #973900 bytes=461312 total=908118154752
GGML_VK_HOST_COPY #974000 bytes=1574912 total=908202327552
GGML_VK_HOST_COPY #974100 bytes=1574912 total=908296842752
GGML_VK_HOST_COPY #974200 bytes=461312 total=908386954752
GGML_VK_HOST_COPY #974300 bytes=461312 total=908469489152
GGML_VK_HOST_COPY #974400 bytes=2099712 total=908565514752
GGML_VK_HOST_COPY #974500 bytes=1050112 total=908657930752
GGML_VK_HOST_COPY #974600 bytes=1843712 total=908744945152
GGML_VK_HOST_COPY #974700 bytes=525312 total=908824765952
GGML_VK_HOST_COPY #974800 bytes=525312 total=908921380352
GGML_VK_HOST_COPY #974900 bytes=525312 total=909020093952
GGML_VK_HOST_COPY #975000 bytes=461312 total=909113687552
GGML_VK_HOST_COPY #975100 bytes=358912 total=909200778752
GGML_VK_HOST_COPY #975200 bytes=717312 total=909270001152
GGML_VK_HOST_COPY #975300 bytes=717312 total=909339939840
GGML_VK_HOST_COPY #975400 bytes=3226112 total=909418838528
GGML_VK_HOST_COPY #975500 bytes=422912 total=909509858816
GGML_VK_HOST_COPY #975600 bytes=422912 total=909598191104
GGML_VK_HOST_COPY #975700 bytes=1267712 total=909683567104
GGML_VK_HOST_COPY #975800 bytes=1382912 total=909776545792
GGML_VK_HOST_COPY #975900 bytes=422912 total=909868103680
GGML_VK_HOST_COPY #976000 bytes=422912 total=909950100480
GGML_VK_HOST_COPY #976100 bytes=845312 total=910026183680
GGML_VK_HOST_COPY #976200 bytes=1843712 total=910108449280
GGML_VK_HOST_COPY #976300 bytes=1267712 total=910207034880
GGML_VK_HOST_COPY #976400 bytes=845312 total=910311418368
GGML_VK_HOST_COPY #976500 bytes=1843712 total=910418182656
GGML_VK_HOST_COPY #976600 bytes=922112 total=910532973056
GGML_VK_HOST_COPY #976700 bytes=1574912 total=910661177344
GGML_VK_HOST_COPY #976800 bytes=2624512 total=910802399232
GGML_VK_HOST_COPY #976900 bytes=461312 total=910928081920
GGML_VK_HOST_COPY #977000 bytes=1434112 total=911042820608
GGML_VK_HOST_COPY #977100 bytes=358912 total=911127812096
GGML_VK_HOST_COPY #977200 bytes=2150912 total=911207786496
GGML_VK_HOST_COPY #977300 bytes=1843712 total=911305577984
GGML_VK_HOST_COPY #977400 bytes=1690112 total=911420636672
GGML_VK_HOST_COPY #977500 bytes=845312 total=911533468672
GGML_VK_HOST_COPY #977600 bytes=845312 total=911634473472
GGML_VK_HOST_COPY #977700 bytes=461312 total=911749302272
GGML_VK_HOST_COPY #977800 bytes=2099712 total=911891049472
GGML_VK_HOST_COPY #977900 bytes=3674112 total=912042243072
GGML_VK_HOST_COPY #978000 bytes=461312 total=912184323072
GGML_SCHED_UPLOAD_STATS layers=48 copies=6066 bytes=5739082240 branch_ms=55.56 id_ms=50.01 wait_ms=1128.30
7.52.249.647 I slot print_timing: id  0 | task 8 | prompt processing, n_tokens =  75776, progress = 0.59, t = 388.36 s / 195.12 tokens per second
GGML_VK_HOST_COPY #978100 bytes=1050112 total=912319651840
GGML_VK_HOST_COPY #978200 bytes=525312 total=912420989440
GGML_VK_HOST_COPY #978300 bytes=1574912 total=912510256128
GGML_VK_HOST_COPY #978400 bytes=922112 total=912600034816
GGML_VK_HOST_COPY #978500 bytes=422912 total=912687542272
GGML_VK_HOST_COPY #978600 bytes=422912 total=912762780672
GGML_VK_HOST_COPY #978700 bytes=845312 total=912846044672
GGML_VK_HOST_COPY #978800 bytes=461312 total=912925660672
GGML_VK_HOST_COPY #978900 bytes=525312 total=913008963072
GGML_VK_HOST_COPY #979000 bytes=525312 total=913101378560
GGML_VK_HOST_COPY #979100 bytes=1050112 total=913185922560
GGML_VK_HOST_COPY #979200 bytes=1382912 total=913267522048
GGML_VK_HOST_COPY #979300 bytes=1050112 total=913351284736
GGML_VK_HOST_COPY #979400 bytes=1574912 total=913431105536
GGML_VK_HOST_COPY #979500 bytes=525312 total=913513550336
GGML_VK_HOST_COPY #979600 bytes=461312 total=913589262336
GGML_VK_HOST_COPY #979700 bytes=422912 total=913659163136
GGML_VK_HOST_COPY #979800 bytes=422912 total=913739470336
GGML_VK_HOST_COPY #979900 bytes=1843712 total=913816206336
GGML_VK_HOST_COPY #980000 bytes=525312 total=913896167936
GGML_VK_HOST_COPY #980100 bytes=525312 total=913988059136
GGML_VK_HOST_COPY #980200 bytes=1050112 total=914084673536
GGML_VK_HOST_COPY #980300 bytes=922112 total=914166158336
GGML_VK_HOST_COPY #980400 bytes=1574912 total=914259355136
GGML_VK_HOST_COPY #980500 bytes=525312 total=914350721536
GGML_VK_HOST_COPY #980600 bytes=525312 total=914448385536
GGML_VK_HOST_COPY #980700 bytes=922112 total=914530267136
GGML_VK_HOST_COPY #980800 bytes=1050112 total=914610433536
GGML_VK_HOST_COPY #980900 bytes=525312 total=914715444736
GGML_VK_HOST_COPY #981000 bytes=1574912 total=914814683136
GGML_VK_HOST_COPY #981100 bytes=922112 total=914902695936
GGML_VK_HOST_COPY #981200 bytes=1075712 total=914978113536
GGML_VK_HOST_COPY #981300 bytes=358912 total=915048052224
GGML_VK_HOST_COPY #981400 bytes=461312 total=915119270912
GGML_VK_HOST_COPY #981500 bytes=922112 total=915202726912
GGML_VK_HOST_COPY #981600 bytes=1267712 total=915290944000
GGML_VK_HOST_COPY #981700 bytes=422912 total=915383500288
GGML_VK_HOST_COPY #981800 bytes=1382912 total=915473291776
GGML_VK_HOST_COPY #981900 bytes=922112 total=915571493376
GGML_VK_HOST_COPY #982000 bytes=1690112 total=915650033664
GGML_VK_HOST_COPY #982100 bytes=422912 total=915728228864
GGML_VK_HOST_COPY #982200 bytes=922112 total=915813105664
GGML_VK_HOST_COPY #982300 bytes=922112 total=915894718464
GGML_VK_HOST_COPY #982400 bytes=422912 total=916002020864
GGML_VK_HOST_COPY #982500 bytes=422912 total=916104714752
GGML_VK_HOST_COPY #982600 bytes=2304512 total=916214512640
GGML_VK_HOST_COPY #982700 bytes=1050112 total=916337379328
GGML_VK_HOST_COPY #982800 bytes=1050112 total=916474402816
GGML_VK_HOST_COPY #982900 bytes=1049600 total=916616149504
GGML_VK_HOST_COPY #983000 bytes=4608512 total=916734626304
GGML_VK_HOST_COPY #983100 bytes=717312 total=916819720192
GGML_VK_HOST_COPY #983200 bytes=717312 total=916902202880
GGML_VK_HOST_COPY #983300 bytes=3226112 total=916993850368
GGML_VK_HOST_COPY #983400 bytes=1382912 total=917099885568
GGML_VK_HOST_COPY #983500 bytes=422912 total=917206150656
GGML_VK_HOST_COPY #983600 bytes=422912 total=917316870656
GGML_VK_HOST_COPY #983700 bytes=461312 total=917432121856
GGML_VK_HOST_COPY #983800 bytes=2624512 total=917548128256
GGML_VK_HOST_COPY #983900 bytes=1050112 total=917711917056
GGML_VK_HOST_COPY #984000 bytes=1574912 total=917863635456
GGML_VK_HOST_COPY #984100 bytes=461312 total=918015801856
GGML_SCHED_UPLOAD_STATS layers=48 copies=6045 bytes=5754149888 branch_ms=54.42 id_ms=49.29 wait_ms=1134.58
GGML_VK_HOST_COPY #984200 bytes=525312 total=918136269824
GGML_VK_HOST_COPY #984300 bytes=1574912 total=918230259712
GGML_VK_HOST_COPY #984400 bytes=525312 total=918327398912
GGML_VK_HOST_COPY #984500 bytes=461312 total=918409856000
GGML_VK_HOST_COPY #984600 bytes=1690112 total=918492333056
GGML_VK_HOST_COPY #984700 bytes=422912 total=918570950656
GGML_VK_HOST_COPY #984800 bytes=461312 total=918650182656
GGML_VK_HOST_COPY #984900 bytes=1843712 total=918735942656
GGML_VK_HOST_COPY #985000 bytes=1574912 total=918824531456
GGML_VK_HOST_COPY #985100 bytes=525312 total=918908025344
GGML_VK_HOST_COPY #985200 bytes=461312 total=918993887232
GGML_VK_HOST_COPY #985300 bytes=1050112 total=919074437120
GGML_VK_HOST_COPY #985400 bytes=525312 total=919158456320
GGML_VK_HOST_COPY #985500 bytes=525312 total=919236177920
GGML_VK_HOST_COPY #985600 bytes=461312 total=919309841920
GGML_VK_HOST_COPY #985700 bytes=461312 total=919382238720
GGML_VK_HOST_COPY #985800 bytes=845312 total=919454174720
GGML_VK_HOST_COPY #985900 bytes=422912 total=919527723520
GGML_VK_HOST_COPY #986000 bytes=922112 total=919606187520
GGML_VK_HOST_COPY #986100 bytes=1574912 total=919692203520
GGML_VK_HOST_COPY #986200 bytes=1050112 total=919787768320
GGML_VK_HOST_COPY #986300 bytes=461312 total=919883205120
GGML_VK_HOST_COPY #986400 bytes=922112 total=919965278720
GGML_VK_HOST_COPY #986500 bytes=525312 total=920060446720
GGML_VK_HOST_COPY #986600 bytes=1050112 total=920153387520
GGML_VK_HOST_COPY #986700 bytes=461312 total=920239813120
GGML_VK_HOST_COPY #986800 bytes=461312 total=920325573120
GGML_VK_HOST_COPY #986900 bytes=525312 total=920414213120
GGML_VK_HOST_COPY #987000 bytes=1574912 total=920510302720
GGML_VK_HOST_COPY #987100 bytes=461312 total=920610859520
GGML_VK_HOST_COPY #987200 bytes=358912 total=920702968320
GGML_VK_HOST_COPY #987300 bytes=717312 total=920774699520
GGML_VK_HOST_COPY #987400 bytes=2509312 total=920848580608
GGML_VK_HOST_COPY #987500 bytes=1382912 total=920929424896
GGML_VK_HOST_COPY #987600 bytes=422912 total=921018755584
GGML_VK_HOST_COPY #987700 bytes=422912 total=921110044672
GGML_VK_HOST_COPY #987800 bytes=422912 total=921190351872
GGML_VK_HOST_COPY #987900 bytes=461312 total=921281064960
GGML_VK_HOST_COPY #988000 bytes=422912 total=921374274048
GGML_VK_HOST_COPY #988100 bytes=422912 total=921445710848
GGML_VK_HOST_COPY #988200 bytes=422912 total=921522216448
GGML_VK_HOST_COPY #988300 bytes=922112 total=921595534848
GGML_VK_HOST_COPY #988400 bytes=845312 total=921682946048
GGML_VK_HOST_COPY #988500 bytes=1690112 total=921790286336
GGML_VK_HOST_COPY #988600 bytes=1690112 total=921897627136
GGML_VK_HOST_COPY #988700 bytes=2304512 total=922015450624
GGML_VK_HOST_COPY #988800 bytes=525312 total=922130202112
GGML_VK_HOST_COPY #988900 bytes=1050112 total=922259878400
GGML_VK_HOST_COPY #989000 bytes=922112 total=922384780288
GGML_VK_HOST_COPY #989100 bytes=1075712 total=922506430976
GGML_VK_HOST_COPY #989200 bytes=717312 total=922585688576
GGML_VK_HOST_COPY #989300 bytes=1434112 total=922671038464
GGML_VK_HOST_COPY #989400 bytes=922112 total=922766372352
GGML_VK_HOST_COPY #989500 bytes=1267712 total=922889533440
GGML_VK_HOST_COPY #989600 bytes=422912 total=923001098240
GGML_VK_HOST_COPY #989700 bytes=845312 total=923116042240
GGML_VK_HOST_COPY #989800 bytes=1382912 total=923241123840
GGML_VK_HOST_COPY #989900 bytes=9971712 total=923383293440
GGML_VK_HOST_COPY #990000 bytes=525312 total=923535011840
GGML_VK_HOST_COPY #990100 bytes=1382912 total=923689431040
GGML_SCHED_UPLOAD_STATS layers=48 copies=6048 bytes=5729524224 branch_ms=55.55 id_ms=50.42 wait_ms=1121.03
GGML_VK_HOST_COPY #990200 bytes=525312 total=923826398208
GGML_VK_HOST_COPY #990300 bytes=525312 total=923928260608
GGML_VK_HOST_COPY #990400 bytes=1574912 total=924019101696
GGML_VK_HOST_COPY #990500 bytes=461312 total=924107446784
GGML_VK_HOST_COPY #990600 bytes=845312 total=924193879040
GGML_VK_HOST_COPY #990700 bytes=845312 total=924270384640
GGML_VK_HOST_COPY #990800 bytes=422912 total=924351959040
GGML_VK_HOST_COPY #990900 bytes=922112 total=924433533440
GGML_VK_HOST_COPY #991000 bytes=525312 total=924518333440
GGML_VK_HOST_COPY #991100 bytes=525312 total=924607600128
GGML_VK_HOST_COPY #991200 bytes=1574912 total=924693718528
GGML_VK_HOST_COPY #991300 bytes=461312 total=924773551616
GGML_VK_HOST_COPY #991400 bytes=1050112 total=924856981504
GGML_VK_HOST_COPY #991500 bytes=525312 total=924935752704
GGML_VK_HOST_COPY #991600 bytes=525312 total=925017672704
GGML_VK_HOST_COPY #991700 bytes=922112 total=925093781504
GGML_VK_HOST_COPY #991800 bytes=422912 total=925162722304
GGML_VK_HOST_COPY #991900 bytes=422912 total=925243451904
GGML_VK_HOST_COPY #992000 bytes=1843712 total=925321032704
GGML_VK_HOST_COPY #992100 bytes=525312 total=925401915904
GGML_VK_HOST_COPY #992200 bytes=525312 total=925494856704
GGML_VK_HOST_COPY #992300 bytes=1050112 total=925592520704
GGML_VK_HOST_COPY #992400 bytes=461312 total=925674005504
GGML_VK_HOST_COPY #992500 bytes=1574912 total=925767074304
GGML_VK_HOST_COPY #992600 bytes=1050112 total=925858440704
GGML_VK_HOST_COPY #992700 bytes=525312 total=925954005504
GGML_VK_HOST_COPY #992800 bytes=461312 total=926035298304
GGML_VK_HOST_COPY #992900 bytes=1574912 total=926116834304
GGML_VK_HOST_COPY #993000 bytes=525312 total=926217122304
GGML_VK_HOST_COPY #993100 bytes=525312 total=926312687104
GGML_VK_HOST_COPY #993200 bytes=1382912 total=926398050304
GGML_VK_HOST_COPY #993300 bytes=717312 total=926474389504
GGML_VK_HOST_COPY #993400 bytes=717312 total=926541819392
GGML_VK_HOST_COPY #993500 bytes=717312 total=926607816192
GGML_VK_HOST_COPY #993600 bytes=922112 total=926691476480
GGML_VK_HOST_COPY #993700 bytes=422912 total=926774778368
GGML_VK_HOST_COPY #993800 bytes=845312 total=926860153856
GGML_VK_HOST_COPY #993900 bytes=2957312 total=926947641856
GGML_VK_HOST_COPY #994000 bytes=1382912 total=927035206144
GGML_VK_HOST_COPY #994100 bytes=845312 total=927120197632
GGML_VK_HOST_COPY #994200 bytes=845312 total=927197125632
GGML_VK_HOST_COPY #994300 bytes=922112 total=927272901632
GGML_VK_HOST_COPY #994400 bytes=922112 total=927355896832
GGML_VK_HOST_COPY #994500 bytes=845312 total=927452408832
GGML_VK_HOST_COPY #994600 bytes=422912 total=927553835520
GGML_VK_HOST_COPY #994700 bytes=461312 total=927668318208
GGML_VK_HOST_COPY #994800 bytes=1050112 total=927791927296
GGML_VK_HOST_COPY #994900 bytes=1574912 total=927924228096
GGML_VK_HOST_COPY #995000 bytes=525312 total=928039209984
GGML_VK_HOST_COPY #995100 bytes=922112 total=928159606272
GGML_VK_HOST_COPY #995200 bytes=358912 total=928271375360
GGML_VK_HOST_COPY #995300 bytes=717312 total=928358517760
GGML_VK_HOST_COPY #995400 bytes=358912 total=928444226560
GGML_VK_HOST_COPY #995500 bytes=461312 total=928546728960
GGML_VK_HOST_COPY #995600 bytes=1690112 total=928665013760
GGML_VK_HOST_COPY #995700 bytes=845312 total=928777000960
GGML_VK_HOST_COPY #995800 bytes=461312 total=928888719360
GGML_VK_HOST_COPY #995900 bytes=922112 total=929003970560
GGML_VK_HOST_COPY #996000 bytes=525312 total=929171458560
GGML_VK_HOST_COPY #996100 bytes=1050112 total=929338920960
GGML_VK_HOST_COPY #996200 bytes=461312 total=929497743360
GGML_SCHED_UPLOAD_STATS layers=48 copies=6042 bytes=5722687488 branch_ms=54.76 id_ms=49.58 wait_ms=1122.06
GGML_VK_HOST_COPY #996300 bytes=525312 total=929614179328
GGML_VK_HOST_COPY #996400 bytes=1050112 total=929709743616
GGML_VK_HOST_COPY #996500 bytes=524800 total=929803733504
GGML_VK_HOST_COPY #996600 bytes=922112 total=929889032704
GGML_VK_HOST_COPY #996700 bytes=845312 total=929970588160
GGML_VK_HOST_COPY #996800 bytes=422912 total=930047516160
GGML_VK_HOST_COPY #996900 bytes=461312 total=930129820160
GGML_VK_HOST_COPY #997000 bytes=461312 total=930212815360
GGML_VK_HOST_COPY #997100 bytes=525312 total=930301391360
GGML_VK_HOST_COPY #997200 bytes=1050112 total=930389608448
GGML_VK_HOST_COPY #997300 bytes=922112 total=930472935936
GGML_VK_HOST_COPY #997400 bytes=525312 total=930552410624
GGML_VK_HOST_COPY #997500 bytes=525312 total=930635905024
GGML_VK_HOST_COPY #997600 bytes=525312 total=930719399424
GGML_VK_HOST_COPY #997700 bytes=922112 total=930790068224
GGML_VK_HOST_COPY #997800 bytes=1267712 total=930862925824
GGML_VK_HOST_COPY #997900 bytes=1267712 total=930937741824
GGML_VK_HOST_COPY #998000 bytes=422912 total=931012980224
GGML_VK_HOST_COPY #998100 bytes=922112 total=931092481024
GGML_VK_HOST_COPY #998200 bytes=525312 total=931177101824
GGML_VK_HOST_COPY #998300 bytes=525312 total=931273191424
GGML_VK_HOST_COPY #998400 bytes=922112 total=931365761024
GGML_VK_HOST_COPY #998500 bytes=461312 total=931445530624
GGML_VK_HOST_COPY #998600 bytes=1050112 total=931541402624
GGML_VK_HOST_COPY #998700 bytes=525312 total=931635917824
GGML_VK_HOST_COPY #998800 bytes=2304512 total=931725133824
GGML_VK_HOST_COPY #998900 bytes=461312 total=931806746624
GGML_VK_HOST_COPY #999000 bytes=3149312 total=931902516224
GGML_VK_HOST_COPY #999100 bytes=3674112 total=932000705024
GGML_VK_HOST_COPY #999200 bytes=922112 total=932090727424
GGML_VK_HOST_COPY #999300 bytes=358912 total=932180429824
GGML_VK_HOST_COPY #999400 bytes=717312 total=932248218624
GGML_VK_HOST_COPY #999500 bytes=358912 total=932319232512
GGML_VK_HOST_COPY #999600 bytes=461312 total=932399001600
GGML_VK_HOST_COPY #999700 bytes=3802112 total=932488255488
GGML_VK_HOST_COPY #999800 bytes=845312 total=932575742976
GGML_VK_HOST_COPY #999900 bytes=422912 total=932656472576
GGML_VK_HOST_COPY #1000000 bytes=461312 total=932749028864
GGML_VK_HOST_COPY #1000100 bytes=422912 total=932839242752
GGML_VK_HOST_COPY #1000200 bytes=845312 total=932913213952
GGML_VK_HOST_COPY #1000300 bytes=422912 total=932986762752
GGML_VK_HOST_COPY #1000400 bytes=461312 total=933060657152
GGML_VK_HOST_COPY #1000500 bytes=1690112 total=933147953152
GGML_VK_HOST_COPY #1000600 bytes=422912 total=933254448640
GGML_VK_HOST_COPY #1000700 bytes=1690112 total=933360944640
GGML_VK_HOST_COPY #1000800 bytes=461312 total=933473660928
GGML_VK_HOST_COPY #1000900 bytes=2099712 total=933589602816
GGML_VK_HOST_COPY #1001000 bytes=525312 total=933725051904
GGML_VK_HOST_COPY #1001100 bytes=2304512 total=933858708992
GGML_VK_HOST_COPY #1001200 bytes=717312 total=933977390080
GGML_VK_HOST_COPY #1001300 bytes=717312 total=934064174080
GGML_VK_HOST_COPY #1001400 bytes=1434112 total=934148448768
GGML_VK_HOST_COPY #1001500 bytes=922112 total=934252333056
GGML_VK_HOST_COPY #1001600 bytes=1690112 total=934374994944
GGML_VK_HOST_COPY #1001700 bytes=2957312 total=934481068544
GGML_VK_HOST_COPY #1001800 bytes=845312 total=934588831744
GGML_VK_HOST_COPY #1001900 bytes=922112 total=934709804544
GGML_VK_HOST_COPY #1002000 bytes=1574912 total=934843641344
GGML_VK_HOST_COPY #1002100 bytes=1574912 total=935014777344
GGML_VK_HOST_COPY #1002200 bytes=3226112 total=935170476544
GGML_SCHED_UPLOAD_STATS layers=48 copies=6042 bytes=5729085952 branch_ms=54.25 id_ms=49.18 wait_ms=1126.92
8.05.638.289 I slot print_timing: id  0 | task 8 | prompt processing, n_tokens =  77824, progress = 0.61, t = 401.75 s / 193.71 tokens per second
GGML_VK_HOST_COPY #1002300 bytes=525312 total=935312269312
GGML_VK_HOST_COPY #1002400 bytes=525312 total=935410458112
GGML_VK_HOST_COPY #1002500 bytes=3149312 total=935503923200
GGML_VK_HOST_COPY #1002600 bytes=461312 total=935590335488
GGML_VK_HOST_COPY #1002700 bytes=1690112 total=935677190144
GGML_VK_HOST_COPY #1002800 bytes=1267712 total=935754118144
GGML_VK_HOST_COPY #1002900 bytes=422912 total=935831468544
GGML_VK_HOST_COPY #1003000 bytes=1843712 total=935917804544
GGML_VK_HOST_COPY #1003100 bytes=525312 total=936000530944
GGML_VK_HOST_COPY #1003200 bytes=525312 total=936090847232
GGML_VK_HOST_COPY #1003300 bytes=2099712 total=936180114432
GGML_VK_HOST_COPY #1003400 bytes=461312 total=936256773120
GGML_VK_HOST_COPY #1003500 bytes=525312 total=936340292608
GGML_VK_HOST_COPY #1003600 bytes=525312 total=936415915008
GGML_VK_HOST_COPY #1003700 bytes=525312 total=936498359808
GGML_VK_HOST_COPY #1003800 bytes=922112 total=936570091008
GGML_VK_HOST_COPY #1003900 bytes=1690112 total=936639876608
GGML_VK_HOST_COPY #1004000 bytes=422912 total=936718071808
GGML_VK_HOST_COPY #1004100 bytes=2304512 total=936796804608
GGML_VK_HOST_COPY #1004200 bytes=525312 total=936874462208
GGML_VK_HOST_COPY #1004300 bytes=525312 total=936967927808
GGML_VK_HOST_COPY #1004400 bytes=1050112 total=937066116608
GGML_VK_HOST_COPY #1004500 bytes=461312 total=937148062208
GGML_VK_HOST_COPY #1004600 bytes=1574912 total=937242180608
GGML_VK_HOST_COPY #1004700 bytes=525312 total=937333547008
GGML_VK_HOST_COPY #1004800 bytes=525312 total=937431211008
GGML_VK_HOST_COPY #1004900 bytes=922112 total=937513092608
GGML_VK_HOST_COPY #1005000 bytes=1050112 total=937593259008
GGML_VK_HOST_COPY #1005100 bytes=525312 total=937696171008
GGML_VK_HOST_COPY #1005200 bytes=525312 total=937796459008
GGML_VK_HOST_COPY #1005300 bytes=1843712 total=937884676608
GGML_VK_HOST_COPY #1005400 bytes=358912 total=937961783808
GGML_VK_HOST_COPY #1005500 bytes=717312 total=938032439296
GGML_VK_HOST_COPY #1005600 bytes=922112 total=938104681984
GGML_VK_HOST_COPY #1005700 bytes=3226112 total=938195971584
GGML_VK_HOST_COPY #1005800 bytes=1267712 total=938280310272
GGML_VK_HOST_COPY #1005900 bytes=1267712 total=938367375360
GGML_VK_HOST_COPY #1006000 bytes=922112 total=938457013248
GGML_VK_HOST_COPY #1006100 bytes=3226112 total=938553371648
GGML_VK_HOST_COPY #1006200 bytes=845312 total=938633409536
GGML_VK_HOST_COPY #1006300 bytes=1267712 total=938709492736
GGML_VK_HOST_COPY #1006400 bytes=461312 total=938792449536
GGML_VK_HOST_COPY #1006500 bytes=845312 total=938877095936
GGML_VK_HOST_COPY #1006600 bytes=1267712 total=938986126336
GGML_VK_HOST_COPY #1006700 bytes=422912 total=939099380224
GGML_VK_HOST_COPY #1006800 bytes=2304512 total=939208448512
GGML_VK_HOST_COPY #1006900 bytes=525312 total=939326809600
GGML_VK_HOST_COPY #1007000 bytes=525312 total=939462258688
GGML_VK_HOST_COPY #1007100 bytes=461312 total=939605528576
GGML_VK_HOST_COPY #1007200 bytes=461312 total=939725848576
GGML_VK_HOST_COPY #1007300 bytes=2150912 total=939817188864
GGML_VK_HOST_COPY #1007400 bytes=717312 total=939906839552
GGML_VK_HOST_COPY #1007500 bytes=461312 total=940006371840
GGML_VK_HOST_COPY #1007600 bytes=2957312 total=940124425728
GGML_VK_HOST_COPY #1007700 bytes=422912 total=940241481728
GGML_VK_HOST_COPY #1007800 bytes=1267712 total=940356003328
GGML_VK_HOST_COPY #1007900 bytes=2765312 total=940487420928
GGML_VK_HOST_COPY #1008000 bytes=525312 total=940617417728
GGML_VK_HOST_COPY #1008100 bytes=4198912 total=940780681728
GGML_VK_HOST_COPY #1008200 bytes=922112 total=940937110528
GGML_SCHED_UPLOAD_STATS layers=48 copies=6015 bytes=5771363328 branch_ms=54.48 id_ms=49.38 wait_ms=1122.26
GGML_VK_HOST_COPY #1008300 bytes=525312 total=941077316096
GGML_VK_HOST_COPY #1008400 bytes=525312 total=941178128896
GGML_VK_HOST_COPY #1008500 bytes=2099712 total=941267395584
GGML_VK_HOST_COPY #1008600 bytes=922112 total=941357891072
GGML_VK_HOST_COPY #1008700 bytes=422912 total=941444246528
GGML_VK_HOST_COPY #1008800 bytes=422912 total=941520329728
GGML_VK_HOST_COPY #1008900 bytes=422912 total=941604016128
GGML_VK_HOST_COPY #1009000 bytes=1382912 total=941682595328
GGML_VK_HOST_COPY #1009100 bytes=525312 total=941767152128
GGML_VK_HOST_COPY #1009200 bytes=525312 total=941859567616
GGML_VK_HOST_COPY #1009300 bytes=1050112 total=941944111616
GGML_VK_HOST_COPY #1009400 bytes=1382912 total=942025711104
GGML_VK_HOST_COPY #1009500 bytes=525312 total=942108488192
GGML_VK_HOST_COPY #1009600 bytes=1574912 total=942188308992
GGML_VK_HOST_COPY #1009700 bytes=525312 total=942269704192
GGML_VK_HOST_COPY #1009800 bytes=1382912 total=942344558592
GGML_VK_HOST_COPY #1009900 bytes=422912 total=942414958592
GGML_VK_HOST_COPY #1010000 bytes=845312 total=942493153792
GGML_VK_HOST_COPY #1010100 bytes=1382912 total=942565512192
GGML_VK_HOST_COPY #1010200 bytes=461312 total=942644820992
GGML_VK_HOST_COPY #1010300 bytes=525312 total=942739028992
GGML_VK_HOST_COPY #1010400 bytes=1050112 total=942831444992
GGML_VK_HOST_COPY #1010500 bytes=461312 total=942919739392
GGML_VK_HOST_COPY #1010600 bytes=1050112 total=943011310592
GGML_VK_HOST_COPY #1010700 bytes=1050112 total=943106875392
GGML_VK_HOST_COPY #1010800 bytes=525312 total=943205588992
GGML_VK_HOST_COPY #1010900 bytes=922112 total=943289838592
GGML_VK_HOST_COPY #1011000 bytes=1050112 total=943372884992
GGML_VK_HOST_COPY #1011100 bytes=525312 total=943478945792
GGML_VK_HOST_COPY #1011200 bytes=3674112 total=943588155392
GGML_VK_HOST_COPY #1011300 bytes=461312 total=943677140992
GGML_VK_HOST_COPY #1011400 bytes=717312 total=943748820992
GGML_VK_HOST_COPY #1011500 bytes=358912 total=943821985280
GGML_VK_HOST_COPY #1011600 bytes=461312 total=943899296768
GGML_VK_HOST_COPY #1011700 bytes=461312 total=943991507968
GGML_VK_HOST_COPY #1011800 bytes=1267712 total=944074502656
GGML_VK_HOST_COPY #1011900 bytes=2112512 total=944165369344
GGML_VK_HOST_COPY #1012000 bytes=461312 total=944261074432
GGML_VK_HOST_COPY #1012100 bytes=845312 total=944360081920
GGML_VK_HOST_COPY #1012200 bytes=422912 total=944435742720
GGML_VK_HOST_COPY #1012300 bytes=845312 total=944506334720
GGML_VK_HOST_COPY #1012400 bytes=461312 total=944590136320
GGML_VK_HOST_COPY #1012500 bytes=1690112 total=944674321920
GGML_VK_HOST_COPY #1012600 bytes=422912 total=944789265408
GGML_VK_HOST_COPY #1012700 bytes=1690112 total=944899140608
GGML_VK_HOST_COPY #1012800 bytes=4147712 total=945020266496
GGML_VK_HOST_COPY #1012900 bytes=1050112 total=945129142784
GGML_VK_HOST_COPY #1013000 bytes=1050112 total=945258819072
GGML_VK_HOST_COPY #1013100 bytes=461312 total=945389314560
GGML_VK_HOST_COPY #1013200 bytes=461312 total=945503183360
GGML_VK_HOST_COPY #1013300 bytes=358912 total=945594165248
GGML_VK_HOST_COPY #1013400 bytes=1434112 total=945685966336
GGML_VK_HOST_COPY #1013500 bytes=461312 total=945786727424
GGML_VK_HOST_COPY #1013600 bytes=1843712 total=945902900224
GGML_VK_HOST_COPY #1013700 bytes=422912 total=946023834112
GGML_VK_HOST_COPY #1013800 bytes=422912 total=946144269312
GGML_VK_HOST_COPY #1013900 bytes=461312 total=946274611712
GGML_VK_HOST_COPY #1014000 bytes=2624512 total=946408358912
GGML_VK_HOST_COPY #1014100 bytes=525312 total=946588416512
GGML_VK_HOST_COPY #1014200 bytes=3226112 total=946764006912
GGML_SCHED_UPLOAD_STATS layers=48 copies=5973 bytes=5802573824 branch_ms=54.29 id_ms=49.19 wait_ms=1124.67
GGML_VK_HOST_COPY #1014300 bytes=1050112 total=946916103680
GGML_VK_HOST_COPY #1014400 bytes=525312 total=947009568768
GGML_VK_HOST_COPY #1014500 bytes=525312 total=947106707968
GGML_VK_HOST_COPY #1014600 bytes=1382912 total=947192160256
GGML_VK_HOST_COPY #1014700 bytes=422912 total=947277171712
GGML_VK_HOST_COPY #1014800 bytes=422912 total=947356634112
GGML_VK_HOST_COPY #1014900 bytes=422912 total=947431872512
GGML_VK_HOST_COPY #1015000 bytes=922112 total=947521011712
GGML_VK_HOST_COPY #1015100 bytes=525312 total=947602266112
GGML_VK_HOST_COPY #1015200 bytes=525312 total=947691532800
GGML_VK_HOST_COPY #1015300 bytes=461312 total=947784025088
GGML_VK_HOST_COPY #1015400 bytes=461312 total=947857804288
GGML_VK_HOST_COPY #1015500 bytes=525312 total=947945637376
GGML_VK_HOST_COPY #1015600 bytes=1050112 total=948020734976
GGML_VK_HOST_COPY #1015700 bytes=461312 total=948103000576
GGML_VK_HOST_COPY #1015800 bytes=922112 total=948177701376
GGML_VK_HOST_COPY #1015900 bytes=1267712 total=948247947776
GGML_VK_HOST_COPY #1016000 bytes=845312 total=948322763776
GGML_VK_HOST_COPY #1016100 bytes=922112 total=948403570176
GGML_VK_HOST_COPY #1016200 bytes=1574912 total=948481586176
GGML_VK_HOST_COPY #1016300 bytes=525312 total=948576101376
GGML_VK_HOST_COPY #1016400 bytes=525312 total=948669566976
GGML_VK_HOST_COPY #1016500 bytes=461312 total=948753522176
GGML_VK_HOST_COPY #1016600 bytes=1574912 total=948850021376
GGML_VK_HOST_COPY #1016700 bytes=1050112 total=948939813376
GGML_VK_HOST_COPY #1016800 bytes=525312 total=949033278976
GGML_VK_HOST_COPY #1016900 bytes=461312 total=949116581376
GGML_VK_HOST_COPY #1017000 bytes=1050112 total=949203262976
GGML_VK_HOST_COPY #1017100 bytes=1574912 total=949300926976
GGML_VK_HOST_COPY #1017200 bytes=461312 total=949402482176
GGML_VK_HOST_COPY #1017300 bytes=461312 total=949489163776
GGML_VK_HOST_COPY #1017400 bytes=358912 total=949561099776
GGML_VK_HOST_COPY #1017500 bytes=1075712 total=949629963264
GGML_VK_HOST_COPY #1017600 bytes=922112 total=949705687552
GGML_VK_HOST_COPY #1017700 bytes=422912 total=949796285440
GGML_VK_HOST_COPY #1017800 bytes=1267712 total=949880394240
GGML_VK_HOST_COPY #1017900 bytes=845312 total=949969571328
GGML_VK_HOST_COPY #1018000 bytes=461312 total=950062934016
GGML_VK_HOST_COPY #1018100 bytes=845312 total=950161711104
GGML_VK_HOST_COPY #1018200 bytes=422912 total=950234415104
GGML_VK_HOST_COPY #1018300 bytes=2534912 total=950307119104
GGML_VK_HOST_COPY #1018400 bytes=922112 total=950390229504
GGML_VK_HOST_COPY #1018500 bytes=845312 total=950473378304
GGML_VK_HOST_COPY #1018600 bytes=845312 total=950585787392
GGML_VK_HOST_COPY #1018700 bytes=422912 total=950690593792
GGML_VK_HOST_COPY #1018800 bytes=922112 total=950804999680
GGML_VK_HOST_COPY #1018900 bytes=2624512 total=950928007168
GGML_VK_HOST_COPY #1019000 bytes=525312 total=951061357056
GGML_VK_HOST_COPY #1019100 bytes=461312 total=951195833344
GGML_VK_HOST_COPY #1019200 bytes=358912 total=951317586432
GGML_VK_HOST_COPY #1019300 bytes=1075712 total=951402578432
GGML_VK_HOST_COPY #1019400 bytes=717312 total=951490437120
GGML_VK_HOST_COPY #1019500 bytes=1843712 total=951590686208
GGML_VK_HOST_COPY #1019600 bytes=845312 total=951713962496
GGML_VK_HOST_COPY #1019700 bytes=2534912 total=951833130496
GGML_VK_HOST_COPY #1019800 bytes=2112512 total=951945540096
GGML_VK_HOST_COPY #1019900 bytes=461312 total=952066205696
GGML_VK_HOST_COPY #1020000 bytes=1050112 total=952208631296
GGML_VK_HOST_COPY #1020100 bytes=525312 total=952361399296
GGML_VK_HOST_COPY #1020200 bytes=461312 total=952510263296
GGML_SCHED_UPLOAD_STATS layers=48 copies=6009 bytes=5733011456 branch_ms=54.47 id_ms=49.30 wait_ms=1120.39
GGML_VK_HOST_COPY #1020300 bytes=1050112 total=952649099264
GGML_VK_HOST_COPY #1020400 bytes=525312 total=952746763264
GGML_VK_HOST_COPY #1020500 bytes=525312 total=952836554752
GGML_VK_HOST_COPY #1020600 bytes=1382912 total=952927357440
GGML_VK_HOST_COPY #1020700 bytes=422912 total=953012637696
GGML_VK_HOST_COPY #1020800 bytes=422912 total=953088720896
GGML_VK_HOST_COPY #1020900 bytes=422912 total=953168605696
GGML_VK_HOST_COPY #1021000 bytes=461312 total=953252061696
GGML_VK_HOST_COPY #1021100 bytes=1050112 total=953335786496
GGML_VK_HOST_COPY #1021200 bytes=525312 total=953427152384
GGML_VK_HOST_COPY #1021300 bytes=2099712 total=953515369984
GGML_VK_HOST_COPY #1021400 bytes=922112 total=953593923072
GGML_VK_HOST_COPY #1021500 bytes=525312 total=953676008960
GGML_VK_HOST_COPY #1021600 bytes=525312 total=953755829760
GGML_VK_HOST_COPY #1021700 bytes=1574912 total=953839848960
GGML_VK_HOST_COPY #1021800 bytes=461312 total=953912104960
GGML_VK_HOST_COPY #1021900 bytes=1690112 total=953982812160
GGML_VK_HOST_COPY #1022000 bytes=422912 total=954059740160
GGML_VK_HOST_COPY #1022100 bytes=2304512 total=954137589760
GGML_VK_HOST_COPY #1022200 bytes=525312 total=954214786560
GGML_VK_HOST_COPY #1022300 bytes=525312 total=954311925760
GGML_VK_HOST_COPY #1022400 bytes=1574912 total=954409589760
GGML_VK_HOST_COPY #1022500 bytes=1382912 total=954497474560
GGML_VK_HOST_COPY #1022600 bytes=1050112 total=954591490560
GGML_VK_HOST_COPY #1022700 bytes=525312 total=954679708160
GGML_VK_HOST_COPY #1022800 bytes=525312 total=954776847360
GGML_VK_HOST_COPY #1022900 bytes=1843712 total=954860533760
GGML_VK_HOST_COPY #1023000 bytes=1574912 total=954942108160
GGML_VK_HOST_COPY #1023100 bytes=525312 total=955047644160
GGML_VK_HOST_COPY #1023200 bytes=461312 total=955155292160
GGML_VK_HOST_COPY #1023300 bytes=461312 total=955241512960
GGML_VK_HOST_COPY #1023400 bytes=717312 total=955312373760
GGML_VK_HOST_COPY #1023500 bytes=358912 total=955382312448
GGML_VK_HOST_COPY #1023600 bytes=922112 total=955453633536
GGML_VK_HOST_COPY #1023700 bytes=922112 total=955541236736
GGML_VK_HOST_COPY #1023800 bytes=422912 total=955625767424
GGML_VK_HOST_COPY #1023900 bytes=422912 total=955714944512
GGML_VK_HOST_COPY #1024000 bytes=1843712 total=955808806400
GGML_VK_HOST_COPY #1024100 bytes=422912 total=955909733888
GGML_VK_HOST_COPY #1024200 bytes=422912 total=955983282688
GGML_VK_HOST_COPY #1024300 bytes=422912 total=956056409088
GGML_VK_HOST_COPY #1024400 bytes=461312 total=956138021888
GGML_VK_HOST_COPY #1024500 bytes=422912 total=956220940288
GGML_VK_HOST_COPY #1024600 bytes=1690112 total=956324901888
GGML_VK_HOST_COPY #1024700 bytes=3802112 total=956436043776
GGML_VK_HOST_COPY #1024800 bytes=1382912 total=956541502464
GGML_VK_HOST_COPY #1024900 bytes=525312 total=956658609152
GGML_VK_HOST_COPY #1025000 bytes=525312 total=956795632640
GGML_VK_HOST_COPY #1025100 bytes=461312 total=956941065728
GGML_VK_HOST_COPY #1025200 bytes=461312 total=957064150528
GGML_VK_HOST_COPY #1025300 bytes=1792512 total=957151190016
GGML_VK_HOST_COPY #1025400 bytes=717312 total=957232597504
GGML_VK_HOST_COPY #1025500 bytes=922112 total=957325320192
GGML_VK_HOST_COPY #1025600 bytes=1843712 total=957434120192
GGML_VK_HOST_COPY #1025700 bytes=422912 total=957546375680
GGML_VK_HOST_COPY #1025800 bytes=2534912 total=957667233280
GGML_VK_HOST_COPY #1025900 bytes=922112 total=957786478080
GGML_VK_HOST_COPY #1026000 bytes=525312 total=957903354880
GGML_VK_HOST_COPY #1026100 bytes=525312 total=958072391680
GGML_VK_HOST_COPY #1026200 bytes=1050112 total=958236705280
GGML_VK_HOST_COPY #1026300 bytes=461312 total=958365089280
GGML_SCHED_UPLOAD_STATS layers=48 copies=6048 bytes=5778881024 branch_ms=53.95 id_ms=48.82 wait_ms=1119.56
8.19.004.021 I slot print_timing: id  0 | task 8 | prompt processing, n_tokens =  79872, progress = 0.62, t = 415.12 s / 192.41 tokens per second
GGML_VK_HOST_COPY #1026400 bytes=525312 total=958484674048
GGML_VK_HOST_COPY #1026500 bytes=525312 total=958579713536
GGML_VK_HOST_COPY #1026600 bytes=461312 total=958673844224
GGML_VK_HOST_COPY #1026700 bytes=922112 total=958758221824
GGML_VK_HOST_COPY #1026800 bytes=422912 total=958840046080
GGML_VK_HOST_COPY #1026900 bytes=845312 total=958917396480
GGML_VK_HOST_COPY #1027000 bytes=461312 total=959000391680
GGML_VK_HOST_COPY #1027100 bytes=922112 total=959084769280
GGML_VK_HOST_COPY #1027200 bytes=525312 total=959171361280
GGML_VK_HOST_COPY #1027300 bytes=525312 total=959259578368
GGML_VK_HOST_COPY #1027400 bytes=461312 total=959343174656
GGML_VK_HOST_COPY #1027500 bytes=525312 total=959423890944
GGML_VK_HOST_COPY #1027600 bytes=525312 total=959508434944
GGML_VK_HOST_COPY #1027700 bytes=525312 total=959590879744
GGML_VK_HOST_COPY #1027800 bytes=922112 total=959667346944
GGML_VK_HOST_COPY #1027900 bytes=2112512 total=959740050944
GGML_VK_HOST_COPY #1028000 bytes=422912 total=959810642944
GGML_VK_HOST_COPY #1028100 bytes=845312 total=959885881344
GGML_VK_HOST_COPY #1028200 bytes=922112 total=959965382144
GGML_VK_HOST_COPY #1028300 bytes=525312 total=960049849344
GGML_VK_HOST_COPY #1028400 bytes=525312 total=960149612544
GGML_VK_HOST_COPY #1028500 bytes=922112 total=960244319744
GGML_VK_HOST_COPY #1028600 bytes=525312 total=960327967744
GGML_VK_HOST_COPY #1028700 bytes=525312 total=960424057344
GGML_VK_HOST_COPY #1028800 bytes=1050112 total=960517522944
GGML_VK_HOST_COPY #1028900 bytes=1843712 total=960605074944
GGML_VK_HOST_COPY #1029000 bytes=525312 total=960684882944
GGML_VK_HOST_COPY #1029100 bytes=525312 total=960787270144
GGML_VK_HOST_COPY #1029200 bytes=2099712 total=960888607744
GGML_VK_HOST_COPY #1029300 bytes=461312 total=960984492544
GGML_VK_HOST_COPY #1029400 bytes=1434112 total=961068818944
GGML_VK_HOST_COPY #1029500 bytes=1434112 total=961135890432
GGML_VK_HOST_COPY #1029600 bytes=717312 total=961202604032
GGML_VK_HOST_COPY #1029700 bytes=461312 total=961286110720
GGML_VK_HOST_COPY #1029800 bytes=422912 total=961373828608
GGML_VK_HOST_COPY #1029900 bytes=422912 total=961463850496
GGML_VK_HOST_COPY #1030000 bytes=461312 total=961551145984
GGML_VK_HOST_COPY #1030100 bytes=1382912 total=961648886784
GGML_VK_HOST_COPY #1030200 bytes=422912 total=961727004672
GGML_VK_HOST_COPY #1030300 bytes=845312 total=961811535872
GGML_VK_HOST_COPY #1030400 bytes=461312 total=961893801472
GGML_VK_HOST_COPY #1030500 bytes=461312 total=961979561472
GGML_VK_HOST_COPY #1030600 bytes=422912 total=962080220672
GGML_VK_HOST_COPY #1030700 bytes=1690112 total=962182492160
GGML_VK_HOST_COPY #1030800 bytes=1843712 total=962283227648
GGML_VK_HOST_COPY #1030900 bytes=1050112 total=962412097536
GGML_VK_HOST_COPY #1031000 bytes=525312 total=962548071424
GGML_VK_HOST_COPY #1031100 bytes=525312 total=962685095424
GGML_VK_HOST_COPY #1031200 bytes=461312 total=962798451712
GGML_VK_HOST_COPY #1031300 bytes=358912 total=962896704000
GGML_VK_HOST_COPY #1031400 bytes=358912 total=962985279488
GGML_VK_HOST_COPY #1031500 bytes=922112 total=963078872576
GGML_VK_HOST_COPY #1031600 bytes=922112 total=963189054976
GGML_VK_HOST_COPY #1031700 bytes=2534912 total=963308184064
GGML_VK_HOST_COPY #1031800 bytes=845312 total=963424817152
GGML_VK_HOST_COPY #1031900 bytes=922112 total=963547863040
GGML_VK_HOST_COPY #1032000 bytes=2099712 total=963665123328
GGML_VK_HOST_COPY #1032100 bytes=1574912 total=963822089728
GGML_VK_HOST_COPY #1032200 bytes=3674112 total=963973808128
GGML_VK_HOST_COPY #1032300 bytes=461312 total=964097955328
GGML_SCHED_UPLOAD_STATS layers=48 copies=6006 bytes=5726992384 branch_ms=54.23 id_ms=49.08 wait_ms=1125.23
GGML_VK_HOST_COPY #1032400 bytes=1050112 total=964215325696
GGML_VK_HOST_COPY #1032500 bytes=525312 total=964308790784
GGML_VK_HOST_COPY #1032600 bytes=525312 total=964405929984
GGML_VK_HOST_COPY #1032700 bytes=1843712 total=964489705472
GGML_VK_HOST_COPY #1032800 bytes=422912 total=964570761728
GGML_VK_HOST_COPY #1032900 bytes=845312 total=964649801728
GGML_VK_HOST_COPY #1033000 bytes=461312 total=964728649728
GGML_VK_HOST_COPY #1033100 bytes=461312 total=964814409728
GGML_VK_HOST_COPY #1033200 bytes=525312 total=964902537728
GGML_VK_HOST_COPY #1033300 bytes=525312 total=964986031616
GGML_VK_HOST_COPY #1033400 bytes=461312 total=965072226304
GGML_VK_HOST_COPY #1033500 bytes=525312 total=965153556992
GGML_VK_HOST_COPY #1033600 bytes=525312 total=965236526592
GGML_VK_HOST_COPY #1033700 bytes=1050112 total=965317396992
GGML_VK_HOST_COPY #1033800 bytes=922112 total=965389102592
GGML_VK_HOST_COPY #1033900 bytes=422912 total=965460923392
GGML_VK_HOST_COPY #1034000 bytes=422912 total=965536584192
GGML_VK_HOST_COPY #1034100 bytes=422912 total=965613512192
GGML_VK_HOST_COPY #1034200 bytes=922112 total=965692974592
GGML_VK_HOST_COPY #1034300 bytes=525312 total=965777070592
GGML_VK_HOST_COPY #1034400 bytes=1574912 total=965875259392
GGML_VK_HOST_COPY #1034500 bytes=461312 total=965967969792
GGML_VK_HOST_COPY #1034600 bytes=461312 total=966051425792
GGML_VK_HOST_COPY #1034700 bytes=525312 total=966146158592
GGML_VK_HOST_COPY #1034800 bytes=525312 total=966241723392
GGML_VK_HOST_COPY #1034900 bytes=461312 total=966328136192
GGML_VK_HOST_COPY #1035000 bytes=525312 total=966410721792
GGML_VK_HOST_COPY #1035100 bytes=525312 total=966505761792
GGML_VK_HOST_COPY #1035200 bytes=525312 total=966603425792
GGML_VK_HOST_COPY #1035300 bytes=922112 total=966694984192
GGML_VK_HOST_COPY #1035400 bytes=358912 total=966780692992
GGML_VK_HOST_COPY #1035500 bytes=358912 total=966849556992
GGML_VK_HOST_COPY #1035600 bytes=358912 total=966916628480
GGML_VK_HOST_COPY #1035700 bytes=461312 total=966996346368
GGML_VK_HOST_COPY #1035800 bytes=422912 total=967086329856
GGML_VK_HOST_COPY #1035900 bytes=422912 total=967172972544
GGML_VK_HOST_COPY #1036000 bytes=2112512 total=967260038144
GGML_VK_HOST_COPY #1036100 bytes=922112 total=967351903232
GGML_VK_HOST_COPY #1036200 bytes=422912 total=967439429120
GGML_VK_HOST_COPY #1036300 bytes=422912 total=967510865920
GGML_VK_HOST_COPY #1036400 bytes=422912 total=967586104320
GGML_VK_HOST_COPY #1036500 bytes=461312 total=967659000320
GGML_VK_HOST_COPY #1036600 bytes=845312 total=967743454720
GGML_VK_HOST_COPY #1036700 bytes=422912 total=967846571008
GGML_VK_HOST_COPY #1036800 bytes=2112512 total=967952644608
GGML_VK_HOST_COPY #1036900 bytes=2304512 total=968063248896
GGML_VK_HOST_COPY #1037000 bytes=1050112 total=968181673984
GGML_VK_HOST_COPY #1037100 bytes=525312 total=968314499072
GGML_VK_HOST_COPY #1037200 bytes=922112 total=968452188160
GGML_VK_HOST_COPY #1037300 bytes=1792512 total=968571586048
GGML_VK_HOST_COPY #1037400 bytes=1434112 total=968665538048
GGML_VK_HOST_COPY #1037500 bytes=1075712 total=968753397248
GGML_VK_HOST_COPY #1037600 bytes=461312 total=968864962048
GGML_VK_HOST_COPY #1037700 bytes=1690112 total=968989122048
GGML_VK_HOST_COPY #1037800 bytes=422912 total=969096885248
GGML_VK_HOST_COPY #1037900 bytes=1843712 total=969206491648
GGML_VK_HOST_COPY #1038000 bytes=461312 total=969323125248
GGML_VK_HOST_COPY #1038100 bytes=525312 total=969464552448
GGML_VK_HOST_COPY #1038200 bytes=1050112 total=969619419648
GGML_VK_HOST_COPY #1038300 bytes=461312 total=969758888448
GGML_SCHED_UPLOAD_STATS layers=48 copies=6033 bytes=5696545280 branch_ms=54.70 id_ms=49.48 wait_ms=1127.10
GGML_VK_HOST_COPY #1038400 bytes=1050112 total=969888751616
GGML_VK_HOST_COPY #1038500 bytes=525312 total=969984841216
GGML_VK_HOST_COPY #1038600 bytes=525312 total=970079880704
GGML_VK_HOST_COPY #1038700 bytes=461312 total=970165384192
GGML_VK_HOST_COPY #1038800 bytes=845312 total=970251586048
GGML_VK_HOST_COPY #1038900 bytes=845312 total=970330626048
GGML_VK_HOST_COPY #1039000 bytes=1267712 total=970406709248
GGML_VK_HOST_COPY #1039100 bytes=461312 total=970493314048
GGML_VK_HOST_COPY #1039200 bytes=525312 total=970576488448
GGML_VK_HOST_COPY #1039300 bytes=1050112 total=970666279936
GGML_VK_HOST_COPY #1039400 bytes=525312 total=970756596736
GGML_VK_HOST_COPY #1039500 bytes=922112 total=970831821824
GGML_VK_HOST_COPY #1039600 bytes=2624512 total=970918349312
GGML_VK_HOST_COPY #1039700 bytes=1574912 total=970992922112
GGML_VK_HOST_COPY #1039800 bytes=461312 total=971073408512
GGML_VK_HOST_COPY #1039900 bytes=461312 total=971146726912
GGML_VK_HOST_COPY #1040000 bytes=422912 total=971217165312
GGML_VK_HOST_COPY #1040100 bytes=845312 total=971292826112
GGML_VK_HOST_COPY #1040200 bytes=461312 total=971374669312
GGML_VK_HOST_COPY #1040300 bytes=1050112 total=971456346112
GGML_VK_HOST_COPY #1040400 bytes=525312 total=971551386112
GGML_VK_HOST_COPY #1040500 bytes=525312 total=971643802112
GGML_VK_HOST_COPY #1040600 bytes=461312 total=971731533312
GGML_VK_HOST_COPY #1040700 bytes=525312 total=971825306112
GGML_VK_HOST_COPY #1040800 bytes=525312 total=971915098112
GGML_VK_HOST_COPY #1040900 bytes=525312 total=972006989312
GGML_VK_HOST_COPY #1041000 bytes=461312 total=972091366912
GGML_VK_HOST_COPY #1041100 bytes=1050112 total=972176448512
GGML_VK_HOST_COPY #1041200 bytes=525312 total=972272013312
GGML_VK_HOST_COPY #1041300 bytes=2304512 total=972376858112
GGML_VK_HOST_COPY #1041400 bytes=1382912 total=972462157312
GGML_VK_HOST_COPY #1041500 bytes=358912 total=972534195712
GGML_VK_HOST_COPY #1041600 bytes=717312 total=972600908800
GGML_VK_HOST_COPY #1041700 bytes=461312 total=972676325888
GGML_VK_HOST_COPY #1041800 bytes=422912 total=972766962176
GGML_VK_HOST_COPY #1041900 bytes=1267712 total=972852338176
GGML_VK_HOST_COPY #1042000 bytes=1267712 total=972940670464
GGML_VK_HOST_COPY #1042100 bytes=922112 total=973033879552
GGML_VK_HOST_COPY #1042200 bytes=422912 total=973128663040
GGML_VK_HOST_COPY #1042300 bytes=422912 total=973203479040
GGML_VK_HOST_COPY #1042400 bytes=1267712 total=973277027840
GGML_VK_HOST_COPY #1042500 bytes=922112 total=973357027840
GGML_VK_HOST_COPY #1042600 bytes=845312 total=973439293440
GGML_VK_HOST_COPY #1042700 bytes=422912 total=973547901440
GGML_VK_HOST_COPY #1042800 bytes=845312 total=973656508928
GGML_VK_HOST_COPY #1042900 bytes=461312 total=973770031616
GGML_VK_HOST_COPY #1043000 bytes=1574912 total=973899810304
GGML_VK_HOST_COPY #1043100 bytes=2624512 total=974043656192
GGML_VK_HOST_COPY #1043200 bytes=2304512 total=974177710080
GGML_VK_HOST_COPY #1043300 bytes=922112 total=974298951680
GGML_VK_HOST_COPY #1043400 bytes=358912 total=974384711168
GGML_VK_HOST_COPY #1043500 bytes=358912 total=974467194368
GGML_VK_HOST_COPY #1043600 bytes=461312 total=974562221568
GGML_VK_HOST_COPY #1043700 bytes=845312 total=974672019968
GGML_VK_HOST_COPY #1043800 bytes=422912 total=974783162368
GGML_VK_HOST_COPY #1043900 bytes=1267712 total=974891347968
GGML_VK_HOST_COPY #1044000 bytes=1843712 total=975002029568
GGML_VK_HOST_COPY #1044100 bytes=2624512 total=975132999168
GGML_VK_HOST_COPY #1044200 bytes=1050112 total=975288915968
GGML_VK_HOST_COPY #1044300 bytes=2099712 total=975444307968
GGML_VK_HOST_COPY #1044400 bytes=1843712 total=975582663168
GGML_SCHED_UPLOAD_STATS layers=48 copies=6048 bytes=5737692160 branch_ms=54.63 id_ms=49.46 wait_ms=1130.44
GGML_VK_HOST_COPY #1044500 bytes=525312 total=975684711936
GGML_VK_HOST_COPY #1044600 bytes=1574912 total=975780276224
GGML_VK_HOST_COPY #1044700 bytes=461312 total=975871603712
GGML_VK_HOST_COPY #1044800 bytes=1382912 total=975959667712
GGML_VK_HOST_COPY #1044900 bytes=1690112 total=976039495168
GGML_VK_HOST_COPY #1045000 bytes=2112512 total=976116000768
GGML_VK_HOST_COPY #1045100 bytes=461312 total=976198151168
GGML_VK_HOST_COPY #1045200 bytes=525312 total=976285280768
GGML_VK_HOST_COPY #1045300 bytes=525312 total=976369299968
GGML_VK_HOST_COPY #1045400 bytes=1050112 total=976459091456
GGML_VK_HOST_COPY #1045500 bytes=461312 total=976540934144
GGML_VK_HOST_COPY #1045600 bytes=525312 total=976622354432
GGML_VK_HOST_COPY #1045700 bytes=1050112 total=976704274432
GGML_VK_HOST_COPY #1045800 bytes=1050112 total=976788293632
GGML_VK_HOST_COPY #1045900 bytes=461312 total=976862674432
GGML_VK_HOST_COPY #1046000 bytes=422912 total=976933765632
GGML_VK_HOST_COPY #1046100 bytes=2534912 total=977006469632
GGML_VK_HOST_COPY #1046200 bytes=845312 total=977080440832
GGML_VK_HOST_COPY #1046300 bytes=461312 total=977159634432
GGML_VK_HOST_COPY #1046400 bytes=525312 total=977244165632
GGML_VK_HOST_COPY #1046500 bytes=525312 total=977343928832
GGML_VK_HOST_COPY #1046600 bytes=1382912 total=977437317632
GGML_VK_HOST_COPY #1046700 bytes=461312 total=977521695232
GGML_VK_HOST_COPY #1046800 bytes=525312 total=977618309632
GGML_VK_HOST_COPY #1046900 bytes=525312 total=977713349632
GGML_VK_HOST_COPY #1047000 bytes=1382912 total=977800632832
GGML_VK_HOST_COPY #1047100 bytes=525312 total=977882680832
GGML_VK_HOST_COPY #1047200 bytes=1050112 total=977979295232
GGML_VK_HOST_COPY #1047300 bytes=525312 total=978074860032
GGML_VK_HOST_COPY #1047400 bytes=461312 total=978163666432
GGML_VK_HOST_COPY #1047500 bytes=2150912 total=978251935232
GGML_VK_HOST_COPY #1047600 bytes=717312 total=978320440832
GGML_VK_HOST_COPY #1047700 bytes=717312 total=978387512320
GGML_VK_HOST_COPY #1047800 bytes=922112 total=978465950208
GGML_VK_HOST_COPY #1047900 bytes=422912 total=978554896896
GGML_VK_HOST_COPY #1048000 bytes=845312 total=978636893184
GGML_VK_HOST_COPY #1048100 bytes=845312 total=978718045184
GGML_VK_HOST_COPY #1048200 bytes=461312 total=978807606272
GGML_VK_HOST_COPY #1048300 bytes=1267712 total=978895976960
GGML_VK_HOST_COPY #1048400 bytes=422912 total=978972482560
GGML_VK_HOST_COPY #1048500 bytes=422912 total=979049832960
GGML_VK_HOST_COPY #1048600 bytes=461312 total=979127682560
GGML_VK_HOST_COPY #1048700 bytes=422912 total=979222581760
GGML_VK_HOST_COPY #1048800 bytes=422912 total=979326120448
GGML_VK_HOST_COPY #1048900 bytes=461312 total=979433652736
GGML_VK_HOST_COPY #1049000 bytes=1382912 total=979544756736
GGML_VK_HOST_COPY #1049100 bytes=1050112 total=979665460224
GGML_VK_HOST_COPY #1049200 bytes=2099712 total=979800909312
GGML_VK_HOST_COPY #1049300 bytes=461312 total=979936972800
GGML_VK_HOST_COPY #1049400 bytes=358912 total=980057650688
GGML_VK_HOST_COPY #1049500 bytes=717312 total=980136549888
GGML_VK_HOST_COPY #1049600 bytes=358912 total=980211506688
GGML_VK_HOST_COPY #1049700 bytes=461312 total=980301209088
GGML_VK_HOST_COPY #1049800 bytes=845312 total=980414233088
GGML_VK_HOST_COPY #1049900 bytes=2534912 total=980516082688
GGML_VK_HOST_COPY #1050000 bytes=422912 total=980617932288
GGML_VK_HOST_COPY #1050100 bytes=922112 total=980738329088
GGML_VK_HOST_COPY #1050200 bytes=1050112 total=980860671488
GGML_VK_HOST_COPY #1050300 bytes=525312 total=981017637888
GGML_VK_HOST_COPY #1050400 bytes=922112 total=981169945088
GGML_SCHED_UPLOAD_STATS layers=48 copies=6081 bytes=5695725056 branch_ms=54.64 id_ms=49.47 wait_ms=1123.00
8.32.469.823 I slot print_timing: id  0 | task 8 | prompt processing, n_tokens =  81920, progress = 0.64, t = 428.58 s / 191.14 tokens per second
GGML_VK_HOST_COPY #1050500 bytes=525312 total=981312160256
GGML_VK_HOST_COPY #1050600 bytes=525312 total=981409299456
GGML_VK_HOST_COPY #1050700 bytes=1574912 total=981502239744
GGML_VK_HOST_COPY #1050800 bytes=922112 total=981592568832
GGML_VK_HOST_COPY #1050900 bytes=461312 total=981678328832
GGML_VK_HOST_COPY #1051000 bytes=1267712 total=981758809088
GGML_VK_HOST_COPY #1051100 bytes=422912 total=981836159488
GGML_VK_HOST_COPY #1051200 bytes=1382912 total=981917273088
GGML_VK_HOST_COPY #1051300 bytes=1050112 total=982004095488
GGML_VK_HOST_COPY #1051400 bytes=2099712 total=982091263488
GGML_VK_HOST_COPY #1051500 bytes=1050112 total=982178955776
GGML_VK_HOST_COPY #1051600 bytes=922112 total=982260056064
GGML_VK_HOST_COPY #1051700 bytes=525312 total=982338545152
GGML_VK_HOST_COPY #1051800 bytes=525312 total=982420465152
GGML_VK_HOST_COPY #1051900 bytes=1050112 total=982504484352
GGML_VK_HOST_COPY #1052000 bytes=461312 total=982576804352
GGML_VK_HOST_COPY #1052100 bytes=422912 total=982649815552
GGML_VK_HOST_COPY #1052200 bytes=422912 total=982723786752
GGML_VK_HOST_COPY #1052300 bytes=2534912 total=982797757952
GGML_VK_HOST_COPY #1052400 bytes=461312 total=982879217152
GGML_VK_HOST_COPY #1052500 bytes=2099712 total=982970250752
GGML_VK_HOST_COPY #1052600 bytes=1050112 total=983061617152
GGML_VK_HOST_COPY #1052700 bytes=922112 total=983155185152
GGML_VK_HOST_COPY #1052800 bytes=525312 total=983240893952
GGML_VK_HOST_COPY #1052900 bytes=525312 total=983339607552
GGML_VK_HOST_COPY #1053000 bytes=1574912 total=983434647552
GGML_VK_HOST_COPY #1053100 bytes=1843712 total=983523108352
GGML_VK_HOST_COPY #1053200 bytes=525312 total=983602404352
GGML_VK_HOST_COPY #1053300 bytes=2099712 total=983708465152
GGML_VK_HOST_COPY #1053400 bytes=1574912 total=983806129152
GGML_VK_HOST_COPY #1053500 bytes=1382912 total=983895690752
GGML_VK_HOST_COPY #1053600 bytes=1075712 total=983973924352
GGML_VK_HOST_COPY #1053700 bytes=358912 total=984039203840
GGML_VK_HOST_COPY #1053800 bytes=717312 total=984103408640
GGML_VK_HOST_COPY #1053900 bytes=461312 total=984186710528
GGML_VK_HOST_COPY #1054000 bytes=1267712 total=984267094016
GGML_VK_HOST_COPY #1054100 bytes=422912 total=984348245504
GGML_VK_HOST_COPY #1054200 bytes=422912 total=984429397504
GGML_VK_HOST_COPY #1054300 bytes=2765312 total=984517230592
GGML_VK_HOST_COPY #1054400 bytes=422912 total=984602913280
GGML_VK_HOST_COPY #1054500 bytes=422912 total=984681108480
GGML_VK_HOST_COPY #1054600 bytes=422912 total=984755924480
GGML_VK_HOST_COPY #1054700 bytes=922112 total=984837998080
GGML_VK_HOST_COPY #1054800 bytes=422912 total=984928327680
GGML_VK_HOST_COPY #1054900 bytes=422912 total=985026797568
GGML_VK_HOST_COPY #1055000 bytes=1382912 total=985131910656
GGML_VK_HOST_COPY #1055100 bytes=461312 total=985243936256
GGML_VK_HOST_COPY #1055200 bytes=525312 total=985362630144
GGML_VK_HOST_COPY #1055300 bytes=1050112 total=985489157632
GGML_VK_HOST_COPY #1055400 bytes=461312 total=985615057920
GGML_VK_HOST_COPY #1055500 bytes=358912 total=985723294208
GGML_VK_HOST_COPY #1055600 bytes=1075712 total=985807927808
GGML_VK_HOST_COPY #1055700 bytes=717312 total=985886827008
GGML_VK_HOST_COPY #1055800 bytes=1382912 total=985983748608
GGML_VK_HOST_COPY #1055900 bytes=845312 total=986101265408
GGML_VK_HOST_COPY #1056000 bytes=2957312 total=986205649408
GGML_VK_HOST_COPY #1056100 bytes=422912 total=986311300608
GGML_VK_HOST_COPY #1056200 bytes=922112 total=986427089408
GGML_VK_HOST_COPY #1056300 bytes=525312 total=986552286208
GGML_VK_HOST_COPY #1056400 bytes=525312 total=986704529408
GGML_VK_HOST_COPY #1056500 bytes=922112 total=986859703808
GGML_SCHED_UPLOAD_STATS layers=48 copies=6087 bytes=5664521728 branch_ms=54.63 id_ms=49.33 wait_ms=1121.20
GGML_VK_HOST_COPY #1056600 bytes=525312 total=986996619776
GGML_VK_HOST_COPY #1056700 bytes=1050112 total=987097432576
GGML_VK_HOST_COPY #1056800 bytes=525312 total=987185124864
GGML_VK_HOST_COPY #1056900 bytes=922112 total=987276797952
GGML_VK_HOST_COPY #1057000 bytes=5242880 total=987363652608
GGML_VK_HOST_COPY #1057100 bytes=422912 total=987439735808
GGML_VK_HOST_COPY #1057200 bytes=2957312 total=987523422208
GGML_VK_HOST_COPY #1057300 bytes=461312 total=987601041408
GGML_VK_HOST_COPY #1057400 bytes=525312 total=987686455808
GGML_VK_HOST_COPY #1057500 bytes=525312 total=987778871296
GGML_VK_HOST_COPY #1057600 bytes=525312 total=987862365696
GGML_VK_HOST_COPY #1057700 bytes=922112 total=987943363584
GGML_VK_HOST_COPY #1057800 bytes=1050112 total=988026678272
GGML_VK_HOST_COPY #1057900 bytes=525312 total=988103875072
GGML_VK_HOST_COPY #1058000 bytes=525312 total=988186844672
GGML_VK_HOST_COPY #1058100 bytes=461312 total=988262211072
GGML_VK_HOST_COPY #1058200 bytes=845312 total=988332495872
GGML_VK_HOST_COPY #1058300 bytes=422912 total=988409001472
GGML_VK_HOST_COPY #1058400 bytes=1382912 total=988481705472
GGML_VK_HOST_COPY #1058500 bytes=922112 total=988562857472
GGML_VK_HOST_COPY #1058600 bytes=1574912 total=988655375872
GGML_VK_HOST_COPY #1058700 bytes=525312 total=988746217472
GGML_VK_HOST_COPY #1058800 bytes=461312 total=988835343872
GGML_VK_HOST_COPY #1058900 bytes=525312 total=988922998272
GGML_VK_HOST_COPY #1059000 bytes=525312 total=989019087872
GGML_VK_HOST_COPY #1059100 bytes=525312 total=989113078272
GGML_VK_HOST_COPY #1059200 bytes=461312 total=989201884672
GGML_VK_HOST_COPY #1059300 bytes=1574912 total=989282934272
GGML_VK_HOST_COPY #1059400 bytes=525312 total=989385846272
GGML_VK_HOST_COPY #1059500 bytes=525312 total=989482985472
GGML_VK_HOST_COPY #1059600 bytes=461312 total=989571113472
GGML_VK_HOST_COPY #1059700 bytes=358912 total=989646838272
GGML_VK_HOST_COPY #1059800 bytes=2150912 total=989714268160
GGML_VK_HOST_COPY #1059900 bytes=717312 total=989778472960
GGML_VK_HOST_COPY #1060000 bytes=461312 total=989860904448
GGML_VK_HOST_COPY #1060100 bytes=845312 total=989943361536
GGML_VK_HOST_COPY #1060200 bytes=422912 total=990033383424
GGML_VK_HOST_COPY #1060300 bytes=2112000 total=990125939712
GGML_VK_HOST_COPY #1060400 bytes=461312 total=990213542912
GGML_VK_HOST_COPY #1060500 bytes=422912 total=990297382400
GGML_VK_HOST_COPY #1060600 bytes=422912 total=990373888000
GGML_VK_HOST_COPY #1060700 bytes=422912 total=990444480000
GGML_VK_HOST_COPY #1060800 bytes=461312 total=990518643200
GGML_VK_HOST_COPY #1060900 bytes=1267712 total=990606553600
GGML_VK_HOST_COPY #1061000 bytes=845312 total=990712204288
GGML_VK_HOST_COPY #1061100 bytes=461312 total=990820850176
GGML_VK_HOST_COPY #1061200 bytes=2765312 total=990935640576
GGML_VK_HOST_COPY #1061300 bytes=525312 total=991054795264
GGML_VK_HOST_COPY #1061400 bytes=2099712 total=991192343552
GGML_VK_HOST_COPY #1061500 bytes=461312 total=991318922240
GGML_VK_HOST_COPY #1061600 bytes=358912 total=991429104128
GGML_VK_HOST_COPY #1061700 bytes=1075712 total=991516246528
GGML_VK_HOST_COPY #1061800 bytes=2150912 total=991601238528
GGML_VK_HOST_COPY #1061900 bytes=2304512 total=991705584128
GGML_VK_HOST_COPY #1062000 bytes=2112512 total=991825059328
GGML_VK_HOST_COPY #1062100 bytes=2534912 total=991939580928
GGML_VK_HOST_COPY #1062200 bytes=2765312 total=992057712128
GGML_VK_HOST_COPY #1062300 bytes=922112 total=992174806528
GGML_VK_HOST_COPY #1062400 bytes=525312 total=992313072128
GGML_VK_HOST_COPY #1062500 bytes=525312 total=992465840128
GGML_VK_HOST_COPY #1062600 bytes=1382912 total=992606166528
GGML_SCHED_UPLOAD_STATS layers=48 copies=6075 bytes=5705091584 branch_ms=54.55 id_ms=49.40 wait_ms=1136.50
GGML_VK_HOST_COPY #1062700 bytes=1050112 total=992734775296
GGML_VK_HOST_COPY #1062800 bytes=525312 total=992830340096
GGML_VK_HOST_COPY #1062900 bytes=1574912 total=992926429184
GGML_VK_HOST_COPY #1063000 bytes=1382912 total=993011740672
GGML_VK_HOST_COPY #1063100 bytes=845312 total=993097404928
GGML_VK_HOST_COPY #1063200 bytes=422912 total=993176022528
GGML_VK_HOST_COPY #1063300 bytes=422912 total=993252105728
GGML_VK_HOST_COPY #1063400 bytes=3226112 total=993341513728
GGML_VK_HOST_COPY #1063500 bytes=1050112 total=993422512128
GGML_VK_HOST_COPY #1063600 bytes=1050112 total=993511778816
GGML_VK_HOST_COPY #1063700 bytes=525312 total=993602095616
GGML_VK_HOST_COPY #1063800 bytes=922112 total=993676923904
GGML_VK_HOST_COPY #1063900 bytes=525312 total=993761160192
GGML_VK_HOST_COPY #1064000 bytes=525312 total=993839406592
GGML_VK_HOST_COPY #1064100 bytes=461312 total=993922708992
GGML_VK_HOST_COPY #1064200 bytes=922112 total=993998331392
GGML_VK_HOST_COPY #1064300 bytes=422912 total=994066734592
GGML_VK_HOST_COPY #1064400 bytes=422912 total=994144507392
GGML_VK_HOST_COPY #1064500 bytes=461312 total=994226043392
GGML_VK_HOST_COPY #1064600 bytes=525312 total=994303342592
GGML_VK_HOST_COPY #1064700 bytes=525312 total=994396808192
GGML_VK_HOST_COPY #1064800 bytes=525312 total=994494472192
GGML_VK_HOST_COPY #1064900 bytes=1382912 total=994578222592
GGML_VK_HOST_COPY #1065000 bytes=1050112 total=994673684992
GGML_VK_HOST_COPY #1065100 bytes=525312 total=994762952192
GGML_VK_HOST_COPY #1065200 bytes=525312 total=994862190592
GGML_VK_HOST_COPY #1065300 bytes=461312 total=994947195392
GGML_VK_HOST_COPY #1065400 bytes=1574912 total=995030408192
GGML_VK_HOST_COPY #1065500 bytes=1050112 total=995132795392
GGML_VK_HOST_COPY #1065600 bytes=461312 total=995236116992
GGML_VK_HOST_COPY #1065700 bytes=922112 total=995322337792
GGML_VK_HOST_COPY #1065800 bytes=358912 total=995395604992
GGML_VK_HOST_COPY #1065900 bytes=1075712 total=995465543680
GGML_VK_HOST_COPY #1066000 bytes=461312 total=995542906368
GGML_VK_HOST_COPY #1066100 bytes=1382912 total=995635117568
GGML_VK_HOST_COPY #1066200 bytes=422912 total=995716729856
GGML_VK_HOST_COPY #1066300 bytes=1267712 total=995810130944
GGML_VK_HOST_COPY #1066400 bytes=1843712 total=995907832832
GGML_VK_HOST_COPY #1066500 bytes=422912 total=996004459520
GGML_VK_HOST_COPY #1066600 bytes=422912 total=996076741120
GGML_VK_HOST_COPY #1066700 bytes=845312 total=996148600320
GGML_VK_HOST_COPY #1066800 bytes=461312 total=996230520320
GGML_VK_HOST_COPY #1066900 bytes=1267712 total=996317816320
GGML_VK_HOST_COPY #1067000 bytes=844800 total=996430225408
GGML_VK_HOST_COPY #1067100 bytes=1267712 total=996540523008
GGML_VK_HOST_COPY #1067200 bytes=461312 total=996658960896
GGML_VK_HOST_COPY #1067300 bytes=525312 total=996769245184
GGML_VK_HOST_COPY #1067400 bytes=1574912 total=996909417472
GGML_VK_HOST_COPY #1067500 bytes=922112 total=997041704960
GGML_VK_HOST_COPY #1067600 bytes=461312 total=997165711360
GGML_VK_HOST_COPY #1067700 bytes=358912 total=997248706048
GGML_VK_HOST_COPY #1067800 bytes=358912 total=997333698048
GGML_VK_HOST_COPY #1067900 bytes=2304512 total=997430414848
GGML_VK_HOST_COPY #1068000 bytes=845312 total=997549506048
GGML_VK_HOST_COPY #1068100 bytes=422912 total=997645864448
GGML_VK_HOST_COPY #1068200 bytes=1267712 total=997752360448
GGML_VK_HOST_COPY #1068300 bytes=461312 total=997861083648
GGML_VK_HOST_COPY #1068400 bytes=3674112 total=997975963648
GGML_VK_HOST_COPY #1068500 bytes=2624512 total=998137128448
GGML_VK_HOST_COPY #1068600 bytes=3149312 total=998297243648
GGML_VK_HOST_COPY #1068700 bytes=922112 total=998432270848
GGML_SCHED_UPLOAD_STATS layers=48 copies=6060 bytes=5760303104 branch_ms=54.51 id_ms=49.32 wait_ms=1128.85
GGML_VK_HOST_COPY #1068800 bytes=525312 total=998541270016
GGML_VK_HOST_COPY #1068900 bytes=1574912 total=998636309504
GGML_VK_HOST_COPY #1069000 bytes=525312 total=998730824704
GGML_VK_HOST_COPY #1069100 bytes=922112 total=998815726592
GGML_VK_HOST_COPY #1069200 bytes=845312 total=998897358848
GGML_VK_HOST_COPY #1069300 bytes=845312 total=998974709248
GGML_VK_HOST_COPY #1069400 bytes=461312 total=999056974848
GGML_VK_HOST_COPY #1069500 bytes=461312 total=999139970048
GGML_VK_HOST_COPY #1069600 bytes=1050112 total=999227432448
GGML_VK_HOST_COPY #1069700 bytes=525312 total=999314599936
GGML_VK_HOST_COPY #1069800 bytes=461312 total=999397658624
GGML_VK_HOST_COPY #1069900 bytes=525312 total=999478515712
GGML_VK_HOST_COPY #1070000 bytes=525312 total=999560960512
GGML_VK_HOST_COPY #1070100 bytes=525312 total=999643405312
GGML_VK_HOST_COPY #1070200 bytes=1843712 total=999718554112
GGML_VK_HOST_COPY #1070300 bytes=422912 total=999788301312
GGML_VK_HOST_COPY #1070400 bytes=422912 total=999862694912
GGML_VK_HOST_COPY #1070500 bytes=845312 total=999939200512
GGML_VK_HOST_COPY #1070600 bytes=461312 total=1000020122112
GGML_VK_HOST_COPY #1070700 bytes=1050112 total=1000103667712
GGML_VK_HOST_COPY #1070800 bytes=1050112 total=1000201331712
GGML_VK_HOST_COPY #1070900 bytes=922112 total=1000293197312
GGML_VK_HOST_COPY #1071000 bytes=461312 total=1000376192512
GGML_VK_HOST_COPY #1071100 bytes=1574912 total=1000472563712
GGML_VK_HOST_COPY #1071200 bytes=1050112 total=1000567078912
GGML_VK_HOST_COPY #1071300 bytes=1843712 total=1000654746112
GGML_VK_HOST_COPY #1071400 bytes=525312 total=1000735552512
GGML_VK_HOST_COPY #1071500 bytes=1574912 total=1000830592512
GGML_VK_HOST_COPY #1071600 bytes=525312 total=1000926157312
GGML_VK_HOST_COPY #1071700 bytes=922112 total=1001015680512
GGML_VK_HOST_COPY #1071800 bytes=358912 total=1001101542912
GGML_VK_HOST_COPY #1071900 bytes=2150912 total=1001169690112
GGML_VK_HOST_COPY #1072000 bytes=358912 total=1001234252800
GGML_VK_HOST_COPY #1072100 bytes=461312 total=1001312076288
GGML_VK_HOST_COPY #1072200 bytes=1690112 total=1001401483776
GGML_VK_HOST_COPY #1072300 bytes=845312 total=1001488971264
GGML_VK_HOST_COPY #1072400 bytes=2112512 total=1001575192064
GGML_VK_HOST_COPY #1072500 bytes=461312 total=1001665175552
GGML_VK_HOST_COPY #1072600 bytes=422912 total=1001759728640
GGML_VK_HOST_COPY #1072700 bytes=845312 total=1001840458240
GGML_VK_HOST_COPY #1072800 bytes=422912 total=1001916963840
GGML_VK_HOST_COPY #1072900 bytes=461312 total=1001996848640
GGML_VK_HOST_COPY #1073000 bytes=1267712 total=1002091594240
GGML_VK_HOST_COPY #1073100 bytes=422912 total=1002195555328
GGML_VK_HOST_COPY #1073200 bytes=461312 total=1002304662016
GGML_VK_HOST_COPY #1073300 bytes=461312 total=1002418530816
GGML_VK_HOST_COPY #1073400 bytes=1574912 total=1002541320704
GGML_VK_HOST_COPY #1073500 bytes=1050112 total=1002672571392
GGML_VK_HOST_COPY #1073600 bytes=461312 total=1002801223680
GGML_VK_HOST_COPY #1073700 bytes=358912 total=1002916883968
GGML_VK_HOST_COPY #1073800 bytes=358912 total=1003005818368
GGML_VK_HOST_COPY #1073900 bytes=717312 total=1003088301568
GGML_VK_HOST_COPY #1074000 bytes=2304512 total=1003197459968
GGML_VK_HOST_COPY #1074100 bytes=1267712 total=1003323539968
GGML_VK_HOST_COPY #1074200 bytes=845312 total=1003435527168
GGML_VK_HOST_COPY #1074300 bytes=461312 total=1003555040768
GGML_VK_HOST_COPY #1074400 bytes=2304512 total=1003670752768
GGML_VK_HOST_COPY #1074500 bytes=1574912 total=1003815290368
GGML_VK_HOST_COPY #1074600 bytes=2099712 total=1003963859968
GGML_VK_HOST_COPY #1074700 bytes=922112 total=1004103085568
GGML_SCHED_UPLOAD_STATS layers=48 copies=6030 bytes=5713337344 branch_ms=54.48 id_ms=49.35 wait_ms=1131.93
8.46.029.656 I slot print_timing: id  0 | task 8 | prompt processing, n_tokens =  83968, progress = 0.66, t = 442.14 s / 189.91 tokens per second
GGML_VK_HOST_COPY #1074800 bytes=1050112 total=1004235687936
GGML_VK_HOST_COPY #1074900 bytes=1050112 total=1004330202624
GGML_VK_HOST_COPY #1075000 bytes=2624512 total=1004427866624
GGML_VK_HOST_COPY #1075100 bytes=922112 total=1004510963712
GGML_VK_HOST_COPY #1075200 bytes=845312 total=1004595821568
GGML_VK_HOST_COPY #1075300 bytes=845312 total=1004675283968
GGML_VK_HOST_COPY #1075400 bytes=845312 total=1004751789568
GGML_VK_HOST_COPY #1075500 bytes=461312 total=1004839354368
GGML_VK_HOST_COPY #1075600 bytes=525312 total=1004919751168
GGML_VK_HOST_COPY #1075700 bytes=525312 total=1005008493056
GGML_VK_HOST_COPY #1075800 bytes=461312 total=1005099807744
GGML_VK_HOST_COPY #1075900 bytes=922112 total=1005174047744
GGML_VK_HOST_COPY #1076000 bytes=525312 total=1005262200832
GGML_VK_HOST_COPY #1076100 bytes=1050112 total=1005343596032
GGML_VK_HOST_COPY #1076200 bytes=461312 total=1005422725632
GGML_VK_HOST_COPY #1076300 bytes=1382912 total=1005498348032
GGML_VK_HOST_COPY #1076400 bytes=422912 total=1005569554432
GGML_VK_HOST_COPY #1076500 bytes=422912 total=1005645215232
GGML_VK_HOST_COPY #1076600 bytes=1382912 total=1005727288832
GGML_VK_HOST_COPY #1076700 bytes=1050112 total=1005809029632
GGML_VK_HOST_COPY #1076800 bytes=525312 total=1005903544832
GGML_VK_HOST_COPY #1076900 bytes=1050112 total=1005994911232
GGML_VK_HOST_COPY #1077000 bytes=461312 total=1006075653632
GGML_VK_HOST_COPY #1077100 bytes=525312 total=1006173663232
GGML_VK_HOST_COPY #1077200 bytes=525312 total=1006262405632
GGML_VK_HOST_COPY #1077300 bytes=525312 total=1006357970432
GGML_VK_HOST_COPY #1077400 bytes=461312 total=1006441016832
GGML_VK_HOST_COPY #1077500 bytes=2099712 total=1006526380032
GGML_VK_HOST_COPY #1077600 bytes=1574912 total=1006620370432
GGML_VK_HOST_COPY #1077700 bytes=461312 total=1006720082432
GGML_VK_HOST_COPY #1077800 bytes=1382912 total=1006802616832
GGML_VK_HOST_COPY #1077900 bytes=2509312 total=1006878802432
GGML_VK_HOST_COPY #1078000 bytes=717312 total=1006946949120
GGML_VK_HOST_COPY #1078100 bytes=461312 total=1007025387008
GGML_VK_HOST_COPY #1078200 bytes=422912 total=1007117213696
GGML_VK_HOST_COPY #1078300 bytes=422912 total=1007208080896
GGML_VK_HOST_COPY #1078400 bytes=422912 total=1007294301184
GGML_VK_HOST_COPY #1078500 bytes=461312 total=1007389468672
GGML_VK_HOST_COPY #1078600 bytes=845312 total=1007486709760
GGML_VK_HOST_COPY #1078700 bytes=1690112 total=1007566594560
GGML_VK_HOST_COPY #1078800 bytes=1267712 total=1007641832960
GGML_VK_HOST_COPY #1078900 bytes=461312 total=1007728514560
GGML_VK_HOST_COPY #1079000 bytes=1267712 total=1007820917760
GGML_VK_HOST_COPY #1079100 bytes=845312 total=1007937128448
GGML_VK_HOST_COPY #1079200 bytes=845312 total=1008052494848
GGML_VK_HOST_COPY #1079300 bytes=2304512 total=1008177691136
GGML_VK_HOST_COPY #1079400 bytes=3149312 total=1008293236224
GGML_VK_HOST_COPY #1079500 bytes=525312 total=1008421338112
GGML_VK_HOST_COPY #1079600 bytes=922112 total=1008550630400
GGML_VK_HOST_COPY #1079700 bytes=358912 total=1008670745088
GGML_VK_HOST_COPY #1079800 bytes=717312 total=1008750002688
GGML_VK_HOST_COPY #1079900 bytes=1075712 total=1008832485888
GGML_VK_HOST_COPY #1080000 bytes=461312 total=1008926437888
GGML_VK_HOST_COPY #1080100 bytes=2112512 total=1009042188288
GGML_VK_HOST_COPY #1080200 bytes=845312 total=1009155442688
GGML_VK_HOST_COPY #1080300 bytes=3802112 total=1009275877888
GGML_VK_HOST_COPY #1080400 bytes=922112 total=1009403724288
GGML_VK_HOST_COPY #1080500 bytes=525312 total=1009535794688
GGML_VK_HOST_COPY #1080600 bytes=2099712 total=1009691711488
GGML_VK_HOST_COPY #1080700 bytes=3226112 total=1009841637888
GGML_SCHED_UPLOAD_STATS layers=48 copies=6036 bytes=5765410816 branch_ms=54.64 id_ms=49.51 wait_ms=1136.22
GGML_VK_HOST_COPY #1080800 bytes=525312 total=1009975878656
GGML_VK_HOST_COPY #1080900 bytes=1050112 total=1010071968256
GGML_VK_HOST_COPY #1081000 bytes=525312 total=1010164383744
GGML_VK_HOST_COPY #1081100 bytes=461312 total=1010254584832
GGML_VK_HOST_COPY #1081200 bytes=461312 total=1010340805632
GGML_VK_HOST_COPY #1081300 bytes=422912 total=1010420748288
GGML_VK_HOST_COPY #1081400 bytes=1267712 total=1010499365888
GGML_VK_HOST_COPY #1081500 bytes=461312 total=1010579289088
GGML_VK_HOST_COPY #1081600 bytes=525312 total=1010666239488
GGML_VK_HOST_COPY #1081700 bytes=1050112 total=1010753407488
GGML_VK_HOST_COPY #1081800 bytes=1574912 total=1010841099776
GGML_VK_HOST_COPY #1081900 bytes=922112 total=1010921022464
GGML_VK_HOST_COPY #1082000 bytes=1574912 total=1011000753152
GGML_VK_HOST_COPY #1082100 bytes=1050112 total=1011085297152
GGML_VK_HOST_COPY #1082200 bytes=1050112 total=1011171940352
GGML_VK_HOST_COPY #1082300 bytes=461312 total=1011247959552
GGML_VK_HOST_COPY #1082400 bytes=845312 total=1011320509952
GGML_VK_HOST_COPY #1082500 bytes=1267712 total=1011397437952
GGML_VK_HOST_COPY #1082600 bytes=461312 total=1011470065152
GGML_VK_HOST_COPY #1082700 bytes=922112 total=1011552599552
GGML_VK_HOST_COPY #1082800 bytes=1574912 total=1011645578752
GGML_VK_HOST_COPY #1082900 bytes=1574912 total=1011737994752
GGML_VK_HOST_COPY #1083000 bytes=1382912 total=1011828106752
GGML_VK_HOST_COPY #1083100 bytes=2624512 total=1011918321152
GGML_VK_HOST_COPY #1083200 bytes=525312 total=1012011786752
GGML_VK_HOST_COPY #1083300 bytes=1574912 total=1012108401152
GGML_VK_HOST_COPY #1083400 bytes=461312 total=1012196234752
GGML_VK_HOST_COPY #1083500 bytes=525312 total=1012275236352
GGML_VK_HOST_COPY #1083600 bytes=525312 total=1012381297152
GGML_VK_HOST_COPY #1083700 bytes=525312 total=1012477911552
GGML_VK_HOST_COPY #1083800 bytes=461312 total=1012566180352
GGML_VK_HOST_COPY #1083900 bytes=2509312 total=1012643645952
GGML_VK_HOST_COPY #1084000 bytes=717312 total=1012710717440
GGML_VK_HOST_COPY #1084100 bytes=461312 total=1012780144128
GGML_VK_HOST_COPY #1084200 bytes=461312 total=1012862217728
GGML_VK_HOST_COPY #1084300 bytes=422912 total=1012952124416
GGML_VK_HOST_COPY #1084400 bytes=1267712 total=1013042991104
GGML_VK_HOST_COPY #1084500 bytes=461312 total=1013129172992
GGML_VK_HOST_COPY #1084600 bytes=922112 total=1013225992192
GGML_VK_HOST_COPY #1084700 bytes=422912 total=1013299348480
GGML_VK_HOST_COPY #1084800 bytes=422912 total=1013377121280
GGML_VK_HOST_COPY #1084900 bytes=1382912 total=1013454625280
GGML_VK_HOST_COPY #1085000 bytes=922112 total=1013535316480
GGML_VK_HOST_COPY #1085100 bytes=422912 total=1013631943680
GGML_VK_HOST_COPY #1085200 bytes=422912 total=1013728723968
GGML_VK_HOST_COPY #1085300 bytes=1382912 total=1013831456256
GGML_VK_HOST_COPY #1085400 bytes=2304512 total=1013943021056
GGML_VK_HOST_COPY #1085500 bytes=2624512 total=1014065695744
GGML_VK_HOST_COPY #1085600 bytes=2624512 total=1014193797632
GGML_VK_HOST_COPY #1085700 bytes=461312 total=1014317035520
GGML_VK_HOST_COPY #1085800 bytes=717312 total=1014427217408
GGML_VK_HOST_COPY #1085900 bytes=717312 total=1014512567808
GGML_VK_HOST_COPY #1086000 bytes=1075712 total=1014594334208
GGML_VK_HOST_COPY #1086100 bytes=461312 total=1014699140608
GGML_VK_HOST_COPY #1086200 bytes=422912 total=1014812164608
GGML_VK_HOST_COPY #1086300 bytes=1267712 total=1014924574208
GGML_VK_HOST_COPY #1086400 bytes=1843712 total=1015030532608
GGML_VK_HOST_COPY #1086500 bytes=1843712 total=1015145323008
GGML_VK_HOST_COPY #1086600 bytes=3674112 total=1015287300608
GGML_VK_HOST_COPY #1086700 bytes=4723712 total=1015440593408
GGML_VK_HOST_COPY #1086800 bytes=3226112 total=1015589483008
GGML_SCHED_UPLOAD_STATS layers=48 copies=6072 bytes=5715688448 branch_ms=52.86 id_ms=48.10 wait_ms=1140.83
GGML_VK_HOST_COPY #1086900 bytes=525312 total=1015725682176
GGML_VK_HOST_COPY #1087000 bytes=525312 total=1015824395776
GGML_VK_HOST_COPY #1087100 bytes=1050112 total=1015915236864
GGML_VK_HOST_COPY #1087200 bytes=461312 total=1016004861952
GGML_VK_HOST_COPY #1087300 bytes=845312 total=1016090948608
GGML_VK_HOST_COPY #1087400 bytes=2112512 total=1016168299008
GGML_VK_HOST_COPY #1087500 bytes=422912 total=1016246494208
GGML_VK_HOST_COPY #1087600 bytes=461312 total=1016331409408
GGML_VK_HOST_COPY #1087700 bytes=1574912 total=1016414404608
GGML_VK_HOST_COPY #1087800 bytes=1050112 total=1016504196096
GGML_VK_HOST_COPY #1087900 bytes=2099712 total=1016591364096
GGML_VK_HOST_COPY #1088000 bytes=922112 total=1016668995584
GGML_VK_HOST_COPY #1088100 bytes=525312 total=1016750492672
GGML_VK_HOST_COPY #1088200 bytes=1050112 total=1016831363072
GGML_VK_HOST_COPY #1088300 bytes=525312 total=1016915907072
GGML_VK_HOST_COPY #1088400 bytes=461312 total=1016991196672
GGML_VK_HOST_COPY #1088500 bytes=1267712 total=1017060636672
GGML_VK_HOST_COPY #1088600 bytes=422912 total=1017137564672
GGML_VK_HOST_COPY #1088700 bytes=461312 total=1017217679872
GGML_VK_HOST_COPY #1088800 bytes=1050112 total=1017294326272
GGML_VK_HOST_COPY #1088900 bytes=525312 total=1017387267072
GGML_VK_HOST_COPY #1089000 bytes=525312 total=1017482307072
GGML_VK_HOST_COPY #1089100 bytes=461312 total=1017565839872
GGML_VK_HOST_COPY #1089200 bytes=525312 total=1017658831872
GGML_VK_HOST_COPY #1089300 bytes=525312 total=1017751772672
GGML_VK_HOST_COPY #1089400 bytes=3674112 total=1017852060672
GGML_VK_HOST_COPY #1089500 bytes=461312 total=1017934223872
GGML_VK_HOST_COPY #1089600 bytes=1574912 total=1018015619072
GGML_VK_HOST_COPY #1089700 bytes=1050112 total=1018115382272
GGML_VK_HOST_COPY #1089800 bytes=525312 total=1018213571072
GGML_VK_HOST_COPY #1089900 bytes=461312 total=1018298921472
GGML_VK_HOST_COPY #1090000 bytes=717312 total=1018367631872
GGML_VK_HOST_COPY #1090100 bytes=358912 total=1018431477760
GGML_VK_HOST_COPY #1090200 bytes=461312 total=1018498498048
GGML_VK_HOST_COPY #1090300 bytes=922112 total=1018578728448
GGML_VK_HOST_COPY #1090400 bytes=422912 total=1018665639936
GGML_VK_HOST_COPY #1090500 bytes=1690112 total=1018753127424
GGML_VK_HOST_COPY #1090600 bytes=461312 total=1018839155712
GGML_VK_HOST_COPY #1090700 bytes=2304512 total=1018936435712
GGML_VK_HOST_COPY #1090800 bytes=845312 total=1019008256000
GGML_VK_HOST_COPY #1090900 bytes=422912 total=1019085606400
GGML_VK_HOST_COPY #1091000 bytes=461312 total=1019161075200
GGML_VK_HOST_COPY #1091100 bytes=461312 total=1019240384000
GGML_VK_HOST_COPY #1091200 bytes=422912 total=1019342233600
GGML_VK_HOST_COPY #1091300 bytes=845312 total=1019441970688
GGML_VK_HOST_COPY #1091400 bytes=461312 total=1019550194176
GGML_VK_HOST_COPY #1091500 bytes=1574912 total=1019666008064
GGML_VK_HOST_COPY #1091600 bytes=2099712 total=1019802507264
GGML_VK_HOST_COPY #1091700 bytes=2099712 total=1019933757952
GGML_VK_HOST_COPY #1091800 bytes=461312 total=1020052695040
GGML_VK_HOST_COPY #1091900 bytes=358912 total=1020153148928
GGML_VK_HOST_COPY #1092000 bytes=717312 total=1020237782528
GGML_VK_HOST_COPY #1092100 bytes=358912 total=1020319548928
GGML_VK_HOST_COPY #1092200 bytes=461312 total=1020420668928
GGML_VK_HOST_COPY #1092300 bytes=2112512 total=1020536496128
GGML_VK_HOST_COPY #1092400 bytes=845312 total=1020642569216
GGML_VK_HOST_COPY #1092500 bytes=2765312 total=1020753979904
GGML_VK_HOST_COPY #1092600 bytes=461312 total=1020865544704
GGML_VK_HOST_COPY #1092700 bytes=2099712 total=1020999880192
GGML_VK_HOST_COPY #1092800 bytes=1574912 total=1021143726592
GGML_VK_HOST_COPY #1092900 bytes=1843712 total=1021295956992
GGML_SCHED_UPLOAD_STATS layers=48 copies=6102 bytes=5695990272 branch_ms=54.78 id_ms=49.55 wait_ms=1134.90
GGML_VK_HOST_COPY #1093000 bytes=525312 total=1021429007360
GGML_VK_HOST_COPY #1093100 bytes=2099712 total=1021528245760
GGML_VK_HOST_COPY #1093200 bytes=525312 total=1021618037248
GGML_VK_HOST_COPY #1093300 bytes=461312 total=1021708571136
GGML_VK_HOST_COPY #1093400 bytes=1690112 total=1021793620992
GGML_VK_HOST_COPY #1093500 bytes=422912 total=1021871393792
GGML_VK_HOST_COPY #1093600 bytes=422912 total=1021951278592
GGML_VK_HOST_COPY #1093700 bytes=922112 total=1022033736192
GGML_VK_HOST_COPY #1093800 bytes=525312 total=1022116680192
GGML_VK_HOST_COPY #1093900 bytes=525312 total=1022208046080
GGML_VK_HOST_COPY #1094000 bytes=525312 total=1022293114880
GGML_VK_HOST_COPY #1094100 bytes=461312 total=1022373037568
GGML_VK_HOST_COPY #1094200 bytes=525312 total=1022455456256
GGML_VK_HOST_COPY #1094300 bytes=1050112 total=1022536851456
GGML_VK_HOST_COPY #1094400 bytes=525312 total=1022621395456
GGML_VK_HOST_COPY #1094500 bytes=461312 total=1022697542656
GGML_VK_HOST_COPY #1094600 bytes=422912 total=1022766022656
GGML_VK_HOST_COPY #1094700 bytes=422912 total=1022843795456
GGML_VK_HOST_COPY #1094800 bytes=461312 total=1022925792256
GGML_VK_HOST_COPY #1094900 bytes=1574912 total=1023004269056
GGML_VK_HOST_COPY #1095000 bytes=525312 total=1023099833856
GGML_VK_HOST_COPY #1095100 bytes=525312 total=1023193299456
GGML_VK_HOST_COPY #1095200 bytes=461312 total=1023276461056
GGML_VK_HOST_COPY #1095300 bytes=1574912 total=1023373625856
GGML_VK_HOST_COPY #1095400 bytes=1050112 total=1023461843456
GGML_VK_HOST_COPY #1095500 bytes=1050112 total=1023561081856
GGML_VK_HOST_COPY #1095600 bytes=461312 total=1023645433856
GGML_VK_HOST_COPY #1095700 bytes=1574912 total=1023726675456
GGML_VK_HOST_COPY #1095800 bytes=525312 total=1023822765056
GGML_VK_HOST_COPY #1095900 bytes=3674112 total=1023921478656
GGML_VK_HOST_COPY #1096000 bytes=2765312 total=1024001248256
GGML_VK_HOST_COPY #1096100 bytes=358912 total=1024074105856
GGML_VK_HOST_COPY #1096200 bytes=1434112 total=1024146194944
GGML_VK_HOST_COPY #1096300 bytes=461312 total=1024218386432
GGML_VK_HOST_COPY #1096400 bytes=922112 total=1024307372032
GGML_VK_HOST_COPY #1096500 bytes=1267712 total=1024395781120
GGML_VK_HOST_COPY #1096600 bytes=422912 total=1024484958208
GGML_VK_HOST_COPY #1096700 bytes=922112 total=1024579012096
GGML_VK_HOST_COPY #1096800 bytes=922112 total=1024677674496
GGML_VK_HOST_COPY #1096900 bytes=1690112 total=1024756944384
GGML_VK_HOST_COPY #1097000 bytes=1690112 total=1024833872384
GGML_VK_HOST_COPY #1097100 bytes=461312 total=1024914141184
GGML_VK_HOST_COPY #1097200 bytes=1382912 total=1024994832384
GGML_VK_HOST_COPY #1097300 bytes=2534912 total=1025101366784
GGML_VK_HOST_COPY #1097400 bytes=422912 total=1025202371072
GGML_VK_HOST_COPY #1097500 bytes=461312 total=1025308943360
GGML_VK_HOST_COPY #1097600 bytes=525312 total=1025425627648
GGML_VK_HOST_COPY #1097700 bytes=1050112 total=1025570523136
GGML_VK_HOST_COPY #1097800 bytes=3149312 total=1025714369536
GGML_VK_HOST_COPY #1097900 bytes=461312 total=1025831335424
GGML_VK_HOST_COPY #1098000 bytes=358912 total=1025932198912
GGML_VK_HOST_COPY #1098100 bytes=717312 total=1026017907712
GGML_VK_HOST_COPY #1098200 bytes=922112 total=1026108122112
GGML_VK_HOST_COPY #1098300 bytes=2765312 total=1026218765312
GGML_VK_HOST_COPY #1098400 bytes=2534912 total=1026348109312
GGML_VK_HOST_COPY #1098500 bytes=422912 total=1026468122112
GGML_VK_HOST_COPY #1098600 bytes=1843712 total=1026598464512
GGML_VK_HOST_COPY #1098700 bytes=525312 total=1026731725312
GGML_VK_HOST_COPY #1098800 bytes=1574912 total=1026892365312
GGML_VK_HOST_COPY #1098900 bytes=1050112 total=1027050906112
GGML_VK_HOST_COPY #1099000 bytes=461312 total=1027179379712
GGML_SCHED_UPLOAD_STATS layers=48 copies=6045 bytes=5804250624 branch_ms=54.81 id_ms=49.61 wait_ms=1148.69
8.59.698.330 I slot print_timing: id  0 | task 8 | prompt processing, n_tokens =  86016, progress = 0.67, t = 455.81 s / 188.71 tokens per second
GGML_VK_HOST_COPY #1099100 bytes=1574912 total=1027293626880
GGML_VK_HOST_COPY #1099200 bytes=1050112 total=1027388666368
GGML_VK_HOST_COPY #1099300 bytes=922112 total=1027483193856
GGML_VK_HOST_COPY #1099400 bytes=2304512 total=1027569414656
GGML_VK_HOST_COPY #1099500 bytes=422912 total=1027649357312
GGML_VK_HOST_COPY #1099600 bytes=1267712 total=1027727552512
GGML_VK_HOST_COPY #1099700 bytes=461312 total=1027809741312
GGML_VK_HOST_COPY #1099800 bytes=922112 total=1027894579712
GGML_VK_HOST_COPY #1099900 bytes=1050112 total=1027980250112
GGML_VK_HOST_COPY #1100000 bytes=525312 total=1028066892800
GGML_VK_HOST_COPY #1100100 bytes=461312 total=1028149631488
GGML_VK_HOST_COPY #1100200 bytes=525312 total=1028229170176
GGML_VK_HOST_COPY #1100300 bytes=525312 total=1028312664576
GGML_VK_HOST_COPY #1100400 bytes=525312 total=1028396683776
GGML_VK_HOST_COPY #1100500 bytes=461312 total=1028468939776
GGML_VK_HOST_COPY #1100600 bytes=1267712 total=1028541029376
GGML_VK_HOST_COPY #1100700 bytes=845312 total=1028615000576
GGML_VK_HOST_COPY #1100800 bytes=422912 total=1028690661376
GGML_VK_HOST_COPY #1100900 bytes=461312 total=1028771045376
GGML_VK_HOST_COPY #1101000 bytes=1050112 total=1028854462976
GGML_VK_HOST_COPY #1101100 bytes=525312 total=1028950552576
GGML_VK_HOST_COPY #1101200 bytes=922112 total=1029042610176
GGML_VK_HOST_COPY #1101300 bytes=461312 total=1029126066176
GGML_VK_HOST_COPY #1101400 bytes=525312 total=1029222373376
GGML_VK_HOST_COPY #1101500 bytes=525312 total=1029318462976
GGML_VK_HOST_COPY #1101600 bytes=461312 total=1029404875776
GGML_VK_HOST_COPY #1101700 bytes=525312 total=1029488382976
GGML_VK_HOST_COPY #1101800 bytes=525312 total=1029582373376
GGML_VK_HOST_COPY #1101900 bytes=525312 total=1029678987776
GGML_VK_HOST_COPY #1102000 bytes=1382912 total=1029769624576
GGML_VK_HOST_COPY #1102100 bytes=717312 total=1029856050176
GGML_VK_HOST_COPY #1102200 bytes=717312 total=1029924555776
GGML_VK_HOST_COPY #1102300 bytes=1075712 total=1029993419264
GGML_VK_HOST_COPY #1102400 bytes=922112 total=1030069245952
GGML_VK_HOST_COPY #1102500 bytes=845312 total=1030159344640
GGML_VK_HOST_COPY #1102600 bytes=1267200 total=1030251900928
GGML_VK_HOST_COPY #1102700 bytes=422912 total=1030337276928
GGML_VK_HOST_COPY #1102800 bytes=461312 total=1030431330816
GGML_VK_HOST_COPY #1102900 bytes=422912 total=1030521928704
GGML_VK_HOST_COPY #1103000 bytes=422912 total=1030597589504
GGML_VK_HOST_COPY #1103100 bytes=422912 total=1030671560704
GGML_VK_HOST_COPY #1103200 bytes=461312 total=1030744648704
GGML_VK_HOST_COPY #1103300 bytes=422912 total=1030838511104
GGML_VK_HOST_COPY #1103400 bytes=1690112 total=1030945006592
GGML_VK_HOST_COPY #1103500 bytes=461312 total=1031051694080
GGML_VK_HOST_COPY #1103600 bytes=461312 total=1031163719680
GGML_VK_HOST_COPY #1103700 bytes=525312 total=1031285869568
GGML_VK_HOST_COPY #1103800 bytes=2099712 total=1031417120256
GGML_VK_HOST_COPY #1103900 bytes=1843712 total=1031540166144
GGML_VK_HOST_COPY #1104000 bytes=1075712 total=1031655416832
GGML_VK_HOST_COPY #1104100 bytes=1075712 total=1031745784832
GGML_VK_HOST_COPY #1104200 bytes=358912 total=1031830418432
GGML_VK_HOST_COPY #1104300 bytes=1382912 total=1031931794432
GGML_VK_HOST_COPY #1104400 bytes=422912 total=1032055954432
GGML_VK_HOST_COPY #1104500 bytes=845312 total=1032167941632
GGML_VK_HOST_COPY #1104600 bytes=461312 total=1032277855232
GGML_VK_HOST_COPY #1104700 bytes=1382912 total=1032402322432
GGML_VK_HOST_COPY #1104800 bytes=1574912 total=1032555244032
GGML_VK_HOST_COPY #1104900 bytes=525312 total=1032724280832
GGML_VK_HOST_COPY #1105000 bytes=461312 total=1032885420032
GGML_SCHED_UPLOAD_STATS layers=48 copies=6024 bytes=5735657472 branch_ms=54.26 id_ms=49.21 wait_ms=1133.47
GGML_VK_HOST_COPY #1105100 bytes=525312 total=1033016665600
GGML_VK_HOST_COPY #1105200 bytes=1050112 total=1033108031488
GGML_VK_HOST_COPY #1105300 bytes=525312 total=1033209893888
GGML_VK_HOST_COPY #1105400 bytes=1382912 total=1033290200576
GGML_VK_HOST_COPY #1105500 bytes=1267712 total=1033374367232
GGML_VK_HOST_COPY #1105600 bytes=845312 total=1033455096832
GGML_VK_HOST_COPY #1105700 bytes=2112512 total=1033532447232
GGML_VK_HOST_COPY #1105800 bytes=461312 total=1033617208832
GGML_VK_HOST_COPY #1105900 bytes=525312 total=1033702764032
GGML_VK_HOST_COPY #1106000 bytes=525312 total=1033788881920
GGML_VK_HOST_COPY #1106100 bytes=461312 total=1033878583808
GGML_VK_HOST_COPY #1106200 bytes=461312 total=1033953284608
GGML_VK_HOST_COPY #1106300 bytes=525312 total=1034041015296
GGML_VK_HOST_COPY #1106400 bytes=525312 total=1034120836096
GGML_VK_HOST_COPY #1106500 bytes=461312 total=1034197303296
GGML_VK_HOST_COPY #1106600 bytes=461312 total=1034272004096
GGML_VK_HOST_COPY #1106700 bytes=845312 total=1034345860096
GGML_VK_HOST_COPY #1106800 bytes=422912 total=1034421098496
GGML_VK_HOST_COPY #1106900 bytes=922112 total=1034500407296
GGML_VK_HOST_COPY #1107000 bytes=525312 total=1034586295296
GGML_VK_HOST_COPY #1107100 bytes=1574912 total=1034681335296
GGML_VK_HOST_COPY #1107200 bytes=1574912 total=1034777424896
GGML_VK_HOST_COPY #1107300 bytes=922112 total=1034856861696
GGML_VK_HOST_COPY #1107400 bytes=1050112 total=1034953949696
GGML_VK_HOST_COPY #1107500 bytes=1574912 total=1035045840896
GGML_VK_HOST_COPY #1107600 bytes=461312 total=1035136260096
GGML_VK_HOST_COPY #1107700 bytes=461312 total=1035224784896
GGML_VK_HOST_COPY #1107800 bytes=2099712 total=1035311786496
GGML_VK_HOST_COPY #1107900 bytes=525312 total=1035405252096
GGML_VK_HOST_COPY #1108000 bytes=922112 total=1035503978496
GGML_VK_HOST_COPY #1108100 bytes=717312 total=1035592708096
GGML_VK_HOST_COPY #1108200 bytes=358912 total=1035661213696
GGML_VK_HOST_COPY #1108300 bytes=2509312 total=1035732227584
GGML_VK_HOST_COPY #1108400 bytes=1382912 total=1035808822272
GGML_VK_HOST_COPY #1108500 bytes=422912 total=1035896232960
GGML_VK_HOST_COPY #1108600 bytes=845312 total=1035982876160
GGML_VK_HOST_COPY #1108700 bytes=422912 total=1036066562048
GGML_VK_HOST_COPY #1108800 bytes=461312 total=1036155777536
GGML_VK_HOST_COPY #1108900 bytes=422912 total=1036249255424
GGML_VK_HOST_COPY #1109000 bytes=845312 total=1036323649024
GGML_VK_HOST_COPY #1109100 bytes=422912 total=1036398887424
GGML_VK_HOST_COPY #1109200 bytes=1382912 total=1036474548224
GGML_VK_HOST_COPY #1109300 bytes=845312 total=1036562919424
GGML_VK_HOST_COPY #1109400 bytes=422912 total=1036664346112
GGML_VK_HOST_COPY #1109500 bytes=422912 total=1036768307712
GGML_VK_HOST_COPY #1109600 bytes=461312 total=1036879872000
GGML_VK_HOST_COPY #1109700 bytes=2624512 total=1036997004288
GGML_VK_HOST_COPY #1109800 bytes=1050112 total=1037126680576
GGML_VK_HOST_COPY #1109900 bytes=922112 total=1037255576064
GGML_VK_HOST_COPY #1110000 bytes=1434112 total=1037377329152
GGML_VK_HOST_COPY #1110100 bytes=717312 total=1037457661952
GGML_VK_HOST_COPY #1110200 bytes=358912 total=1037539427840
GGML_VK_HOST_COPY #1110300 bytes=461312 total=1037632508928
GGML_VK_HOST_COPY #1110400 bytes=422912 total=1037742690816
GGML_VK_HOST_COPY #1110500 bytes=1267712 total=1037855945216
GGML_VK_HOST_COPY #1110600 bytes=1690112 total=1037964130816
GGML_VK_HOST_COPY #1110700 bytes=461312 total=1038085910016
GGML_VK_HOST_COPY #1110800 bytes=525312 total=1038211465216
GGML_VK_HOST_COPY #1110900 bytes=1050112 total=1038375778816
GGML_VK_HOST_COPY #1111000 bytes=2304512 total=1038539414016
GGML_VK_HOST_COPY #1111100 bytes=1382912 total=1038682774016
GGML_SCHED_UPLOAD_STATS layers=48 copies=6054 bytes=5714500096 branch_ms=54.65 id_ms=49.44 wait_ms=1132.78
GGML_VK_HOST_COPY #1111200 bytes=525312 total=1038784182784
GGML_VK_HOST_COPY #1111300 bytes=1574912 total=1038877123072
GGML_VK_HOST_COPY #1111400 bytes=1843712 total=1038969999360
GGML_VK_HOST_COPY #1111500 bytes=461312 total=1039054837760
GGML_VK_HOST_COPY #1111600 bytes=1267712 total=1039136969216
GGML_VK_HOST_COPY #1111700 bytes=845312 total=1039213897216
GGML_VK_HOST_COPY #1111800 bytes=922112 total=1039293782016
GGML_VK_HOST_COPY #1111900 bytes=1050112 total=1039381014016
GGML_VK_HOST_COPY #1112000 bytes=525312 total=1039466082816
GGML_VK_HOST_COPY #1112100 bytes=525312 total=1039555874304
GGML_VK_HOST_COPY #1112200 bytes=461312 total=1039633083392
GGML_VK_HOST_COPY #1112300 bytes=525312 total=1039715591680
GGML_VK_HOST_COPY #1112400 bytes=525312 total=1039799086080
GGML_VK_HOST_COPY #1112500 bytes=1050112 total=1039883105280
GGML_VK_HOST_COPY #1112600 bytes=461312 total=1039955668480
GGML_VK_HOST_COPY #1112700 bytes=422912 total=1040030215680
GGML_VK_HOST_COPY #1112800 bytes=422912 total=1040102919680
GGML_VK_HOST_COPY #1112900 bytes=422912 total=1040177735680
GGML_VK_HOST_COPY #1113000 bytes=461312 total=1040260385280
GGML_VK_HOST_COPY #1113100 bytes=525312 total=1040346913280
GGML_VK_HOST_COPY #1113200 bytes=525312 total=1040440378880
GGML_VK_HOST_COPY #1113300 bytes=461312 total=1040531617280
GGML_VK_HOST_COPY #1113400 bytes=1050112 total=1040617620480
GGML_VK_HOST_COPY #1113500 bytes=525312 total=1040715809280
GGML_VK_HOST_COPY #1113600 bytes=1050112 total=1040809274880
GGML_VK_HOST_COPY #1113700 bytes=922112 total=1040898362880
GGML_VK_HOST_COPY #1113800 bytes=1574912 total=1040979258880
GGML_VK_HOST_COPY #1113900 bytes=2624512 total=1041077447680
GGML_VK_HOST_COPY #1114000 bytes=3149312 total=1041176686080
GGML_VK_HOST_COPY #1114100 bytes=922112 total=1041267514880
GGML_VK_HOST_COPY #1114200 bytes=717312 total=1041349537280
GGML_VK_HOST_COPY #1114300 bytes=358912 total=1041417325568
GGML_VK_HOST_COPY #1114400 bytes=717312 total=1041485831168
GGML_VK_HOST_COPY #1114500 bytes=461312 total=1041568928256
GGML_VK_HOST_COPY #1114600 bytes=1267712 total=1041657298944
GGML_VK_HOST_COPY #1114700 bytes=422912 total=1041749432832
GGML_VK_HOST_COPY #1114800 bytes=461312 total=1041846251520
GGML_VK_HOST_COPY #1114900 bytes=1382912 total=1041938462720
GGML_VK_HOST_COPY #1115000 bytes=422912 total=1042024491008
GGML_VK_HOST_COPY #1115100 bytes=845312 total=1042101841408
GGML_VK_HOST_COPY #1115200 bytes=461312 total=1042180996608
GGML_VK_HOST_COPY #1115300 bytes=922112 total=1042262609408
GGML_VK_HOST_COPY #1115400 bytes=422912 total=1042360811008
GGML_VK_HOST_COPY #1115500 bytes=1690112 total=1042459280896
GGML_VK_HOST_COPY #1115600 bytes=461312 total=1042561744384
GGML_VK_HOST_COPY #1115700 bytes=2099712 total=1042682729472
GGML_VK_HOST_COPY #1115800 bytes=525312 total=1042817128960
GGML_VK_HOST_COPY #1115900 bytes=2099712 total=1042956252160
GGML_VK_HOST_COPY #1116000 bytes=1382912 total=1043070542848
GGML_VK_HOST_COPY #1116100 bytes=358912 total=1043159169536
GGML_VK_HOST_COPY #1116200 bytes=358912 total=1043242010624
GGML_VK_HOST_COPY #1116300 bytes=716800 total=1043323776512
GGML_VK_HOST_COPY #1116400 bytes=461312 total=1043421517312
GGML_VK_HOST_COPY #1116500 bytes=422912 total=1043536499200
GGML_VK_HOST_COPY #1116600 bytes=3379712 total=1043651443200
GGML_VK_HOST_COPY #1116700 bytes=922112 total=1043769728000
GGML_VK_HOST_COPY #1116800 bytes=1050112 total=1043892019200
GGML_VK_HOST_COPY #1116900 bytes=3149312 total=1044055283200
GGML_VK_HOST_COPY #1117000 bytes=1574912 total=1044215398400
GGML_VK_HOST_COPY #1117100 bytes=2304512 total=1044360832000
GGML_SCHED_UPLOAD_STATS layers=48 copies=6030 bytes=5729335808 branch_ms=54.28 id_ms=49.18 wait_ms=1132.66
GGML_VK_HOST_COPY #1117200 bytes=1574912 total=1044492499968
GGML_VK_HOST_COPY #1117300 bytes=1050112 total=1044586489856
GGML_VK_HOST_COPY #1117400 bytes=525312 total=1044684678656
GGML_VK_HOST_COPY #1117500 bytes=461312 total=1044764230144
GGML_VK_HOST_COPY #1117600 bytes=422912 total=1044848896000
GGML_VK_HOST_COPY #1117700 bytes=845312 total=1044928358400
GGML_VK_HOST_COPY #1117800 bytes=922112 total=1045008243200
GGML_VK_HOST_COPY #1117900 bytes=922112 total=1045091699200
GGML_VK_HOST_COPY #1118000 bytes=525312 total=1045178073600
GGML_VK_HOST_COPY #1118100 bytes=525312 total=1045264716288
GGML_VK_HOST_COPY #1118200 bytes=461312 total=1045350770176
GGML_VK_HOST_COPY #1118300 bytes=525312 total=1045431256064
GGML_VK_HOST_COPY #1118400 bytes=525312 total=1045516324864
GGML_VK_HOST_COPY #1118500 bytes=1050112 total=1045596670464
GGML_VK_HOST_COPY #1118600 bytes=461312 total=1045671844864
GGML_VK_HOST_COPY #1118700 bytes=461312 total=1045745163264
GGML_VK_HOST_COPY #1118800 bytes=422912 total=1045818827264
GGML_VK_HOST_COPY #1118900 bytes=422912 total=1045893220864
GGML_VK_HOST_COPY #1119000 bytes=922112 total=1045972568064
GGML_VK_HOST_COPY #1119100 bytes=1574912 total=1046060030464
GGML_VK_HOST_COPY #1119200 bytes=1050112 total=1046155595264
GGML_VK_HOST_COPY #1119300 bytes=461312 total=1046250507264
GGML_VK_HOST_COPY #1119400 bytes=461312 total=1046332120064
GGML_VK_HOST_COPY #1119500 bytes=1050112 total=1046428798464
GGML_VK_HOST_COPY #1119600 bytes=1050112 total=1046524888064
GGML_VK_HOST_COPY #1119700 bytes=2304512 total=1046613233664
GGML_VK_HOST_COPY #1119800 bytes=461312 total=1046697611264
GGML_VK_HOST_COPY #1119900 bytes=525312 total=1046790897664
GGML_VK_HOST_COPY #1120000 bytes=3674112 total=1046892760064
GGML_VK_HOST_COPY #1120100 bytes=461312 total=1046981796864
GGML_VK_HOST_COPY #1120200 bytes=358912 total=1047071755264
GGML_VK_HOST_COPY #1120300 bytes=358912 total=1047139902464
GGML_VK_HOST_COPY #1120400 bytes=1792512 total=1047210557952
GGML_VK_HOST_COPY #1120500 bytes=1382912 total=1047286179840
GGML_VK_HOST_COPY #1120600 bytes=845312 total=1047374550528
GGML_VK_HOST_COPY #1120700 bytes=422912 total=1047466684928
GGML_VK_HOST_COPY #1120800 bytes=845312 total=1047547836416
GGML_VK_HOST_COPY #1120900 bytes=461312 total=1047643656704
GGML_VK_HOST_COPY #1121000 bytes=422912 total=1047740091392
GGML_VK_HOST_COPY #1121100 bytes=845312 total=1047814062592
GGML_VK_HOST_COPY #1121200 bytes=2112512 total=1047890568192
GGML_VK_HOST_COPY #1121300 bytes=461312 total=1047965576192
GGML_VK_HOST_COPY #1121400 bytes=845312 total=1048051912192
GGML_VK_HOST_COPY #1121500 bytes=1690112 total=1048161364480
GGML_VK_HOST_COPY #1121600 bytes=1690112 total=1048267860480
GGML_VK_HOST_COPY #1121700 bytes=922112 total=1048385184768
GGML_VK_HOST_COPY #1121800 bytes=525312 total=1048504659456
GGML_VK_HOST_COPY #1121900 bytes=2624512 total=1048632236544
GGML_VK_HOST_COPY #1122000 bytes=2304512 total=1048760914432
GGML_VK_HOST_COPY #1122100 bytes=717312 total=1048871198720
GGML_VK_HOST_COPY #1122200 bytes=2150912 total=1048957982720
GGML_VK_HOST_COPY #1122300 bytes=1075712 total=1049036165120
GGML_VK_HOST_COPY #1122400 bytes=461312 total=1049132472320
GGML_VK_HOST_COPY #1122500 bytes=1690112 total=1049251179520
GGML_VK_HOST_COPY #1122600 bytes=2112512 total=1049355985920
GGML_VK_HOST_COPY #1122700 bytes=422912 total=1049462481920
GGML_VK_HOST_COPY #1122800 bytes=461312 total=1049582187520
GGML_VK_HOST_COPY #1122900 bytes=1050112 total=1049704491520
GGML_VK_HOST_COPY #1123000 bytes=3674112 total=1049861982720
GGML_VK_HOST_COPY #1123100 bytes=2765312 total=1050014597120
GGML_VK_HOST_COPY #1123200 bytes=1382912 total=1050151045120
GGML_SCHED_UPLOAD_STATS layers=48 copies=6069 bytes=5720269312 branch_ms=54.42 id_ms=49.25 wait_ms=1127.93
9.13.371.350 I slot print_timing: id  0 | task 8 | prompt processing, n_tokens =  88064, progress = 0.69, t = 469.49 s / 187.58 tokens per second
GGML_VK_HOST_COPY #1123300 bytes=3149312 total=1050251609088
GGML_VK_HOST_COPY #1123400 bytes=525312 total=1050345074176
GGML_VK_HOST_COPY #1123500 bytes=922112 total=1050434584064
GGML_VK_HOST_COPY #1123600 bytes=461312 total=1050524030464
GGML_VK_HOST_COPY #1123700 bytes=422912 total=1050605432320
GGML_VK_HOST_COPY #1123800 bytes=1690112 total=1050682360320
GGML_VK_HOST_COPY #1123900 bytes=461312 total=1050762513920
GGML_VK_HOST_COPY #1124000 bytes=1050112 total=1050849489920
GGML_VK_HOST_COPY #1124100 bytes=525312 total=1050933509120
GGML_VK_HOST_COPY #1124200 bytes=525312 total=1051022251008
GGML_VK_HOST_COPY #1124300 bytes=461312 total=1051102276096
GGML_VK_HOST_COPY #1124400 bytes=525312 total=1051185117184
GGML_VK_HOST_COPY #1124500 bytes=525312 total=1051268611584
GGML_VK_HOST_COPY #1124600 bytes=525312 total=1051351581184
GGML_VK_HOST_COPY #1124700 bytes=461312 total=1051426371584
GGML_VK_HOST_COPY #1124800 bytes=422912 total=1051500189184
GGML_VK_HOST_COPY #1124900 bytes=422912 total=1051573737984
GGML_VK_HOST_COPY #1125000 bytes=845312 total=1051649821184
GGML_VK_HOST_COPY #1125100 bytes=461312 total=1051732393984
GGML_VK_HOST_COPY #1125200 bytes=525312 total=1051819779584
GGML_VK_HOST_COPY #1125300 bytes=525312 total=1051912720384
GGML_VK_HOST_COPY #1125400 bytes=922112 total=1052004803584
GGML_VK_HOST_COPY #1125500 bytes=461312 total=1052088259584
GGML_VK_HOST_COPY #1125600 bytes=1574912 total=1052185398784
GGML_VK_HOST_COPY #1125700 bytes=525312 total=1052280438784
GGML_VK_HOST_COPY #1125800 bytes=461312 total=1052368451584
GGML_VK_HOST_COPY #1125900 bytes=525312 total=1052452457984
GGML_VK_HOST_COPY #1126000 bytes=525312 total=1052548547584
GGML_VK_HOST_COPY #1126100 bytes=525312 total=1052645686784
GGML_VK_HOST_COPY #1126200 bytes=1382912 total=1052735760384
GGML_VK_HOST_COPY #1126300 bytes=358912 total=1052823158784
GGML_VK_HOST_COPY #1126400 bytes=717312 total=1052894172672
GGML_VK_HOST_COPY #1126500 bytes=717312 total=1052964111872
GGML_VK_HOST_COPY #1126600 bytes=461312 total=1053051714560
GGML_VK_HOST_COPY #1126700 bytes=422912 total=1053139778048
GGML_VK_HOST_COPY #1126800 bytes=422912 total=1053230644736
GGML_VK_HOST_COPY #1126900 bytes=422912 total=1053324046336
GGML_VK_HOST_COPY #1127000 bytes=3226112 total=1053416103424
GGML_VK_HOST_COPY #1127100 bytes=422912 total=1053500250112
GGML_VK_HOST_COPY #1127200 bytes=845312 total=1053580134912
GGML_VK_HOST_COPY #1127300 bytes=422912 total=1053654106112
GGML_VK_HOST_COPY #1127400 bytes=1843712 total=1053733030912
GGML_VK_HOST_COPY #1127500 bytes=1267712 total=1053823245312
GGML_VK_HOST_COPY #1127600 bytes=1267712 total=1053927628800
GGML_VK_HOST_COPY #1127700 bytes=1843712 total=1054035007488
GGML_VK_HOST_COPY #1127800 bytes=3226112 total=1054145650688
GGML_VK_HOST_COPY #1127900 bytes=525312 total=1054262987776
GGML_VK_HOST_COPY #1128000 bytes=2099712 total=1054389515264
GGML_VK_HOST_COPY #1128100 bytes=461312 total=1054516029952
GGML_VK_HOST_COPY #1128200 bytes=1434112 total=1054632099840
GGML_VK_HOST_COPY #1128300 bytes=717312 total=1054718883840
GGML_VK_HOST_COPY #1128400 bytes=717312 total=1054805309440
GGML_VK_HOST_COPY #1128500 bytes=1843712 total=1054902435840
GGML_VK_HOST_COPY #1128600 bytes=422912 total=1055021335040
GGML_VK_HOST_COPY #1128700 bytes=422912 total=1055134167040
GGML_VK_HOST_COPY #1128800 bytes=1267712 total=1055255447040
GGML_VK_HOST_COPY #1128900 bytes=1382912 total=1055374346240
GGML_VK_HOST_COPY #1129000 bytes=1574912 total=1055496931840
GGML_VK_HOST_COPY #1129100 bytes=1050112 total=1055660195840
GGML_VK_HOST_COPY #1129200 bytes=1382912 total=1055824931840
GGML_SCHED_UPLOAD_STATS layers=48 copies=6078 bytes=5792465920 branch_ms=54.81 id_ms=49.54 wait_ms=1137.21
GGML_VK_HOST_COPY #1129300 bytes=525312 total=1055975275008
GGML_VK_HOST_COPY #1129400 bytes=525312 total=1056076612608
GGML_VK_HOST_COPY #1129500 bytes=2099712 total=1056165879296
GGML_VK_HOST_COPY #1129600 bytes=922112 total=1056256899584
GGML_VK_HOST_COPY #1129700 bytes=422912 total=1056343715840
GGML_VK_HOST_COPY #1129800 bytes=422912 total=1056419799040
GGML_VK_HOST_COPY #1129900 bytes=422912 total=1056503485440
GGML_VK_HOST_COPY #1130000 bytes=1382912 total=1056582064640
GGML_VK_HOST_COPY #1130100 bytes=525312 total=1056666096640
GGML_VK_HOST_COPY #1130200 bytes=525312 total=1056757987328
GGML_VK_HOST_COPY #1130300 bytes=1050112 total=1056842006528
GGML_VK_HOST_COPY #1130400 bytes=1382912 total=1056923209216
GGML_VK_HOST_COPY #1130500 bytes=525312 total=1057006971904
GGML_VK_HOST_COPY #1130600 bytes=525312 total=1057088891904
GGML_VK_HOST_COPY #1130700 bytes=1050112 total=1057172386304
GGML_VK_HOST_COPY #1130800 bytes=461312 total=1057249685504
GGML_VK_HOST_COPY #1130900 bytes=422912 total=1057318895104
GGML_VK_HOST_COPY #1131000 bytes=422912 total=1057398357504
GGML_VK_HOST_COPY #1131100 bytes=461312 total=1057477858304
GGML_VK_HOST_COPY #1131200 bytes=525312 total=1057556501504
GGML_VK_HOST_COPY #1131300 bytes=525312 total=1057649967104
GGML_VK_HOST_COPY #1131400 bytes=3149312 total=1057748155904
GGML_VK_HOST_COPY #1131500 bytes=922112 total=1057830754304
GGML_VK_HOST_COPY #1131600 bytes=525312 total=1057924091904
GGML_VK_HOST_COPY #1131700 bytes=1050112 total=1058019656704
GGML_VK_HOST_COPY #1131800 bytes=525312 total=1058118895104
GGML_VK_HOST_COPY #1131900 bytes=461312 total=1058204207104
GGML_VK_HOST_COPY #1132000 bytes=525312 total=1058283503104
GGML_VK_HOST_COPY #1132100 bytes=525312 total=1058382216704
GGML_VK_HOST_COPY #1132200 bytes=525312 total=1058477256704
GGML_VK_HOST_COPY #1132300 bytes=1843712 total=1058561071104
GGML_VK_HOST_COPY #1132400 bytes=717312 total=1058634747904
GGML_VK_HOST_COPY #1132500 bytes=717312 total=1058703969792
GGML_VK_HOST_COPY #1132600 bytes=1382912 total=1058774215680
GGML_VK_HOST_COPY #1132700 bytes=922112 total=1058859975680
GGML_VK_HOST_COPY #1132800 bytes=1267712 total=1058946272768
GGML_VK_HOST_COPY #1132900 bytes=422912 total=1059033760256
GGML_VK_HOST_COPY #1133000 bytes=1843712 total=1059120402944
GGML_VK_HOST_COPY #1133100 bytes=461312 total=1059214457344
GGML_VK_HOST_COPY #1133200 bytes=422912 total=1059291423232
GGML_VK_HOST_COPY #1133300 bytes=845312 total=1059372152832
GGML_VK_HOST_COPY #1133400 bytes=1382912 total=1059448466432
GGML_VK_HOST_COPY #1133500 bytes=461312 total=1059530540032
GGML_VK_HOST_COPY #1133600 bytes=1267712 total=1059626629632
GGML_VK_HOST_COPY #1133700 bytes=2112512 total=1059722142720
GGML_VK_HOST_COPY #1133800 bytes=922112 total=1059828369408
GGML_VK_HOST_COPY #1133900 bytes=1050112 total=1059938986496
GGML_VK_HOST_COPY #1134000 bytes=525312 total=1060082308096
GGML_VK_HOST_COPY #1134100 bytes=2624512 total=1060210409984
GGML_VK_HOST_COPY #1134200 bytes=461312 total=1060334377472
GGML_VK_HOST_COPY #1134300 bytes=717312 total=1060445736960
GGML_VK_HOST_COPY #1134400 bytes=717312 total=1060532879360
GGML_VK_HOST_COPY #1134500 bytes=717312 total=1060618946560
GGML_VK_HOST_COPY #1134600 bytes=461312 total=1060724008960
GGML_VK_HOST_COPY #1134700 bytes=2534912 total=1060843714560
GGML_VK_HOST_COPY #1134800 bytes=1267712 total=1060957813760
GGML_VK_HOST_COPY #1134900 bytes=461312 total=1061081436160
GGML_VK_HOST_COPY #1135000 bytes=461312 total=1061210050560
GGML_VK_HOST_COPY #1135100 bytes=4198912 total=1061365967360
GGML_VK_HOST_COPY #1135200 bytes=4198912 total=1061528706560
GGML_VK_HOST_COPY #1135300 bytes=922112 total=1061676226560
GGML_SCHED_UPLOAD_STATS layers=48 copies=6051 bytes=5774890496 branch_ms=54.56 id_ms=49.43 wait_ms=1152.47
GGML_VK_HOST_COPY #1135400 bytes=525312 total=1061806857728
GGML_VK_HOST_COPY #1135500 bytes=525312 total=1061902422016
GGML_VK_HOST_COPY #1135600 bytes=1050112 total=1061999561216
GGML_VK_HOST_COPY #1135700 bytes=1382912 total=1062081007104
GGML_VK_HOST_COPY #1135800 bytes=845312 total=1062163330560
GGML_VK_HOST_COPY #1135900 bytes=422912 total=1062245327360
GGML_VK_HOST_COPY #1136000 bytes=2304512 total=1062325020160
GGML_VK_HOST_COPY #1136100 bytes=1382912 total=1062407093760
GGML_VK_HOST_COPY #1136200 bytes=525312 total=1062494530560
GGML_VK_HOST_COPY #1136300 bytes=1050112 total=1062581173248
GGML_VK_HOST_COPY #1136400 bytes=461312 total=1062667547136
GGML_VK_HOST_COPY #1136500 bytes=461312 total=1062747316736
GGML_VK_HOST_COPY #1136600 bytes=1050112 total=1062829108224
GGML_VK_HOST_COPY #1136700 bytes=525312 total=1062907879424
GGML_VK_HOST_COPY #1136800 bytes=461312 total=1062982580224
GGML_VK_HOST_COPY #1136900 bytes=2304512 total=1063055437824
GGML_VK_HOST_COPY #1137000 bytes=422912 total=1063128909824
GGML_VK_HOST_COPY #1137100 bytes=422912 total=1063204993024
GGML_VK_HOST_COPY #1137200 bytes=1843712 total=1063284993024
GGML_VK_HOST_COPY #1137300 bytes=525312 total=1063371482624
GGML_VK_HOST_COPY #1137400 bytes=1574912 total=1063467047424
GGML_VK_HOST_COPY #1137500 bytes=525312 total=1063563137024
GGML_VK_HOST_COPY #1137600 bytes=461312 total=1063643828224
GGML_VK_HOST_COPY #1137700 bytes=1050112 total=1063741953024
GGML_VK_HOST_COPY #1137800 bytes=525312 total=1063835943424
GGML_VK_HOST_COPY #1137900 bytes=2304512 total=1063924813824
GGML_VK_HOST_COPY #1138000 bytes=461312 total=1064009191424
GGML_VK_HOST_COPY #1138100 bytes=1050112 total=1064097818624
GGML_VK_HOST_COPY #1138200 bytes=525312 total=1064195482624
GGML_VK_HOST_COPY #1138300 bytes=461312 total=1064285364224
GGML_VK_HOST_COPY #1138400 bytes=717312 total=1064372097024
GGML_VK_HOST_COPY #1138500 bytes=358912 total=1064440961024
GGML_VK_HOST_COPY #1138600 bytes=358912 total=1064511258112
GGML_VK_HOST_COPY #1138700 bytes=922112 total=1064586572800
GGML_VK_HOST_COPY #1138800 bytes=845312 total=1064677938688
GGML_VK_HOST_COPY #1138900 bytes=2112512 total=1064769228288
GGML_VK_HOST_COPY #1139000 bytes=422912 total=1064855448576
GGML_VK_HOST_COPY #1139100 bytes=1382912 total=1064954417664
GGML_VK_HOST_COPY #1139200 bytes=422912 total=1065049508352
GGML_VK_HOST_COPY #1139300 bytes=422912 total=1065126436352
GGML_VK_HOST_COPY #1139400 bytes=1267712 total=1065207588352
GGML_VK_HOST_COPY #1139500 bytes=461312 total=1065287473152
GGML_VK_HOST_COPY #1139600 bytes=1690112 total=1065377994752
GGML_VK_HOST_COPY #1139700 bytes=422912 total=1065480266240
GGML_VK_HOST_COPY #1139800 bytes=461312 total=1065587376128
GGML_VK_HOST_COPY #1139900 bytes=461312 total=1065693411328
GGML_VK_HOST_COPY #1140000 bytes=525312 total=1065820028416
GGML_VK_HOST_COPY #1140100 bytes=2099712 total=1065952328704
GGML_VK_HOST_COPY #1140200 bytes=1382912 total=1066083604992
GGML_VK_HOST_COPY #1140300 bytes=717312 total=1066196858880
GGML_VK_HOST_COPY #1140400 bytes=358912 total=1066285434880
GGML_VK_HOST_COPY #1140500 bytes=358912 total=1066370068480
GGML_VK_HOST_COPY #1140600 bytes=2765312 total=1066471956480
GGML_VK_HOST_COPY #1140700 bytes=845312 total=1066590970880
GGML_VK_HOST_COPY #1140800 bytes=422912 total=1066713940480
GGML_VK_HOST_COPY #1140900 bytes=1843712 total=1066833684480
GGML_VK_HOST_COPY #1141000 bytes=461312 total=1066965524480
GGML_VK_HOST_COPY #1141100 bytes=1050112 total=1067113646080
GGML_VK_HOST_COPY #1141200 bytes=5248512 total=1067259591680
GGML_VK_HOST_COPY #1141300 bytes=461312 total=1067404820480
GGML_SCHED_UPLOAD_STATS layers=48 copies=6030 bytes=5748998144 branch_ms=52.99 id_ms=48.00 wait_ms=1151.35
GGML_VK_HOST_COPY #1141400 bytes=525312 total=1067535886848
GGML_VK_HOST_COPY #1141500 bytes=1050112 total=1067634600448
GGML_VK_HOST_COPY #1141600 bytes=1574912 total=1067724916736
GGML_VK_HOST_COPY #1141700 bytes=461312 total=1067815130624
GGML_VK_HOST_COPY #1141800 bytes=422912 total=1067900833280
GGML_VK_HOST_COPY #1141900 bytes=422912 total=1067976916480
GGML_VK_HOST_COPY #1142000 bytes=422912 total=1068056801280
GGML_VK_HOST_COPY #1142100 bytes=1843712 total=1068141678080
GGML_VK_HOST_COPY #1142200 bytes=1050112 total=1068223559680
GGML_VK_HOST_COPY #1142300 bytes=1050112 total=1068314400768
GGML_VK_HOST_COPY #1142400 bytes=525312 total=1068401568768
GGML_VK_HOST_COPY #1142500 bytes=461312 total=1068479136256
GGML_VK_HOST_COPY #1142600 bytes=1050112 total=1068564959744
GGML_VK_HOST_COPY #1142700 bytes=1050112 total=1068643730944
GGML_VK_HOST_COPY #1142800 bytes=525312 total=1068727225344
GGML_VK_HOST_COPY #1142900 bytes=1843712 total=1068802975744
GGML_VK_HOST_COPY #1143000 bytes=1267712 total=1068872031744
GGML_VK_HOST_COPY #1143100 bytes=422912 total=1068948959744
GGML_VK_HOST_COPY #1143200 bytes=461312 total=1069030073344
GGML_VK_HOST_COPY #1143300 bytes=1050112 total=1069107103744
GGML_VK_HOST_COPY #1143400 bytes=525312 total=1069202668544
GGML_VK_HOST_COPY #1143500 bytes=1050112 total=1069296134144
GGML_VK_HOST_COPY #1143600 bytes=922112 total=1069378642944
GGML_VK_HOST_COPY #1143700 bytes=1574912 total=1069477113344
GGML_VK_HOST_COPY #1143800 bytes=525312 total=1069567954944
GGML_VK_HOST_COPY #1143900 bytes=525312 total=1069665094144
GGML_VK_HOST_COPY #1144000 bytes=1382912 total=1069749458944
GGML_VK_HOST_COPY #1144100 bytes=525312 total=1069835410944
GGML_VK_HOST_COPY #1144200 bytes=1574912 total=1069929926144
GGML_VK_HOST_COPY #1144300 bytes=461312 total=1070029574144
GGML_VK_HOST_COPY #1144400 bytes=461312 total=1070110265344
GGML_VK_HOST_COPY #1144500 bytes=2867712 total=1070183276544
GGML_VK_HOST_COPY #1144600 bytes=358912 total=1070250706432
GGML_VK_HOST_COPY #1144700 bytes=461312 total=1070327147520
GGML_VK_HOST_COPY #1144800 bytes=422912 total=1070417015808
GGML_VK_HOST_COPY #1144900 bytes=845312 total=1070495211008
GGML_VK_HOST_COPY #1145000 bytes=422912 total=1070584388096
GGML_VK_HOST_COPY #1145100 bytes=461312 total=1070671030784
GGML_VK_HOST_COPY #1145200 bytes=845312 total=1070771881472
GGML_VK_HOST_COPY #1145300 bytes=1267712 total=1070854723072
GGML_VK_HOST_COPY #1145400 bytes=422912 total=1070929539072
GGML_VK_HOST_COPY #1145500 bytes=461312 total=1071018140672
GGML_VK_HOST_COPY #1145600 bytes=422912 total=1071104899072
GGML_VK_HOST_COPY #1145700 bytes=845312 total=1071212239360
GGML_VK_HOST_COPY #1145800 bytes=1690112 total=1071314511360
GGML_VK_HOST_COPY #1145900 bytes=461312 total=1071421314048
GGML_VK_HOST_COPY #1146000 bytes=1050112 total=1071542747136
GGML_VK_HOST_COPY #1146100 bytes=525312 total=1071677671424
GGML_VK_HOST_COPY #1146200 bytes=922112 total=1071806438912
GGML_VK_HOST_COPY #1146300 bytes=1434112 total=1071928857600
GGML_VK_HOST_COPY #1146400 bytes=1434112 total=1072009190400
GGML_VK_HOST_COPY #1146500 bytes=358912 total=1072089523200
GGML_VK_HOST_COPY #1146600 bytes=461312 total=1072181785600
GGML_VK_HOST_COPY #1146700 bytes=461312 total=1072283673600
GGML_VK_HOST_COPY #1146800 bytes=422912 total=1072389670400
GGML_VK_HOST_COPY #1146900 bytes=845312 total=1072506303488
GGML_VK_HOST_COPY #1147000 bytes=461312 total=1072621438976
GGML_VK_HOST_COPY #1147100 bytes=525312 total=1072754059264
GGML_VK_HOST_COPY #1147200 bytes=1050112 total=1072926769664
GGML_VK_HOST_COPY #1147300 bytes=461312 total=1073098571264
GGML_SCHED_UPLOAD_STATS layers=48 copies=6018 bytes=5721521664 branch_ms=54.56 id_ms=49.44 wait_ms=1143.34
9.27.167.604 I slot print_timing: id  0 | task 8 | prompt processing, n_tokens =  90112, progress = 0.70, t = 483.28 s / 186.46 tokens per second
GGML_VK_HOST_COPY #1147400 bytes=1050112 total=1073249516032
GGML_VK_HOST_COPY #1147500 bytes=525312 total=1073348754432
GGML_VK_HOST_COPY #1147600 bytes=1574912 total=1073438545920
GGML_VK_HOST_COPY #1147700 bytes=922112 total=1073528695808
GGML_VK_HOST_COPY #1147800 bytes=461312 total=1073613534208
GGML_VK_HOST_COPY #1147900 bytes=422912 total=1073693284864
GGML_VK_HOST_COPY #1148000 bytes=1267712 total=1073775281664
GGML_VK_HOST_COPY #1148100 bytes=1843712 total=1073855704064
GGML_VK_HOST_COPY #1148200 bytes=525312 total=1073940337664
GGML_VK_HOST_COPY #1148300 bytes=524800 total=1074030653952
GGML_VK_HOST_COPY #1148400 bytes=525312 total=1074115722752
GGML_VK_HOST_COPY #1148500 bytes=922112 total=1074195466240
GGML_VK_HOST_COPY #1148600 bytes=1050112 total=1074279113728
GGML_VK_HOST_COPY #1148700 bytes=525312 total=1074357884928
GGML_VK_HOST_COPY #1148800 bytes=525312 total=1074441904128
GGML_VK_HOST_COPY #1148900 bytes=461312 total=1074517334528
GGML_VK_HOST_COPY #1149000 bytes=845312 total=1074588579328
GGML_VK_HOST_COPY #1149100 bytes=2957312 total=1074667619328
GGML_VK_HOST_COPY #1149200 bytes=1382912 total=1074739747328
GGML_VK_HOST_COPY #1149300 bytes=461312 total=1074819516928
GGML_VK_HOST_COPY #1149400 bytes=525312 total=1074912944128
GGML_VK_HOST_COPY #1149500 bytes=525312 total=1075003785728
GGML_VK_HOST_COPY #1149600 bytes=461312 total=1075092592128
GGML_VK_HOST_COPY #1149700 bytes=1050112 total=1075185225728
GGML_VK_HOST_COPY #1149800 bytes=1574912 total=1075283939328
GGML_VK_HOST_COPY #1149900 bytes=1050112 total=1075385801728
GGML_VK_HOST_COPY #1150000 bytes=922112 total=1075474518528
GGML_VK_HOST_COPY #1150100 bytes=525312 total=1075557436928
GGML_VK_HOST_COPY #1150200 bytes=1050112 total=1075660873728
GGML_VK_HOST_COPY #1150300 bytes=525312 total=1075761686528
GGML_VK_HOST_COPY #1150400 bytes=461312 total=1075849276928
GGML_VK_HOST_COPY #1150500 bytes=717312 total=1075921622528
GGML_VK_HOST_COPY #1150600 bytes=1434112 total=1075991561216
GGML_VK_HOST_COPY #1150700 bytes=1382912 total=1076062831104
GGML_VK_HOST_COPY #1150800 bytes=922112 total=1076152738304
GGML_VK_HOST_COPY #1150900 bytes=1267712 total=1076233505792
GGML_VK_HOST_COPY #1151000 bytes=422912 total=1076319726080
GGML_VK_HOST_COPY #1151100 bytes=922112 total=1076405715968
GGML_VK_HOST_COPY #1151200 bytes=922112 total=1076497466368
GGML_VK_HOST_COPY #1151300 bytes=845312 total=1076575315456
GGML_VK_HOST_COPY #1151400 bytes=845312 total=1076656467456
GGML_VK_HOST_COPY #1151500 bytes=2304512 total=1076734701056
GGML_VK_HOST_COPY #1151600 bytes=461312 total=1076816313856
GGML_VK_HOST_COPY #1151700 bytes=845312 total=1076916205056
GGML_VK_HOST_COPY #1151800 bytes=1267712 total=1077020166144
GGML_VK_HOST_COPY #1151900 bytes=461312 total=1077125125632
GGML_VK_HOST_COPY #1152000 bytes=1050112 total=1077238315520
GGML_VK_HOST_COPY #1152100 bytes=525312 total=1077373764608
GGML_VK_HOST_COPY #1152200 bytes=2624512 total=1077499243008
GGML_VK_HOST_COPY #1152300 bytes=461312 total=1077613392896
GGML_VK_HOST_COPY #1152400 bytes=1075712 total=1077720963584
GGML_VK_HOST_COPY #1152500 bytes=358912 total=1077809897984
GGML_VK_HOST_COPY #1152600 bytes=461312 total=1077899907584
GGML_VK_HOST_COPY #1152700 bytes=1382912 total=1078011472384
GGML_VK_HOST_COPY #1152800 bytes=1690112 total=1078136093184
GGML_VK_HOST_COPY #1152900 bytes=1690112 total=1078260751872
GGML_VK_HOST_COPY #1153000 bytes=922112 total=1078389250560
GGML_VK_HOST_COPY #1153100 bytes=2624512 total=1078523061248
GGML_VK_HOST_COPY #1153200 bytes=1050112 total=1078678453248
GGML_VK_HOST_COPY #1153300 bytes=2099712 total=1078836469248
GGML_VK_HOST_COPY #1153400 bytes=922112 total=1078965147648
GGML_SCHED_UPLOAD_STATS layers=48 copies=6024 bytes=5744999936 branch_ms=54.52 id_ms=49.39 wait_ms=1142.04
GGML_VK_HOST_COPY #1153500 bytes=525312 total=1079075362816
GGML_VK_HOST_COPY #1153600 bytes=1574912 total=1079170402304
GGML_VK_HOST_COPY #1153700 bytes=922112 total=1079263432192
GGML_VK_HOST_COPY #1153800 bytes=461312 total=1079350574592
GGML_VK_HOST_COPY #1153900 bytes=1690112 total=1079430594048
GGML_VK_HOST_COPY #1154000 bytes=422912 total=1079506254848
GGML_VK_HOST_COPY #1154100 bytes=1382912 total=1079590440448
GGML_VK_HOST_COPY #1154200 bytes=1050112 total=1079675867648
GGML_VK_HOST_COPY #1154300 bytes=525312 total=1079760411648
GGML_VK_HOST_COPY #1154400 bytes=1050112 total=1079847579136
GGML_VK_HOST_COPY #1154500 bytes=461312 total=1079928487424
GGML_VK_HOST_COPY #1154600 bytes=2624512 total=1080011430912
GGML_VK_HOST_COPY #1154700 bytes=525312 total=1080092826112
GGML_VK_HOST_COPY #1154800 bytes=525312 total=1080175795712
GGML_VK_HOST_COPY #1154900 bytes=922112 total=1080251610112
GGML_VK_HOST_COPY #1155000 bytes=1267712 total=1080320819712
GGML_VK_HOST_COPY #1155100 bytes=422912 total=1080393523712
GGML_VK_HOST_COPY #1155200 bytes=845312 total=1080470029312
GGML_VK_HOST_COPY #1155300 bytes=461312 total=1080548800512
GGML_VK_HOST_COPY #1155400 bytes=525312 total=1080634573312
GGML_VK_HOST_COPY #1155500 bytes=525312 total=1080730662912
GGML_VK_HOST_COPY #1155600 bytes=922112 total=1080822874112
GGML_VK_HOST_COPY #1155700 bytes=1050112 total=1080905997312
GGML_VK_HOST_COPY #1155800 bytes=1050112 total=1081008909312
GGML_VK_HOST_COPY #1155900 bytes=1050112 total=1081108147712
GGML_VK_HOST_COPY #1156000 bytes=461312 total=1081202035712
GGML_VK_HOST_COPY #1156100 bytes=1050112 total=1081285555712
GGML_VK_HOST_COPY #1156200 bytes=1050112 total=1081387942912
GGML_VK_HOST_COPY #1156300 bytes=1050112 total=1081487706112
GGML_VK_HOST_COPY #1156400 bytes=461312 total=1081577766912
GGML_VK_HOST_COPY #1156500 bytes=358912 total=1081656512512
GGML_VK_HOST_COPY #1156600 bytes=1075712 total=1081724659200
GGML_VK_HOST_COPY #1156700 bytes=358912 total=1081791014400
GGML_VK_HOST_COPY #1156800 bytes=922112 total=1081872012288
GGML_VK_HOST_COPY #1156900 bytes=422912 total=1081956235776
GGML_VK_HOST_COPY #1157000 bytes=422912 total=1082042878464
GGML_VK_HOST_COPY #1157100 bytes=422912 total=1082125720064
GGML_VK_HOST_COPY #1157200 bytes=1382912 total=1082212516352
GGML_VK_HOST_COPY #1157300 bytes=422912 total=1082303152640
GGML_VK_HOST_COPY #1157400 bytes=422912 total=1082377968640
GGML_VK_HOST_COPY #1157500 bytes=422912 total=1082454051840
GGML_VK_HOST_COPY #1157600 bytes=461312 total=1082525911040
GGML_VK_HOST_COPY #1157700 bytes=422912 total=1082611901440
GGML_VK_HOST_COPY #1157800 bytes=422912 total=1082713328128
GGML_VK_HOST_COPY #1157900 bytes=845312 total=1082811798528
GGML_VK_HOST_COPY #1158000 bytes=1382912 total=1082918870016
GGML_VK_HOST_COPY #1158100 bytes=525312 total=1083027912704
GGML_VK_HOST_COPY #1158200 bytes=2624512 total=1083168609792
GGML_VK_HOST_COPY #1158300 bytes=922112 total=1083307066880
GGML_VK_HOST_COPY #1158400 bytes=461312 total=1083431994880
GGML_VK_HOST_COPY #1158500 bytes=717312 total=1083510944768
GGML_VK_HOST_COPY #1158600 bytes=358912 total=1083589843968
GGML_VK_HOST_COPY #1158700 bytes=461312 total=1083682413568
GGML_VK_HOST_COPY #1158800 bytes=1267712 total=1083787834368
GGML_VK_HOST_COPY #1158900 bytes=1690112 total=1083888416768
GGML_VK_HOST_COPY #1159000 bytes=845312 total=1083997024256
GGML_VK_HOST_COPY #1159100 bytes=461312 total=1084106706944
GGML_VK_HOST_COPY #1159200 bytes=1050112 total=1084228792832
GGML_VK_HOST_COPY #1159300 bytes=2099712 total=1084386284032
GGML_VK_HOST_COPY #1159400 bytes=1574912 total=1084537477632
GGML_VK_HOST_COPY #1159500 bytes=922112 total=1084682117632
GGML_SCHED_UPLOAD_STATS layers=48 copies=6108 bytes=5722617344 branch_ms=53.78 id_ms=48.76 wait_ms=1135.44
GGML_VK_HOST_COPY #1159600 bytes=525312 total=1084797964800
GGML_VK_HOST_COPY #1159700 bytes=1050112 total=1084892479488
GGML_VK_HOST_COPY #1159800 bytes=525312 total=1084988569088
GGML_VK_HOST_COPY #1159900 bytes=1382912 total=1085073074176
GGML_VK_HOST_COPY #1160000 bytes=845312 total=1085155244032
GGML_VK_HOST_COPY #1160100 bytes=422912 total=1085232594432
GGML_VK_HOST_COPY #1160200 bytes=2304512 total=1085315244032
GGML_VK_HOST_COPY #1160300 bytes=461312 total=1085398239232
GGML_VK_HOST_COPY #1160400 bytes=525312 total=1085485112832
GGML_VK_HOST_COPY #1160500 bytes=525312 total=1085572280320
GGML_VK_HOST_COPY #1160600 bytes=2304512 total=1085655595008
GGML_VK_HOST_COPY #1160700 bytes=525312 total=1085735607296
GGML_VK_HOST_COPY #1160800 bytes=525312 total=1085819101696
GGML_VK_HOST_COPY #1160900 bytes=525312 total=1085903120896
GGML_VK_HOST_COPY #1161000 bytes=1382912 total=1085974570496
GGML_VK_HOST_COPY #1161100 bytes=845312 total=1086045469696
GGML_VK_HOST_COPY #1161200 bytes=422912 total=1086119863296
GGML_VK_HOST_COPY #1161300 bytes=845312 total=1086196368896
GGML_VK_HOST_COPY #1161400 bytes=1382912 total=1086273834496
GGML_VK_HOST_COPY #1161500 bytes=1050112 total=1086360042496
GGML_VK_HOST_COPY #1161600 bytes=525312 total=1086454032896
GGML_VK_HOST_COPY #1161700 bytes=1843712 total=1086549546496
GGML_VK_HOST_COPY #1161800 bytes=461312 total=1086631620096
GGML_VK_HOST_COPY #1161900 bytes=1050112 total=1086729527296
GGML_VK_HOST_COPY #1162000 bytes=2099712 total=1086828240896
GGML_VK_HOST_COPY #1162100 bytes=461312 total=1086917392896
GGML_VK_HOST_COPY #1162200 bytes=1382912 total=1087002231296
GGML_VK_HOST_COPY #1162300 bytes=1050112 total=1087096618496
GGML_VK_HOST_COPY #1162400 bytes=525312 total=1087192708096
GGML_VK_HOST_COPY #1162500 bytes=1843712 total=1087285034496
GGML_VK_HOST_COPY #1162600 bytes=1075712 total=1087372586496
GGML_VK_HOST_COPY #1162700 bytes=717312 total=1087443242496
GGML_VK_HOST_COPY #1162800 bytes=717312 total=1087510313984
GGML_VK_HOST_COPY #1162900 bytes=461312 total=1087586601472
GGML_VK_HOST_COPY #1163000 bytes=4646912 total=1087678159360
GGML_VK_HOST_COPY #1163100 bytes=2112000 total=1087765646848
GGML_VK_HOST_COPY #1163200 bytes=422912 total=1087848488448
GGML_VK_HOST_COPY #1163300 bytes=461312 total=1087940545536
GGML_VK_HOST_COPY #1163400 bytes=422912 total=1088032218624
GGML_VK_HOST_COPY #1163500 bytes=422912 total=1088111681024
GGML_VK_HOST_COPY #1163600 bytes=422912 total=1088190721024
GGML_VK_HOST_COPY #1163700 bytes=922112 total=1088273601024
GGML_VK_HOST_COPY #1163800 bytes=422912 total=1088370381824
GGML_VK_HOST_COPY #1163900 bytes=845312 total=1088468006912
GGML_VK_HOST_COPY #1164000 bytes=1843712 total=1088576576000
GGML_VK_HOST_COPY #1164100 bytes=1843712 total=1088692288000
GGML_VK_HOST_COPY #1164200 bytes=2099712 total=1088815692288
GGML_VK_HOST_COPY #1164300 bytes=525312 total=1088951666176
GGML_VK_HOST_COPY #1164400 bytes=922112 total=1089077131264
GGML_VK_HOST_COPY #1164500 bytes=358912 total=1089193815552
GGML_VK_HOST_COPY #1164600 bytes=358912 total=1089283107840
GGML_VK_HOST_COPY #1164700 bytes=358912 total=1089372759040
GGML_VK_HOST_COPY #1164800 bytes=1382912 total=1089482070528
GGML_VK_HOST_COPY #1164900 bytes=845312 total=1089597551616
GGML_VK_HOST_COPY #1165000 bytes=1690112 total=1089716296704
GGML_VK_HOST_COPY #1165100 bytes=2304512 total=1089836500992
GGML_VK_HOST_COPY #1165200 bytes=461312 total=1089950369792
GGML_VK_HOST_COPY #1165300 bytes=525312 total=1090113492480
GGML_VK_HOST_COPY #1165400 bytes=1574912 total=1090284103680
GGML_VK_HOST_COPY #1165500 bytes=461312 total=1090437870080
GGML_SCHED_UPLOAD_STATS layers=48 copies=6015 bytes=5767393792 branch_ms=54.56 id_ms=49.41 wait_ms=1136.99
GGML_VK_HOST_COPY #1165600 bytes=525312 total=1090561141248
GGML_VK_HOST_COPY #1165700 bytes=525312 total=1090651982336
GGML_VK_HOST_COPY #1165800 bytes=525312 total=1090754369536
GGML_VK_HOST_COPY #1165900 bytes=1382912 total=1090835738624
GGML_VK_HOST_COPY #1166000 bytes=1267712 total=1090918753280
GGML_VK_HOST_COPY #1166100 bytes=422912 total=1090999482880
GGML_VK_HOST_COPY #1166200 bytes=845312 total=1091077255680
GGML_VK_HOST_COPY #1166300 bytes=922112 total=1091160903680
GGML_VK_HOST_COPY #1166400 bytes=1050112 total=1091247764480
GGML_VK_HOST_COPY #1166500 bytes=1050112 total=1091332832768
GGML_VK_HOST_COPY #1166600 bytes=461312 total=1091421945856
GGML_VK_HOST_COPY #1166700 bytes=461312 total=1091496646656
GGML_VK_HOST_COPY #1166800 bytes=525312 total=1091582802944
GGML_VK_HOST_COPY #1166900 bytes=1050112 total=1091664198144
GGML_VK_HOST_COPY #1167000 bytes=922112 total=1091737823744
GGML_VK_HOST_COPY #1167100 bytes=461312 total=1091809759744
GGML_VK_HOST_COPY #1167200 bytes=422912 total=1091880658944
GGML_VK_HOST_COPY #1167300 bytes=845312 total=1091957164544
GGML_VK_HOST_COPY #1167400 bytes=461312 total=1092038623744
GGML_VK_HOST_COPY #1167500 bytes=525312 total=1092122642944
GGML_VK_HOST_COPY #1167600 bytes=525312 total=1092217682944
GGML_VK_HOST_COPY #1167700 bytes=525312 total=1092309049344
GGML_VK_HOST_COPY #1167800 bytes=461312 total=1092393311744
GGML_VK_HOST_COPY #1167900 bytes=1050112 total=1092491014144
GGML_VK_HOST_COPY #1168000 bytes=525312 total=1092585004544
GGML_VK_HOST_COPY #1168100 bytes=922112 total=1092681644544
GGML_VK_HOST_COPY #1168200 bytes=461312 total=1092770630144
GGML_VK_HOST_COPY #1168300 bytes=1574912 total=1092857977344
GGML_VK_HOST_COPY #1168400 bytes=525312 total=1092953542144
GGML_VK_HOST_COPY #1168500 bytes=461312 total=1093053049344
GGML_VK_HOST_COPY #1168600 bytes=358912 total=1093142188544
GGML_VK_HOST_COPY #1168700 bytes=717312 total=1093204959744
GGML_VK_HOST_COPY #1168800 bytes=358912 total=1093268447232
GGML_VK_HOST_COPY #1168900 bytes=461312 total=1093339870720
GGML_VK_HOST_COPY #1169000 bytes=461312 total=1093425169920
GGML_VK_HOST_COPY #1169100 bytes=422912 total=1093513694208
GGML_VK_HOST_COPY #1169200 bytes=422912 total=1093607095296
GGML_VK_HOST_COPY #1169300 bytes=922112 total=1093709405184
GGML_VK_HOST_COPY #1169400 bytes=422912 total=1093806953472
GGML_VK_HOST_COPY #1169500 bytes=422912 total=1093886415872
GGML_VK_HOST_COPY #1169600 bytes=422912 total=1093956585472
GGML_VK_HOST_COPY #1169700 bytes=461312 total=1094040771072
GGML_VK_HOST_COPY #1169800 bytes=1690112 total=1094130063872
GGML_VK_HOST_COPY #1169900 bytes=422912 total=1094238248960
GGML_VK_HOST_COPY #1170000 bytes=422912 total=1094340943360
GGML_VK_HOST_COPY #1170100 bytes=1843712 total=1094451778048
GGML_VK_HOST_COPY #1170200 bytes=525312 total=1094567399936
GGML_VK_HOST_COPY #1170300 bytes=525312 total=1094691303424
GGML_VK_HOST_COPY #1170400 bytes=461312 total=1094822106112
GGML_VK_HOST_COPY #1170500 bytes=1382912 total=1094929984512
GGML_VK_HOST_COPY #1170600 bytes=358912 total=1095019225600
GGML_VK_HOST_COPY #1170700 bytes=358912 total=1095104933888
GGML_VK_HOST_COPY #1170800 bytes=461312 total=1095196274176
GGML_VK_HOST_COPY #1170900 bytes=461312 total=1095305074176
GGML_VK_HOST_COPY #1171000 bytes=2534912 total=1095423704064
GGML_VK_HOST_COPY #1171100 bytes=422912 total=1095547940352
GGML_VK_HOST_COPY #1171200 bytes=922112 total=1095672099840
GGML_VK_HOST_COPY #1171300 bytes=2624512 total=1095805769728
GGML_VK_HOST_COPY #1171400 bytes=1050112 total=1095969033728
GGML_VK_HOST_COPY #1171500 bytes=461312 total=1096133488128
GGML_VK_HOST_COPY #1171600 bytes=461312 total=1096283299328
GGML_SCHED_UPLOAD_STATS layers=48 copies=6063 bytes=5778247168 branch_ms=54.75 id_ms=49.50 wait_ms=1140.57
9.40.996.109 I slot print_timing: id  0 | task 8 | prompt processing, n_tokens =  92160, progress = 0.72, t = 497.11 s / 185.39 tokens per second
GGML_VK_HOST_COPY #1171700 bytes=525312 total=1096380855296
GGML_VK_HOST_COPY #1171800 bytes=1574912 total=1096478518784
GGML_VK_HOST_COPY #1171900 bytes=461312 total=1096567299072
GGML_VK_HOST_COPY #1172000 bytes=922112 total=1096657206272
GGML_VK_HOST_COPY #1172100 bytes=422912 total=1096738761728
GGML_VK_HOST_COPY #1172200 bytes=1267712 total=1096813577728
GGML_VK_HOST_COPY #1172300 bytes=922112 total=1096895689728
GGML_VK_HOST_COPY #1172400 bytes=525312 total=1096980835328
GGML_VK_HOST_COPY #1172500 bytes=1574912 total=1097066428928
GGML_VK_HOST_COPY #1172600 bytes=525312 total=1097154121216
GGML_VK_HOST_COPY #1172700 bytes=461312 total=1097235579904
GGML_VK_HOST_COPY #1172800 bytes=525312 total=1097315873792
GGML_VK_HOST_COPY #1172900 bytes=525312 total=1097398843392
GGML_VK_HOST_COPY #1173000 bytes=525312 total=1097484961792
GGML_VK_HOST_COPY #1173100 bytes=461312 total=1097560929792
GGML_VK_HOST_COPY #1173200 bytes=422912 total=1097632251392
GGML_VK_HOST_COPY #1173300 bytes=422912 total=1097705800192
GGML_VK_HOST_COPY #1173400 bytes=422912 total=1097781038592
GGML_VK_HOST_COPY #1173500 bytes=461312 total=1097864340992
GGML_VK_HOST_COPY #1173600 bytes=525312 total=1097950612992
GGML_VK_HOST_COPY #1173700 bytes=525312 total=1098045652992
GGML_VK_HOST_COPY #1173800 bytes=461312 total=1098138004992
GGML_VK_HOST_COPY #1173900 bytes=1050112 total=1098224929792
GGML_VK_HOST_COPY #1174000 bytes=525312 total=1098326792192
GGML_VK_HOST_COPY #1174100 bytes=1050112 total=1098423406592
GGML_VK_HOST_COPY #1174200 bytes=1382912 total=1098515656192
GGML_VK_HOST_COPY #1174300 bytes=1574912 total=1098595630592
GGML_VK_HOST_COPY #1174400 bytes=2099712 total=1098692244992
GGML_VK_HOST_COPY #1174500 bytes=2099712 total=1098787284992
GGML_VK_HOST_COPY #1174600 bytes=461312 total=1098877640192
GGML_VK_HOST_COPY #1174700 bytes=358912 total=1098957870592
GGML_VK_HOST_COPY #1174800 bytes=358912 total=1099028884480
GGML_VK_HOST_COPY #1174900 bytes=1075712 total=1099095598080
GGML_VK_HOST_COPY #1175000 bytes=922112 total=1099176083968
GGML_VK_HOST_COPY #1175100 bytes=422912 total=1099271827456
GGML_VK_HOST_COPY #1175200 bytes=1690112 total=1099360159744
GGML_VK_HOST_COPY #1175300 bytes=1267712 total=1099448914944
GGML_VK_HOST_COPY #1175400 bytes=1843712 total=1099549381632
GGML_VK_HOST_COPY #1175500 bytes=845312 total=1099635409920
GGML_VK_HOST_COPY #1175600 bytes=845312 total=1099717829120
GGML_VK_HOST_COPY #1175700 bytes=922112 total=1099795755520
GGML_VK_HOST_COPY #1175800 bytes=922112 total=1099882437120
GGML_VK_HOST_COPY #1175900 bytes=422912 total=1099976107520
GGML_VK_HOST_COPY #1176000 bytes=845312 total=1100076689408
GGML_VK_HOST_COPY #1176100 bytes=922112 total=1100170512896
GGML_VK_HOST_COPY #1176200 bytes=1574912 total=1100282243584
GGML_VK_HOST_COPY #1176300 bytes=1050112 total=1100408771584
GGML_VK_HOST_COPY #1176400 bytes=1050112 total=1100522703872
GGML_VK_HOST_COPY #1176500 bytes=461312 total=1100638991360
GGML_VK_HOST_COPY #1176600 bytes=1075712 total=1100746050048
GGML_VK_HOST_COPY #1176700 bytes=717312 total=1100831758336
GGML_VK_HOST_COPY #1176800 bytes=1434112 total=1100914241536
GGML_VK_HOST_COPY #1176900 bytes=461312 total=1101017460224
GGML_VK_HOST_COPY #1177000 bytes=422912 total=1101137933312
GGML_VK_HOST_COPY #1177100 bytes=845312 total=1101255833600
GGML_VK_HOST_COPY #1177200 bytes=1382912 total=1101369663488
GGML_VK_HOST_COPY #1177300 bytes=461312 total=1101496434688
GGML_VK_HOST_COPY #1177400 bytes=525312 total=1101648882176
GGML_VK_HOST_COPY #1177500 bytes=1574912 total=1101804798976
GGML_VK_HOST_COPY #1177600 bytes=922112 total=1101952958976
GGML_SCHED_UPLOAD_STATS layers=48 copies=6051 bytes=5739841024 branch_ms=54.08 id_ms=49.00 wait_ms=1139.89
GGML_VK_HOST_COPY #1177700 bytes=1050112 total=1102082348544
GGML_VK_HOST_COPY #1177800 bytes=524800 total=1102176863232
GGML_VK_HOST_COPY #1177900 bytes=1050112 total=1102274002432
GGML_VK_HOST_COPY #1178000 bytes=461312 total=1102359121920
GGML_VK_HOST_COPY #1178100 bytes=422912 total=1102445554176
GGML_VK_HOST_COPY #1178200 bytes=2112512 total=1102525016576
GGML_VK_HOST_COPY #1178300 bytes=1267712 total=1102600254976
GGML_VK_HOST_COPY #1178400 bytes=461312 total=1102688894976
GGML_VK_HOST_COPY #1178500 bytes=525312 total=1102769496576
GGML_VK_HOST_COPY #1178600 bytes=525312 total=1102858238464
GGML_VK_HOST_COPY #1178700 bytes=524800 total=1102948554752
GGML_VK_HOST_COPY #1178800 bytes=461312 total=1103023255552
GGML_VK_HOST_COPY #1178900 bytes=2624512 total=1103111882240
GGML_VK_HOST_COPY #1179000 bytes=1574912 total=1103189079040
GGML_VK_HOST_COPY #1179100 bytes=461312 total=1103271267840
GGML_VK_HOST_COPY #1179200 bytes=461312 total=1103346890240
GGML_VK_HOST_COPY #1179300 bytes=2534912 total=1103417904640
GGML_VK_HOST_COPY #1179400 bytes=845312 total=1103494832640
GGML_VK_HOST_COPY #1179500 bytes=461312 total=1103577827840
GGML_VK_HOST_COPY #1179600 bytes=525312 total=1103659645440
GGML_VK_HOST_COPY #1179700 bytes=525312 total=1103757309440
GGML_VK_HOST_COPY #1179800 bytes=525312 total=1103851299840
GGML_VK_HOST_COPY #1179900 bytes=922112 total=1103940477440
GGML_VK_HOST_COPY #1180000 bytes=525312 total=1104036349440
GGML_VK_HOST_COPY #1180100 bytes=1050112 total=1104129815040
GGML_VK_HOST_COPY #1180200 bytes=461312 total=1104227632640
GGML_VK_HOST_COPY #1180300 bytes=461312 total=1104316157440
GGML_VK_HOST_COPY #1180400 bytes=525312 total=1104404490240
GGML_VK_HOST_COPY #1180500 bytes=525312 total=1104501629440
GGML_VK_HOST_COPY #1180600 bytes=922112 total=1104602903040
GGML_VK_HOST_COPY #1180700 bytes=922112 total=1104690506240
GGML_VK_HOST_COPY #1180800 bytes=358912 total=1104759933440
GGML_VK_HOST_COPY #1180900 bytes=717312 total=1104827004928
GGML_VK_HOST_COPY #1181000 bytes=922112 total=1104905391616
GGML_VK_HOST_COPY #1181100 bytes=1267712 total=1104999215104
GGML_VK_HOST_COPY #1181200 bytes=845312 total=1105098107904
GGML_VK_HOST_COPY #1181300 bytes=422912 total=1105193198592
GGML_VK_HOST_COPY #1181400 bytes=1382912 total=1105300730880
GGML_VK_HOST_COPY #1181500 bytes=422912 total=1105401927168
GGML_VK_HOST_COPY #1181600 bytes=845312 total=1105482234368
GGML_VK_HOST_COPY #1181700 bytes=422912 total=1105563386368
GGML_VK_HOST_COPY #1181800 bytes=1843712 total=1105646151168
GGML_VK_HOST_COPY #1181900 bytes=845312 total=1105746080768
GGML_VK_HOST_COPY #1182000 bytes=422912 total=1105850886656
GGML_VK_HOST_COPY #1182100 bytes=461312 total=1105959724544
GGML_VK_HOST_COPY #1182200 bytes=525312 total=1106079237632
GGML_VK_HOST_COPY #1182300 bytes=525312 total=1106210488832
GGML_VK_HOST_COPY #1182400 bytes=525312 total=1106335441920
GGML_VK_HOST_COPY #1182500 bytes=922112 total=1106458052608
GGML_VK_HOST_COPY #1182600 bytes=358912 total=1106570948096
GGML_VK_HOST_COPY #1182700 bytes=717312 total=1106657731584
GGML_VK_HOST_COPY #1182800 bytes=1075712 total=1106748099584
GGML_VK_HOST_COPY #1182900 bytes=1382912 total=1106855363072
GGML_VK_HOST_COPY #1183000 bytes=422912 total=1106970920960
GGML_VK_HOST_COPY #1183100 bytes=2534912 total=1107085442560
GGML_VK_HOST_COPY #1183200 bytes=461312 total=1107201039360
GGML_VK_HOST_COPY #1183300 bytes=1382912 total=1107317212160
GGML_VK_HOST_COPY #1183400 bytes=1574912 total=1107475816960
GGML_VK_HOST_COPY #1183500 bytes=6822912 total=1107633308160
GGML_VK_HOST_COPY #1183600 bytes=2765312 total=1107783157760
GGML_SCHED_UPLOAD_STATS layers=48 copies=5985 bytes=5804499968 branch_ms=54.46 id_ms=49.38 wait_ms=1144.18
GGML_VK_HOST_COPY #1183700 bytes=2099712 total=1107911510528
GGML_VK_HOST_COPY #1183800 bytes=525312 total=1108002351616
GGML_VK_HOST_COPY #1183900 bytes=525312 total=1108103689216
GGML_VK_HOST_COPY #1184000 bytes=1843712 total=1108184251904
GGML_VK_HOST_COPY #1184100 bytes=845312 total=1108268572160
GGML_VK_HOST_COPY #1184200 bytes=422912 total=1108349724160
GGML_VK_HOST_COPY #1184300 bytes=422912 total=1108425807360
GGML_VK_HOST_COPY #1184400 bytes=461312 total=1108512181760
GGML_VK_HOST_COPY #1184500 bytes=525312 total=1108597084160
GGML_VK_HOST_COPY #1184600 bytes=525312 total=1108683726848
GGML_VK_HOST_COPY #1184700 bytes=461312 total=1108772763136
GGML_VK_HOST_COPY #1184800 bytes=461312 total=1108846542336
GGML_VK_HOST_COPY #1184900 bytes=1050112 total=1108936845824
GGML_VK_HOST_COPY #1185000 bytes=1050112 total=1109019290624
GGML_VK_HOST_COPY #1185100 bytes=461312 total=1109097652224
GGML_VK_HOST_COPY #1185200 bytes=461312 total=1109170970624
GGML_VK_HOST_COPY #1185300 bytes=422912 total=1109246170624
GGML_VK_HOST_COPY #1185400 bytes=422912 total=1109318452224
GGML_VK_HOST_COPY #1185500 bytes=461312 total=1109399681024
GGML_VK_HOST_COPY #1185600 bytes=525312 total=1109487041024
GGML_VK_HOST_COPY #1185700 bytes=1050112 total=1109581556224
GGML_VK_HOST_COPY #1185800 bytes=525312 total=1109678170624
GGML_VK_HOST_COPY #1185900 bytes=922112 total=1109762330624
GGML_VK_HOST_COPY #1186000 bytes=525312 total=1109860596224
GGML_VK_HOST_COPY #1186100 bytes=1050112 total=1109957735424
GGML_VK_HOST_COPY #1186200 bytes=922112 total=1110047642624
GGML_VK_HOST_COPY #1186300 bytes=461312 total=1110136628224
GGML_VK_HOST_COPY #1186400 bytes=1050112 total=1110225588224
GGML_VK_HOST_COPY #1186500 bytes=1050112 total=1110325351424
GGML_VK_HOST_COPY #1186600 bytes=922112 total=1110419687424
GGML_VK_HOST_COPY #1186700 bytes=358912 total=1110508263424
GGML_VK_HOST_COPY #1186800 bytes=717312 total=1110576410624
GGML_VK_HOST_COPY #1186900 bytes=2867712 total=1110645990912
GGML_VK_HOST_COPY #1187000 bytes=461312 total=1110723660800
GGML_VK_HOST_COPY #1187100 bytes=422912 total=1110813951488
GGML_VK_HOST_COPY #1187200 bytes=845312 total=1110906930688
GGML_VK_HOST_COPY #1187300 bytes=422912 total=1110998642176
GGML_VK_HOST_COPY #1187400 bytes=1843712 total=1111099262464
GGML_VK_HOST_COPY #1187500 bytes=845312 total=1111197194752
GGML_VK_HOST_COPY #1187600 bytes=422912 total=1111274122752
GGML_VK_HOST_COPY #1187700 bytes=845312 total=1111354429952
GGML_VK_HOST_COPY #1187800 bytes=922112 total=1111431473152
GGML_VK_HOST_COPY #1187900 bytes=1690112 total=1111523108352
GGML_VK_HOST_COPY #1188000 bytes=1690112 total=1111630026240
GGML_VK_HOST_COPY #1188100 bytes=845312 total=1111732720640
GGML_VK_HOST_COPY #1188200 bytes=1382912 total=1111848547328
GGML_VK_HOST_COPY #1188300 bytes=1574912 total=1111957474816
GGML_VK_HOST_COPY #1188400 bytes=525312 total=1112094498304
GGML_VK_HOST_COPY #1188500 bytes=461312 total=1112227195392
GGML_VK_HOST_COPY #1188600 bytes=358912 total=1112352174080
GGML_VK_HOST_COPY #1188700 bytes=358912 total=1112428206080
GGML_VK_HOST_COPY #1188800 bytes=1075712 total=1112506746368
GGML_VK_HOST_COPY #1188900 bytes=461312 total=1112596857856
GGML_VK_HOST_COPY #1189000 bytes=1382912 total=1112694137856
GGML_VK_HOST_COPY #1189100 bytes=845312 total=1112807161344
GGML_VK_HOST_COPY #1189200 bytes=422912 total=1112917458944
GGML_VK_HOST_COPY #1189300 bytes=1843712 total=1113033439744
GGML_VK_HOST_COPY #1189400 bytes=2624512 total=1113155961344
GGML_VK_HOST_COPY #1189500 bytes=1050112 total=1113328671744
GGML_VK_HOST_COPY #1189600 bytes=4198912 total=1113508204544
GGML_VK_HOST_COPY #1189700 bytes=5990912 total=1113658642944
GGML_SCHED_UPLOAD_STATS layers=48 copies=6063 bytes=5812911104 branch_ms=54.68 id_ms=49.50 wait_ms=1153.23
GGML_VK_HOST_COPY #1189800 bytes=525312 total=1113765363712
GGML_VK_HOST_COPY #1189900 bytes=1050112 total=1113861977600
GGML_VK_HOST_COPY #1190000 bytes=461312 total=1113953241088
GGML_VK_HOST_COPY #1190100 bytes=461312 total=1114041765888
GGML_VK_HOST_COPY #1190200 bytes=1267712 total=1114122399744
GGML_VK_HOST_COPY #1190300 bytes=1690112 total=1114199327744
GGML_VK_HOST_COPY #1190400 bytes=461312 total=1114280249344
GGML_VK_HOST_COPY #1190500 bytes=525312 total=1114366918144
GGML_VK_HOST_COPY #1190600 bytes=525312 total=1114450412544
GGML_VK_HOST_COPY #1190700 bytes=1050112 total=1114539154432
GGML_VK_HOST_COPY #1190800 bytes=1382912 total=1114620139520
GGML_VK_HOST_COPY #1190900 bytes=525312 total=1114701431808
GGML_VK_HOST_COPY #1191000 bytes=1050112 total=1114783351808
GGML_VK_HOST_COPY #1191100 bytes=1050112 total=1114867895808
GGML_VK_HOST_COPY #1191200 bytes=461312 total=1114942545408
GGML_VK_HOST_COPY #1191300 bytes=2112512 total=1115015518208
GGML_VK_HOST_COPY #1191400 bytes=1267712 total=1115089489408
GGML_VK_HOST_COPY #1191500 bytes=422912 total=1115164305408
GGML_VK_HOST_COPY #1191600 bytes=1382912 total=1115248337408
GGML_VK_HOST_COPY #1191700 bytes=525312 total=1115335710208
GGML_VK_HOST_COPY #1191800 bytes=1050112 total=1115430225408
GGML_VK_HOST_COPY #1191900 bytes=461312 total=1115524587008
GGML_VK_HOST_COPY #1192000 bytes=2624512 total=1115612446208
GGML_VK_HOST_COPY #1192100 bytes=525312 total=1115709585408
GGML_VK_HOST_COPY #1192200 bytes=525312 total=1115804625408
GGML_VK_HOST_COPY #1192300 bytes=461312 total=1115893559808
GGML_VK_HOST_COPY #1192400 bytes=525312 total=1115971793408
GGML_VK_HOST_COPY #1192500 bytes=525312 total=1116072606208
GGML_VK_HOST_COPY #1192600 bytes=1050112 total=1116165547008
GGML_VK_HOST_COPY #1192700 bytes=2304512 total=1116252651008
GGML_VK_HOST_COPY #1192800 bytes=358912 total=1116330935808
GGML_VK_HOST_COPY #1192900 bytes=358912 total=1116399082496
GGML_VK_HOST_COPY #1193000 bytes=2867712 total=1116469380096
GGML_VK_HOST_COPY #1193100 bytes=461312 total=1116552835584
GGML_VK_HOST_COPY #1193200 bytes=422912 total=1116638441472
GGML_VK_HOST_COPY #1193300 bytes=422912 total=1116730152960
GGML_VK_HOST_COPY #1193400 bytes=461312 total=1116821634048
GGML_VK_HOST_COPY #1193500 bytes=1382912 total=1116918453248
GGML_VK_HOST_COPY #1193600 bytes=422912 total=1116998759936
GGML_VK_HOST_COPY #1193700 bytes=422912 total=1117081179136
GGML_VK_HOST_COPY #1193800 bytes=461312 total=1117164059136
GGML_VK_HOST_COPY #1193900 bytes=461312 total=1117245671936
GGML_VK_HOST_COPY #1194000 bytes=845312 total=1117348903936
GGML_VK_HOST_COPY #1194100 bytes=1267712 total=1117441882624
GGML_VK_HOST_COPY #1194200 bytes=922112 total=1117539507712
GGML_VK_HOST_COPY #1194300 bytes=525312 total=1117650316800
GGML_VK_HOST_COPY #1194400 bytes=525312 total=1117784716800
GGML_VK_HOST_COPY #1194500 bytes=525312 total=1117908095488
GGML_VK_HOST_COPY #1194600 bytes=1382912 total=1118026264576
GGML_VK_HOST_COPY #1194700 bytes=717312 total=1118133937664
GGML_VK_HOST_COPY #1194800 bytes=1434112 total=1118221796864
GGML_VK_HOST_COPY #1194900 bytes=358912 total=1118309656064
GGML_VK_HOST_COPY #1195000 bytes=922112 total=1118415793664
GGML_VK_HOST_COPY #1195100 bytes=422912 total=1118535345664
GGML_VK_HOST_COPY #1195200 bytes=845312 total=1118654935552
GGML_VK_HOST_COPY #1195300 bytes=922112 total=1118776368640
GGML_VK_HOST_COPY #1195400 bytes=1050112 total=1118903395328
GGML_VK_HOST_COPY #1195500 bytes=1574912 total=1119051440128
GGML_VK_HOST_COPY #1195600 bytes=2099712 total=1119197385728
GGML_VK_HOST_COPY #1195700 bytes=461312 total=1119337520128
GGML_SCHED_UPLOAD_STATS layers=48 copies=6039 bytes=5718178816 branch_ms=54.22 id_ms=49.01 wait_ms=1149.62
9.54.986.151 I slot print_timing: id  0 | task 8 | prompt processing, n_tokens =  94208, progress = 0.74, t = 511.10 s / 184.32 tokens per second
GGML_VK_HOST_COPY #1195800 bytes=525312 total=1119456221696
GGML_VK_HOST_COPY #1195900 bytes=1050112 total=1119550736384
GGML_VK_HOST_COPY #1196000 bytes=2624512 total=1119650499584
GGML_VK_HOST_COPY #1196100 bytes=461312 total=1119731241472
GGML_VK_HOST_COPY #1196200 bytes=845312 total=1119817251328
GGML_VK_HOST_COPY #1196300 bytes=845312 total=1119895868928
GGML_VK_HOST_COPY #1196400 bytes=1267712 total=1119973219328
GGML_VK_HOST_COPY #1196500 bytes=461312 total=1120060553728
GGML_VK_HOST_COPY #1196600 bytes=525312 total=1120144419328
GGML_VK_HOST_COPY #1196700 bytes=1050112 total=1120231586816
GGML_VK_HOST_COPY #1196800 bytes=461312 total=1120320085504
GGML_VK_HOST_COPY #1196900 bytes=461312 total=1120395247104
GGML_VK_HOST_COPY #1197000 bytes=525312 total=1120480046592
GGML_VK_HOST_COPY #1197100 bytes=1050112 total=1120559867392
GGML_VK_HOST_COPY #1197200 bytes=461312 total=1120636040192
GGML_VK_HOST_COPY #1197300 bytes=1382912 total=1120707515392
GGML_VK_HOST_COPY #1197400 bytes=845312 total=1120779028992
GGML_VK_HOST_COPY #1197500 bytes=422912 total=1120853844992
GGML_VK_HOST_COPY #1197600 bytes=461312 total=1120936148992
GGML_VK_HOST_COPY #1197700 bytes=525312 total=1121020846592
GGML_VK_HOST_COPY #1197800 bytes=2099712 total=1121115886592
GGML_VK_HOST_COPY #1197900 bytes=525312 total=1121209876992
GGML_VK_HOST_COPY #1198000 bytes=922112 total=1121297236992
GGML_VK_HOST_COPY #1198100 bytes=1050112 total=1121393147392
GGML_VK_HOST_COPY #1198200 bytes=525312 total=1121485563392
GGML_VK_HOST_COPY #1198300 bytes=461312 total=1121577224192
GGML_VK_HOST_COPY #1198400 bytes=461312 total=1121666670592
GGML_VK_HOST_COPY #1198500 bytes=525312 total=1121751444992
GGML_VK_HOST_COPY #1198600 bytes=525312 total=1121845960192
GGML_VK_HOST_COPY #1198700 bytes=461312 total=1121946120192
GGML_VK_HOST_COPY #1198800 bytes=358912 total=1122036385792
GGML_VK_HOST_COPY #1198900 bytes=717312 total=1122103457792
GGML_VK_HOST_COPY #1199000 bytes=717312 total=1122171604480
GGML_VK_HOST_COPY #1199100 bytes=461312 total=1122252602368
GGML_VK_HOST_COPY #1199200 bytes=422912 total=1122344083456
GGML_VK_HOST_COPY #1199300 bytes=845312 total=1122435795456
GGML_VK_HOST_COPY #1199400 bytes=422912 total=1122528774144
GGML_VK_HOST_COPY #1199500 bytes=1382912 total=1122631660032
GGML_VK_HOST_COPY #1199600 bytes=422912 total=1122727211520
GGML_VK_HOST_COPY #1199700 bytes=845312 total=1122804984320
GGML_VK_HOST_COPY #1199800 bytes=1690112 total=1122883601920
GGML_VK_HOST_COPY #1199900 bytes=922112 total=1122961182720
GGML_VK_HOST_COPY #1200000 bytes=422912 total=1123053509120
GGML_VK_HOST_COPY #1200100 bytes=422912 total=1123164651008
GGML_VK_HOST_COPY #1200200 bytes=922112 total=1123277060096
GGML_VK_HOST_COPY #1200300 bytes=922112 total=1123392311296
GGML_VK_HOST_COPY #1200400 bytes=3674112 total=1123519312384
GGML_VK_HOST_COPY #1200500 bytes=1050112 total=1123651087872
GGML_VK_HOST_COPY #1200600 bytes=461312 total=1123779023360
GGML_VK_HOST_COPY #1200700 bytes=358912 total=1123893915648
GGML_VK_HOST_COPY #1200800 bytes=1792512 total=1123980341248
GGML_VK_HOST_COPY #1200900 bytes=1075712 total=1124063182848
GGML_VK_HOST_COPY #1201000 bytes=461312 total=1124165634048
GGML_VK_HOST_COPY #1201100 bytes=845312 total=1124290869248
GGML_VK_HOST_COPY #1201200 bytes=845312 total=1124405812736
GGML_VK_HOST_COPY #1201300 bytes=461312 total=1124516993024
GGML_VK_HOST_COPY #1201400 bytes=2304512 total=1124642842624
GGML_VK_HOST_COPY #1201500 bytes=1050112 total=1124796429312
GGML_VK_HOST_COPY #1201600 bytes=1574912 total=1124957594112
GGML_VK_HOST_COPY #1201700 bytes=461312 total=1125105562112
GGML_SCHED_UPLOAD_STATS layers=48 copies=5997 bytes=5772762112 branch_ms=54.37 id_ms=49.31 wait_ms=1146.85
GGML_VK_HOST_COPY #1201800 bytes=1574912 total=1125241044480
GGML_VK_HOST_COPY #1201900 bytes=1050112 total=1125335034368
GGML_VK_HOST_COPY #1202000 bytes=525312 total=1125434272768
GGML_VK_HOST_COPY #1202100 bytes=1382912 total=1125515872256
GGML_VK_HOST_COPY #1202200 bytes=422912 total=1125600922112
GGML_VK_HOST_COPY #1202300 bytes=422912 total=1125679539712
GGML_VK_HOST_COPY #1202400 bytes=1690112 total=1125758157312
GGML_VK_HOST_COPY #1202500 bytes=461312 total=1125844262912
GGML_VK_HOST_COPY #1202600 bytes=1050112 total=1125928717312
GGML_VK_HOST_COPY #1202700 bytes=1050112 total=1126015360000
GGML_VK_HOST_COPY #1202800 bytes=461312 total=1126103922688
GGML_VK_HOST_COPY #1202900 bytes=461312 total=1126178162688
GGML_VK_HOST_COPY #1203000 bytes=525312 total=1126264805376
GGML_VK_HOST_COPY #1203100 bytes=1050112 total=1126339902976
GGML_VK_HOST_COPY #1203200 bytes=461312 total=1126419800576
GGML_VK_HOST_COPY #1203300 bytes=922112 total=1126492197376
GGML_VK_HOST_COPY #1203400 bytes=422912 total=1126560293376
GGML_VK_HOST_COPY #1203500 bytes=422912 total=1126639333376
GGML_VK_HOST_COPY #1203600 bytes=461312 total=1126720754176
GGML_VK_HOST_COPY #1203700 bytes=525312 total=1126799896576
GGML_VK_HOST_COPY #1203800 bytes=525312 total=1126892837376
GGML_VK_HOST_COPY #1203900 bytes=525312 total=1126990501376
GGML_VK_HOST_COPY #1204000 bytes=461312 total=1127074059776
GGML_VK_HOST_COPY #1204100 bytes=1574912 total=1127172466176
GGML_VK_HOST_COPY #1204200 bytes=525312 total=1127263307776
GGML_VK_HOST_COPY #1204300 bytes=525312 total=1127360446976
GGML_VK_HOST_COPY #1204400 bytes=1382912 total=1127446130176
GGML_VK_HOST_COPY #1204500 bytes=1050112 total=1127532402176
GGML_VK_HOST_COPY #1204600 bytes=1574912 total=1127626917376
GGML_VK_HOST_COPY #1204700 bytes=461312 total=1127727090176
GGML_VK_HOST_COPY #1204800 bytes=1382912 total=1127809163776
GGML_VK_HOST_COPY #1204900 bytes=358912 total=1127884683776
GGML_VK_HOST_COPY #1205000 bytes=358912 total=1127954980864
GGML_VK_HOST_COPY #1205100 bytes=1382912 total=1128029988352
GGML_VK_HOST_COPY #1205200 bytes=922112 total=1128120817152
GGML_VK_HOST_COPY #1205300 bytes=422912 total=1128210109440
GGML_VK_HOST_COPY #1205400 bytes=845312 total=1128304355328
GGML_VK_HOST_COPY #1205500 bytes=461312 total=1128405897216
GGML_VK_HOST_COPY #1205600 bytes=845312 total=1128505519104
GGML_VK_HOST_COPY #1205700 bytes=422912 total=1128583714304
GGML_VK_HOST_COPY #1205800 bytes=422912 total=1128655151104
GGML_VK_HOST_COPY #1205900 bytes=922112 total=1128740335104
GGML_VK_HOST_COPY #1206000 bytes=422912 total=1128824290304
GGML_VK_HOST_COPY #1206100 bytes=422912 total=1128923605504
GGML_VK_HOST_COPY #1206200 bytes=422912 total=1129023764992
GGML_VK_HOST_COPY #1206300 bytes=2304512 total=1129126382080
GGML_VK_HOST_COPY #1206400 bytes=1050112 total=1129244039168
GGML_VK_HOST_COPY #1206500 bytes=525312 total=1129378438656
GGML_VK_HOST_COPY #1206600 bytes=1050112 total=1129503392256
GGML_VK_HOST_COPY #1206700 bytes=461312 total=1129619052544
GGML_VK_HOST_COPY #1206800 bytes=358912 total=1129722424832
GGML_VK_HOST_COPY #1206900 bytes=358912 total=1129811717632
GGML_VK_HOST_COPY #1207000 bytes=358912 total=1129893125632
GGML_VK_HOST_COPY #1207100 bytes=1843712 total=1129997778432
GGML_VK_HOST_COPY #1207200 bytes=1690112 total=1130117676032
GGML_VK_HOST_COPY #1207300 bytes=845312 total=1130236844032
GGML_VK_HOST_COPY #1207400 bytes=922112 total=1130359122432
GGML_VK_HOST_COPY #1207500 bytes=1574912 total=1130485535232
GGML_VK_HOST_COPY #1207600 bytes=1050112 total=1130656146432
GGML_VK_HOST_COPY #1207700 bytes=6298112 total=1130824133632
GGML_VK_HOST_COPY #1207800 bytes=1382912 total=1130970706432
GGML_SCHED_UPLOAD_STATS layers=48 copies=6066 bytes=5806258176 branch_ms=54.33 id_ms=49.18 wait_ms=1153.54
GGML_VK_HOST_COPY #1207900 bytes=525312 total=1131086144000
GGML_VK_HOST_COPY #1208000 bytes=525312 total=1131181708288
GGML_VK_HOST_COPY #1208100 bytes=461312 total=1131276363776
GGML_VK_HOST_COPY #1208200 bytes=1382912 total=1131361202176
GGML_VK_HOST_COPY #1208300 bytes=422912 total=1131443026432
GGML_VK_HOST_COPY #1208400 bytes=845312 total=1131520376832
GGML_VK_HOST_COPY #1208500 bytes=461312 total=1131603372032
GGML_VK_HOST_COPY #1208600 bytes=922112 total=1131687749632
GGML_VK_HOST_COPY #1208700 bytes=525312 total=1131773292032
GGML_VK_HOST_COPY #1208800 bytes=525312 total=1131860459520
GGML_VK_HOST_COPY #1208900 bytes=922112 total=1131943262208
GGML_VK_HOST_COPY #1209000 bytes=525312 total=1132023261696
GGML_VK_HOST_COPY #1209100 bytes=525312 total=1132106756096
GGML_VK_HOST_COPY #1209200 bytes=525312 total=1132190250496
GGML_VK_HOST_COPY #1209300 bytes=2765312 total=1132265130496
GGML_VK_HOST_COPY #1209400 bytes=422912 total=1132334762496
GGML_VK_HOST_COPY #1209500 bytes=422912 total=1132410000896
GGML_VK_HOST_COPY #1209600 bytes=422912 total=1132487351296
GGML_VK_HOST_COPY #1209700 bytes=461312 total=1132568848896
GGML_VK_HOST_COPY #1209800 bytes=525312 total=1132652343296
GGML_VK_HOST_COPY #1209900 bytes=2624512 total=1132748957696
GGML_VK_HOST_COPY #1210000 bytes=461312 total=1132839108096
GGML_VK_HOST_COPY #1210100 bytes=3686912 total=1132922564096
GGML_VK_HOST_COPY #1210200 bytes=525312 total=1133018871296
GGML_VK_HOST_COPY #1210300 bytes=1050112 total=1133118109696
GGML_VK_HOST_COPY #1210400 bytes=461312 total=1133207748096
GGML_VK_HOST_COPY #1210500 bytes=525312 total=1133293085696
GGML_VK_HOST_COPY #1210600 bytes=1574912 total=1133392848896
GGML_VK_HOST_COPY #1210700 bytes=525312 total=1133489463296
GGML_VK_HOST_COPY #1210800 bytes=1382912 total=1133580458496
GGML_VK_HOST_COPY #1210900 bytes=358912 total=1133666474496
GGML_VK_HOST_COPY #1211000 bytes=358912 total=1133736054784
GGML_VK_HOST_COPY #1211100 bytes=358912 total=1133804201984
GGML_VK_HOST_COPY #1211200 bytes=461312 total=1133889193472
GGML_VK_HOST_COPY #1211300 bytes=845312 total=1133978293760
GGML_VK_HOST_COPY #1211400 bytes=845312 total=1134071272448
GGML_VK_HOST_COPY #1211500 bytes=2112000 total=1134168052736
GGML_VK_HOST_COPY #1211600 bytes=1382912 total=1134264871936
GGML_VK_HOST_COPY #1211700 bytes=422912 total=1134345639424
GGML_VK_HOST_COPY #1211800 bytes=422912 total=1134423834624
GGML_VK_HOST_COPY #1211900 bytes=461312 total=1134494887424
GGML_VK_HOST_COPY #1212000 bytes=1382912 total=1134575578624
GGML_VK_HOST_COPY #1212100 bytes=422912 total=1134661953024
GGML_VK_HOST_COPY #1212200 bytes=1267712 total=1134760422912
GGML_VK_HOST_COPY #1212300 bytes=461312 total=1134867340800
GGML_VK_HOST_COPY #1212400 bytes=1843712 total=1134979827200
GGML_VK_HOST_COPY #1212500 bytes=525312 total=1135093618688
GGML_VK_HOST_COPY #1212600 bytes=2099712 total=1135218046976
GGML_VK_HOST_COPY #1212700 bytes=2765312 total=1135338763264
GGML_VK_HOST_COPY #1212800 bytes=358912 total=1135451505152
GGML_VK_HOST_COPY #1212900 bytes=717312 total=1135530404352
GGML_VK_HOST_COPY #1213000 bytes=358912 total=1135617188352
GGML_VK_HOST_COPY #1213100 bytes=461312 total=1135717437952
GGML_VK_HOST_COPY #1213200 bytes=422912 total=1135829770752
GGML_VK_HOST_COPY #1213300 bytes=422912 total=1135947249152
GGML_VK_HOST_COPY #1213400 bytes=1267712 total=1136068106240
GGML_VK_HOST_COPY #1213500 bytes=461312 total=1136194492928
GGML_VK_HOST_COPY #1213600 bytes=5248512 total=1136340886016
GGML_VK_HOST_COPY #1213700 bytes=4198912 total=1136509922816
GGML_VK_HOST_COPY #1213800 bytes=922112 total=1136674236416
GGML_SCHED_UPLOAD_STATS layers=48 copies=6039 bytes=5760342016 branch_ms=54.62 id_ms=49.42 wait_ms=1144.91
GGML_VK_HOST_COPY #1213900 bytes=1574912 total=1136819165184
GGML_VK_HOST_COPY #1214000 bytes=525312 total=1136914205184
GGML_VK_HOST_COPY #1214100 bytes=1050112 total=1137010819072
GGML_VK_HOST_COPY #1214200 bytes=922112 total=1137096527360
GGML_VK_HOST_COPY #1214300 bytes=1267712 total=1137182998016
GGML_VK_HOST_COPY #1214400 bytes=422912 total=1137260770816
GGML_VK_HOST_COPY #1214500 bytes=422912 total=1137336854016
GGML_VK_HOST_COPY #1214600 bytes=461312 total=1137426300416
GGML_VK_HOST_COPY #1214700 bytes=525312 total=1137506838016
GGML_VK_HOST_COPY #1214800 bytes=525312 total=1137595579904
GGML_VK_HOST_COPY #1214900 bytes=525312 total=1137685896704
GGML_VK_HOST_COPY #1215000 bytes=922112 total=1137760660992
GGML_VK_HOST_COPY #1215100 bytes=1574912 total=1137844500480
GGML_VK_HOST_COPY #1215200 bytes=525312 total=1137922222080
GGML_VK_HOST_COPY #1215300 bytes=525312 total=1138003617280
GGML_VK_HOST_COPY #1215400 bytes=922112 total=1138076078080
GGML_VK_HOST_COPY #1215500 bytes=422912 total=1138145748480
GGML_VK_HOST_COPY #1215600 bytes=422912 total=1138225210880
GGML_VK_HOST_COPY #1215700 bytes=461312 total=1138304942080
GGML_VK_HOST_COPY #1215800 bytes=525312 total=1138383252480
GGML_VK_HOST_COPY #1215900 bytes=525312 total=1138478817280
GGML_VK_HOST_COPY #1216000 bytes=525312 total=1138573332480
GGML_VK_HOST_COPY #1216100 bytes=461312 total=1138658913280
GGML_VK_HOST_COPY #1216200 bytes=525312 total=1138755950080
GGML_VK_HOST_COPY #1216300 bytes=2624512 total=1138848366080
GGML_VK_HOST_COPY #1216400 bytes=525312 total=1138944980480
GGML_VK_HOST_COPY #1216500 bytes=461312 total=1139029601280
GGML_VK_HOST_COPY #1216600 bytes=525312 total=1139116935680
GGML_VK_HOST_COPY #1216700 bytes=1574912 total=1139213025280
GGML_VK_HOST_COPY #1216800 bytes=1382912 total=1139316218880
GGML_VK_HOST_COPY #1216900 bytes=1382912 total=1139400135680
GGML_VK_HOST_COPY #1217000 bytes=2867712 total=1139473710080
GGML_VK_HOST_COPY #1217100 bytes=358912 total=1139541856768
GGML_VK_HOST_COPY #1217200 bytes=1382912 total=1139610515456
GGML_VK_HOST_COPY #1217300 bytes=461312 total=1139699961856
GGML_VK_HOST_COPY #1217400 bytes=422912 total=1139791442944
GGML_VK_HOST_COPY #1217500 bytes=1267712 total=1139880197632
GGML_VK_HOST_COPY #1217600 bytes=4147712 total=1139974981120
GGML_VK_HOST_COPY #1217700 bytes=422912 total=1140071991808
GGML_VK_HOST_COPY #1217800 bytes=422912 total=1140146807808
GGML_VK_HOST_COPY #1217900 bytes=845312 total=1140216555008
GGML_VK_HOST_COPY #1218000 bytes=922112 total=1140295748608
GGML_VK_HOST_COPY #1218100 bytes=922112 total=1140378283008
GGML_VK_HOST_COPY #1218200 bytes=2112512 total=1140485355008
GGML_VK_HOST_COPY #1218300 bytes=422912 total=1140588048896
GGML_VK_HOST_COPY #1218400 bytes=1382912 total=1140693622784
GGML_VK_HOST_COPY #1218500 bytes=1050112 total=1140814863872
GGML_VK_HOST_COPY #1218600 bytes=525312 total=1140945589760
GGML_VK_HOST_COPY #1218700 bytes=525312 total=1141079989760
GGML_VK_HOST_COPY #1218800 bytes=922112 total=1141190363648
GGML_VK_HOST_COPY #1218900 bytes=358912 total=1141281191936
GGML_VK_HOST_COPY #1219000 bytes=1434112 total=1141370126336
GGML_VK_HOST_COPY #1219100 bytes=1792512 total=1141454759936
GGML_VK_HOST_COPY #1219200 bytes=461312 total=1141549991936
GGML_VK_HOST_COPY #1219300 bytes=422912 total=1141667700736
GGML_VK_HOST_COPY #1219400 bytes=1690112 total=1141787290624
GGML_VK_HOST_COPY #1219500 bytes=1382912 total=1141899507712
GGML_VK_HOST_COPY #1219600 bytes=922112 total=1142023053312
GGML_VK_HOST_COPY #1219700 bytes=1050112 total=1142156736000
GGML_VK_HOST_COPY #1219800 bytes=2624512 total=1142315276800
GGML_VK_HOST_COPY #1219900 bytes=461312 total=1142461708800
GGML_SCHED_UPLOAD_STATS layers=48 copies=6090 bytes=5762236928 branch_ms=54.80 id_ms=49.49 wait_ms=1146.89
10.09.062.239 I slot print_timing: id  0 | task 8 | prompt processing, n_tokens =  96256, progress = 0.75, t = 525.18 s / 183.28 tokens per second
GGML_VK_HOST_COPY #1220000 bytes=525312 total=1142599763968
GGML_VK_HOST_COPY #1220100 bytes=1050112 total=1142694278656
GGML_VK_HOST_COPY #1220200 bytes=2624512 total=1142794041856
GGML_VK_HOST_COPY #1220300 bytes=461312 total=1142874783744
GGML_VK_HOST_COPY #1220400 bytes=845312 total=1142960793600
GGML_VK_HOST_COPY #1220500 bytes=845312 total=1143039411200
GGML_VK_HOST_COPY #1220600 bytes=1267712 total=1143116761600
GGML_VK_HOST_COPY #1220700 bytes=461312 total=1143204096000
GGML_VK_HOST_COPY #1220800 bytes=525312 total=1143287961600
GGML_VK_HOST_COPY #1220900 bytes=2624512 total=1143374604288
GGML_VK_HOST_COPY #1221000 bytes=461312 total=1143463755776
GGML_VK_HOST_COPY #1221100 bytes=922112 total=1143537995776
GGML_VK_HOST_COPY #1221200 bytes=525312 total=1143625099264
GGML_VK_HOST_COPY #1221300 bytes=525312 total=1143704395264
GGML_VK_HOST_COPY #1221400 bytes=461312 total=1143782987264
GGML_VK_HOST_COPY #1221500 bytes=461312 total=1143856766464
GGML_VK_HOST_COPY #1221600 bytes=845312 total=1143928011264
GGML_VK_HOST_COPY #1221700 bytes=422912 total=1144004516864
GGML_VK_HOST_COPY #1221800 bytes=922112 total=1144088241664
GGML_VK_HOST_COPY #1221900 bytes=525312 total=1144167972864
GGML_VK_HOST_COPY #1222000 bytes=525312 total=1144264062464
GGML_VK_HOST_COPY #1222100 bytes=525312 total=1144357528064
GGML_VK_HOST_COPY #1222200 bytes=461312 total=1144440497664
GGML_VK_HOST_COPY #1222300 bytes=525312 total=1144539032064
GGML_VK_HOST_COPY #1222400 bytes=525312 total=1144633547264
GGML_VK_HOST_COPY #1222500 bytes=1574912 total=1144731211264
GGML_VK_HOST_COPY #1222600 bytes=461312 total=1144818020864
GGML_VK_HOST_COPY #1222700 bytes=525312 total=1144906123264
GGML_VK_HOST_COPY #1222800 bytes=525312 total=1145005361664
GGML_VK_HOST_COPY #1222900 bytes=461312 total=1145109118464
GGML_VK_HOST_COPY #1223000 bytes=461312 total=1145199025664
GGML_VK_HOST_COPY #1223100 bytes=358912 total=1145270859264
GGML_VK_HOST_COPY #1223200 bytes=717312 total=1145340797952
GGML_VK_HOST_COPY #1223300 bytes=461312 total=1145422307840
GGML_VK_HOST_COPY #1223400 bytes=422912 total=1145514057728
GGML_VK_HOST_COPY #1223500 bytes=845312 total=1145610416128
GGML_VK_HOST_COPY #1223600 bytes=1267712 total=1145706351616
GGML_VK_HOST_COPY #1223700 bytes=922112 total=1145807970304
GGML_VK_HOST_COPY #1223800 bytes=2112512 total=1145902830592
GGML_VK_HOST_COPY #1223900 bytes=1690112 total=1145980180992
GGML_VK_HOST_COPY #1224000 bytes=422912 total=1146057531392
GGML_VK_HOST_COPY #1224100 bytes=461312 total=1146136110592
GGML_VK_HOST_COPY #1224200 bytes=422912 total=1146230625792
GGML_VK_HOST_COPY #1224300 bytes=422912 total=1146339233280
GGML_VK_HOST_COPY #1224400 bytes=922112 total=1146447687168
GGML_VK_HOST_COPY #1224500 bytes=922112 total=1146565242368
GGML_VK_HOST_COPY #1224600 bytes=525312 total=1146694521856
GGML_VK_HOST_COPY #1224700 bytes=2099712 total=1146829970944
GGML_VK_HOST_COPY #1224800 bytes=3226112 total=1146964293632
GGML_VK_HOST_COPY #1224900 bytes=1434112 total=1147077598720
GGML_VK_HOST_COPY #1225000 bytes=358912 total=1147167966720
GGML_VK_HOST_COPY #1225100 bytes=1075712 total=1147254750720
GGML_VK_HOST_COPY #1225200 bytes=461312 total=1147360529920
GGML_VK_HOST_COPY #1225300 bytes=845312 total=1147486302720
GGML_VK_HOST_COPY #1225400 bytes=422912 total=1147610116608
GGML_VK_HOST_COPY #1225500 bytes=922112 total=1147743300096
GGML_VK_HOST_COPY #1225600 bytes=525312 total=1147870825984
GGML_VK_HOST_COPY #1225700 bytes=1050112 total=1148046685184
GGML_VK_HOST_COPY #1225800 bytes=1574912 total=1148213622784
GGML_VK_HOST_COPY #1225900 bytes=461312 total=1148355344384
GGML_SCHED_UPLOAD_STATS layers=48 copies=5958 bytes=5829676544 branch_ms=54.54 id_ms=49.43 wait_ms=1158.57
GGML_VK_HOST_COPY #1226000 bytes=525312 total=1148477207552
GGML_VK_HOST_COPY #1226100 bytes=1574912 total=1148573296640
GGML_VK_HOST_COPY #1226200 bytes=461312 total=1148665148928
GGML_VK_HOST_COPY #1226300 bytes=1382912 total=1148753673728
GGML_VK_HOST_COPY #1226400 bytes=1690112 total=1148833501184
GGML_VK_HOST_COPY #1226500 bytes=2112512 total=1148910006784
GGML_VK_HOST_COPY #1226600 bytes=461312 total=1148992157184
GGML_VK_HOST_COPY #1226700 bytes=525312 total=1149078761984
GGML_VK_HOST_COPY #1226800 bytes=525312 total=1149162256384
GGML_VK_HOST_COPY #1226900 bytes=1050112 total=1149250473472
GGML_VK_HOST_COPY #1227000 bytes=922112 total=1149331125760
GGML_VK_HOST_COPY #1227100 bytes=525312 total=1149413275648
GGML_VK_HOST_COPY #1227200 bytes=525312 total=1149494670848
GGML_VK_HOST_COPY #1227300 bytes=525312 total=1149578690048
GGML_VK_HOST_COPY #1227400 bytes=461312 total=1149653659648
GGML_VK_HOST_COPY #1227500 bytes=845312 total=1149724750848
GGML_VK_HOST_COPY #1227600 bytes=2534912 total=1149799144448
GGML_VK_HOST_COPY #1227700 bytes=845312 total=1149873960448
GGML_VK_HOST_COPY #1227800 bytes=922112 total=1149954920448
GGML_VK_HOST_COPY #1227900 bytes=525312 total=1150038274048
GGML_VK_HOST_COPY #1228000 bytes=525312 total=1150135938048
GGML_VK_HOST_COPY #1228100 bytes=461312 total=1150226485248
GGML_VK_HOST_COPY #1228200 bytes=461312 total=1150310862848
GGML_VK_HOST_COPY #1228300 bytes=1574912 total=1150409858048
GGML_VK_HOST_COPY #1228400 bytes=1574912 total=1150509096448
GGML_VK_HOST_COPY #1228500 bytes=461312 total=1150596174848
GGML_VK_HOST_COPY #1228600 bytes=1574912 total=1150681384448
GGML_VK_HOST_COPY #1228700 bytes=1050112 total=1150775899648
GGML_VK_HOST_COPY #1228800 bytes=2099712 total=1150874613248
GGML_VK_HOST_COPY #1228900 bytes=461312 total=1150961461248
GGML_VK_HOST_COPY #1229000 bytes=717312 total=1151050498048
GGML_VK_HOST_COPY #1229100 bytes=358912 total=1151119003136
GGML_VK_HOST_COPY #1229200 bytes=358912 total=1151186075136
GGML_VK_HOST_COPY #1229300 bytes=461312 total=1151265178624
GGML_VK_HOST_COPY #1229400 bytes=845312 total=1151360576512
GGML_VK_HOST_COPY #1229500 bytes=422912 total=1151455667200
GGML_VK_HOST_COPY #1229600 bytes=845312 total=1151547801600
GGML_VK_HOST_COPY #1229700 bytes=461312 total=1151655141888
GGML_VK_HOST_COPY #1229800 bytes=422912 total=1151742514176
GGML_VK_HOST_COPY #1229900 bytes=845312 total=1151829157376
GGML_VK_HOST_COPY #1230000 bytes=1843712 total=1151913957376
GGML_VK_HOST_COPY #1230100 bytes=461312 total=1152001099776
GGML_VK_HOST_COPY #1230200 bytes=422912 total=1152110283776
GGML_VK_HOST_COPY #1230300 bytes=1690112 total=1152215934464
GGML_VK_HOST_COPY #1230400 bytes=1382912 total=1152320586752
GGML_VK_HOST_COPY #1230500 bytes=525312 total=1152441840640
GGML_VK_HOST_COPY #1230600 bytes=525312 total=1152584112128
GGML_VK_HOST_COPY #1230700 bytes=525312 total=1152727958528
GGML_VK_HOST_COPY #1230800 bytes=1382912 total=1152845538816
GGML_VK_HOST_COPY #1230900 bytes=2867712 total=1152943637504
GGML_VK_HOST_COPY #1231000 bytes=358912 total=1153025044992
GGML_VK_HOST_COPY #1231100 bytes=922112 total=1153108551680
GGML_VK_HOST_COPY #1231200 bytes=922112 total=1153211361280
GGML_VK_HOST_COPY #1231300 bytes=422912 total=1153329914368
GGML_VK_HOST_COPY #1231400 bytes=2957312 total=1153450349568
GGML_VK_HOST_COPY #1231500 bytes=922112 total=1153569248768
GGML_VK_HOST_COPY #1231600 bytes=3149312 total=1153696032768
GGML_VK_HOST_COPY #1231700 bytes=2099712 total=1153862970368
GGML_VK_HOST_COPY #1231800 bytes=3674112 total=1154028858368
GGML_VK_HOST_COPY #1231900 bytes=461312 total=1154168339968
GGML_SCHED_UPLOAD_STATS layers=48 copies=6006 bytes=5803435520 branch_ms=54.39 id_ms=49.17 wait_ms=1165.87
GGML_VK_HOST_COPY #1232000 bytes=2099712 total=1154283252736
GGML_VK_HOST_COPY #1232100 bytes=1050112 total=1154378817024
GGML_VK_HOST_COPY #1232200 bytes=1843712 total=1154473536512
GGML_VK_HOST_COPY #1232300 bytes=461312 total=1154557453312
GGML_VK_HOST_COPY #1232400 bytes=422912 total=1154640237568
GGML_VK_HOST_COPY #1232500 bytes=422912 total=1154717165568
GGML_VK_HOST_COPY #1232600 bytes=1843712 total=1154800544768
GGML_VK_HOST_COPY #1232700 bytes=1382912 total=1154884461568
GGML_VK_HOST_COPY #1232800 bytes=525312 total=1154970400768
GGML_VK_HOST_COPY #1232900 bytes=1050112 total=1155057568256
GGML_VK_HOST_COPY #1233000 bytes=922112 total=1155139974144
GGML_VK_HOST_COPY #1233100 bytes=525312 total=1155220370432
GGML_VK_HOST_COPY #1233200 bytes=525312 total=1155305964032
GGML_VK_HOST_COPY #1233300 bytes=525312 total=1155391557632
GGML_VK_HOST_COPY #1233400 bytes=922112 total=1155464658432
GGML_VK_HOST_COPY #1233500 bytes=422912 total=1155537170432
GGML_VK_HOST_COPY #1233600 bytes=422912 total=1155612831232
GGML_VK_HOST_COPY #1233700 bytes=1690112 total=1155690181632
GGML_VK_HOST_COPY #1233800 bytes=461312 total=1155766610432
GGML_VK_HOST_COPY #1233900 bytes=1574912 total=1155854674432
GGML_VK_HOST_COPY #1234000 bytes=525312 total=1155947615232
GGML_VK_HOST_COPY #1234100 bytes=525312 total=1156043180032
GGML_VK_HOST_COPY #1234200 bytes=1382912 total=1156123013632
GGML_VK_HOST_COPY #1234300 bytes=525312 total=1156222060032
GGML_VK_HOST_COPY #1234400 bytes=1050112 total=1156317100032
GGML_VK_HOST_COPY #1234500 bytes=461312 total=1156406277632
GGML_VK_HOST_COPY #1234600 bytes=922112 total=1156495724032
GGML_VK_HOST_COPY #1234700 bytes=2099712 total=1156579052032
GGML_VK_HOST_COPY #1234800 bytes=1574912 total=1156672517632
GGML_VK_HOST_COPY #1234900 bytes=461312 total=1156769336832
GGML_VK_HOST_COPY #1235000 bytes=358912 total=1156858322432
GGML_VK_HOST_COPY #1235100 bytes=717312 total=1156926828032
GGML_VK_HOST_COPY #1235200 bytes=717312 total=1156996408320
GGML_VK_HOST_COPY #1235300 bytes=461312 total=1157078327808
GGML_VK_HOST_COPY #1235400 bytes=422912 total=1157169194496
GGML_VK_HOST_COPY #1235500 bytes=845312 total=1157262173696
GGML_VK_HOST_COPY #1235600 bytes=845312 total=1157358953984
GGML_VK_HOST_COPY #1235700 bytes=461312 total=1157460687872
GGML_VK_HOST_COPY #1235800 bytes=422912 total=1157558850560
GGML_VK_HOST_COPY #1235900 bytes=422912 total=1157637468160
GGML_VK_HOST_COPY #1236000 bytes=422912 total=1157716085760
GGML_VK_HOST_COPY #1236100 bytes=922112 total=1157797506560
GGML_VK_HOST_COPY #1236200 bytes=1690112 total=1157898511360
GGML_VK_HOST_COPY #1236300 bytes=422912 total=1158009230848
GGML_VK_HOST_COPY #1236400 bytes=922112 total=1158124903936
GGML_VK_HOST_COPY #1236500 bytes=922112 total=1158245684736
GGML_VK_HOST_COPY #1236600 bytes=1050112 total=1158375501824
GGML_VK_HOST_COPY #1236700 bytes=1050112 total=1158510426112
GGML_VK_HOST_COPY #1236800 bytes=922112 total=1158642636800
GGML_VK_HOST_COPY #1236900 bytes=1434112 total=1158758348288
GGML_VK_HOST_COPY #1237000 bytes=358912 total=1158843340288
GGML_VK_HOST_COPY #1237100 bytes=358912 total=1158926181888
GGML_VK_HOST_COPY #1237200 bytes=1382912 total=1159021465088
GGML_VK_HOST_COPY #1237300 bytes=845312 total=1159136178688
GGML_VK_HOST_COPY #1237400 bytes=3802112 total=1159252389888
GGML_VK_HOST_COPY #1237500 bytes=845312 total=1159357196288
GGML_VK_HOST_COPY #1237600 bytes=4147712 total=1159478629888
GGML_VK_HOST_COPY #1237700 bytes=1050112 total=1159602828288
GGML_VK_HOST_COPY #1237800 bytes=2099712 total=1159762943488
GGML_VK_HOST_COPY #1237900 bytes=461312 total=1159920101888
GGML_SCHED_UPLOAD_STATS layers=48 copies=6054 bytes=5823788032 branch_ms=54.60 id_ms=49.37 wait_ms=1166.16
GGML_VK_HOST_COPY #1238000 bytes=525312 total=1160061869056
GGML_VK_HOST_COPY #1238100 bytes=525312 total=1160163731456
GGML_VK_HOST_COPY #1238200 bytes=525312 total=1160254572544
GGML_VK_HOST_COPY #1238300 bytes=461312 total=1160344236032
GGML_VK_HOST_COPY #1238400 bytes=422912 total=1160430130688
GGML_VK_HOST_COPY #1238500 bytes=422912 total=1160507058688
GGML_VK_HOST_COPY #1238600 bytes=422912 total=1160589055488
GGML_VK_HOST_COPY #1238700 bytes=922112 total=1160670783488
GGML_VK_HOST_COPY #1238800 bytes=1050112 total=1160754265088
GGML_VK_HOST_COPY #1238900 bytes=1050112 total=1160844581376
GGML_VK_HOST_COPY #1239000 bytes=525312 total=1160928600576
GGML_VK_HOST_COPY #1239100 bytes=461312 total=1161008369664
GGML_VK_HOST_COPY #1239200 bytes=525312 total=1161092977152
GGML_VK_HOST_COPY #1239300 bytes=525312 total=1161172273152
GGML_VK_HOST_COPY #1239400 bytes=525312 total=1161254717952
GGML_VK_HOST_COPY #1239500 bytes=461312 total=1161330826752
GGML_VK_HOST_COPY #1239600 bytes=845312 total=1161399882752
GGML_VK_HOST_COPY #1239700 bytes=2957312 total=1161478922752
GGML_VK_HOST_COPY #1239800 bytes=1382912 total=1161550858752
GGML_VK_HOST_COPY #1239900 bytes=461312 total=1161631549952
GGML_VK_HOST_COPY #1240000 bytes=1050112 total=1161723812352
GGML_VK_HOST_COPY #1240100 bytes=525312 total=1161810980352
GGML_VK_HOST_COPY #1240200 bytes=1382912 total=1161905674752
GGML_VK_HOST_COPY #1240300 bytes=2624512 total=1161993930752
GGML_VK_HOST_COPY #1240400 bytes=525312 total=1162092119552
GGML_VK_HOST_COPY #1240500 bytes=525312 total=1162188209152
GGML_VK_HOST_COPY #1240600 bytes=461312 total=1162277079552
GGML_VK_HOST_COPY #1240700 bytes=1050112 total=1162357412352
GGML_VK_HOST_COPY #1240800 bytes=525312 total=1162461373952
GGML_VK_HOST_COPY #1240900 bytes=525312 total=1162557988352
GGML_VK_HOST_COPY #1241000 bytes=1843712 total=1162643287552
GGML_VK_HOST_COPY #1241100 bytes=358912 total=1162721111552
GGML_VK_HOST_COPY #1241200 bytes=358912 total=1162793200640
GGML_VK_HOST_COPY #1241300 bytes=717312 total=1162862064640
GGML_VK_HOST_COPY #1241400 bytes=461312 total=1162948080128
GGML_VK_HOST_COPY #1241500 bytes=422912 total=1163037986816
GGML_VK_HOST_COPY #1241600 bytes=1690112 total=1163134767104
GGML_VK_HOST_COPY #1241700 bytes=461312 total=1163228168192
GGML_VK_HOST_COPY #1241800 bytes=461312 total=1163331438592
GGML_VK_HOST_COPY #1241900 bytes=422912 total=1163413665280
GGML_VK_HOST_COPY #1242000 bytes=845312 total=1163497351680
GGML_VK_HOST_COPY #1242100 bytes=461312 total=1163575969280
GGML_VK_HOST_COPY #1242200 bytes=461312 total=1163663572480
GGML_VK_HOST_COPY #1242300 bytes=422912 total=1163767534080
GGML_VK_HOST_COPY #1242400 bytes=1690112 total=1163880787968
GGML_VK_HOST_COPY #1242500 bytes=922112 total=1163995040256
GGML_VK_HOST_COPY #1242600 bytes=1050112 total=1164119071744
GGML_VK_HOST_COPY #1242700 bytes=1574912 total=1164262392832
GGML_VK_HOST_COPY #1242800 bytes=1050112 total=1164409912832
GGML_VK_HOST_COPY #1242900 bytes=1382912 total=1164532817920
GGML_VK_HOST_COPY #1243000 bytes=717312 total=1164624414208
GGML_VK_HOST_COPY #1243100 bytes=358912 total=1164707614208
GGML_VK_HOST_COPY #1243200 bytes=461312 total=1164788100608
GGML_VK_HOST_COPY #1243300 bytes=461312 total=1164890910208
GGML_VK_HOST_COPY #1243400 bytes=422912 total=1164997636608
GGML_VK_HOST_COPY #1243500 bytes=1690112 total=1165110468608
GGML_VK_HOST_COPY #1243600 bytes=461312 total=1165224836608
GGML_VK_HOST_COPY #1243700 bytes=461312 total=1165341470208
GGML_VK_HOST_COPY #1243800 bytes=2624512 total=1165496414208
GGML_VK_HOST_COPY #1243900 bytes=525312 total=1165660203008
GGML_VK_HOST_COPY #1244000 bytes=461312 total=1165807159808
GGML_SCHED_UPLOAD_STATS layers=48 copies=6051 bytes=5811575296 branch_ms=52.07 id_ms=47.39 wait_ms=1170.70
10.23.316.271 I slot print_timing: id  0 | task 8 | prompt processing, n_tokens =  98304, progress = 0.77, t = 539.43 s / 182.24 tokens per second
GGML_VK_HOST_COPY #1244100 bytes=1050112 total=1165931710976
GGML_VK_HOST_COPY #1244200 bytes=525312 total=1166025176064
GGML_VK_HOST_COPY #1244300 bytes=525312 total=1166123889664
GGML_VK_HOST_COPY #1244400 bytes=2765312 total=1166206410752
GGML_VK_HOST_COPY #1244500 bytes=1267712 total=1166288119808
GGML_VK_HOST_COPY #1244600 bytes=845312 total=1166368004608
GGML_VK_HOST_COPY #1244700 bytes=922112 total=1166447198208
GGML_VK_HOST_COPY #1244800 bytes=1382912 total=1166531575808
GGML_VK_HOST_COPY #1244900 bytes=1574912 total=1166620433408
GGML_VK_HOST_COPY #1245000 bytes=525312 total=1166703402496
GGML_VK_HOST_COPY #1245100 bytes=2304512 total=1166790979584
GGML_VK_HOST_COPY #1245200 bytes=1574912 total=1166872105472
GGML_VK_HOST_COPY #1245300 bytes=525312 total=1166957699072
GGML_VK_HOST_COPY #1245400 bytes=525312 total=1167042243072
GGML_VK_HOST_COPY #1245500 bytes=2765312 total=1167117123072
GGML_VK_HOST_COPY #1245600 bytes=1267712 total=1167188060672
GGML_VK_HOST_COPY #1245700 bytes=845312 total=1167264988672
GGML_VK_HOST_COPY #1245800 bytes=422912 total=1167343606272
GGML_VK_HOST_COPY #1245900 bytes=461312 total=1167420764672
GGML_VK_HOST_COPY #1246000 bytes=525312 total=1167510787072
GGML_VK_HOST_COPY #1246100 bytes=525312 total=1167604777472
GGML_VK_HOST_COPY #1246200 bytes=461312 total=1167698447872
GGML_VK_HOST_COPY #1246300 bytes=461312 total=1167779599872
GGML_VK_HOST_COPY #1246400 bytes=1050112 total=1167879683072
GGML_VK_HOST_COPY #1246500 bytes=1574912 total=1167974723072
GGML_VK_HOST_COPY #1246600 bytes=2304512 total=1168062607872
GGML_VK_HOST_COPY #1246700 bytes=461312 total=1168148828672
GGML_VK_HOST_COPY #1246800 bytes=525312 total=1168233129472
GGML_VK_HOST_COPY #1246900 bytes=1574912 total=1168325545472
GGML_VK_HOST_COPY #1247000 bytes=461312 total=1168422492672
GGML_VK_HOST_COPY #1247100 bytes=922112 total=1168506870272
GGML_VK_HOST_COPY #1247200 bytes=717312 total=1168574505472
GGML_VK_HOST_COPY #1247300 bytes=358912 total=1168639426560
GGML_VK_HOST_COPY #1247400 bytes=922112 total=1168713205248
GGML_VK_HOST_COPY #1247500 bytes=845312 total=1168800001536
GGML_VK_HOST_COPY #1247600 bytes=422912 total=1168894670336
GGML_VK_HOST_COPY #1247700 bytes=845312 total=1168988916224
GGML_VK_HOST_COPY #1247800 bytes=922112 total=1169089651712
GGML_VK_HOST_COPY #1247900 bytes=422912 total=1169193420800
GGML_VK_HOST_COPY #1248000 bytes=422912 total=1169266969600
GGML_VK_HOST_COPY #1248100 bytes=845312 total=1169343052800
GGML_VK_HOST_COPY #1248200 bytes=461312 total=1169424934400
GGML_VK_HOST_COPY #1248300 bytes=2534912 total=1169514342400
GGML_VK_HOST_COPY #1248400 bytes=422912 total=1169627173888
GGML_VK_HOST_COPY #1248500 bytes=845312 total=1169742540288
GGML_VK_HOST_COPY #1248600 bytes=922112 total=1169867582976
GGML_VK_HOST_COPY #1248700 bytes=525312 total=1169992958464
GGML_VK_HOST_COPY #1248800 bytes=525312 total=1170120010752
GGML_VK_HOST_COPY #1248900 bytes=1843712 total=1170249354240
GGML_VK_HOST_COPY #1249000 bytes=1434112 total=1170359792128
GGML_VK_HOST_COPY #1249100 bytes=1075712 total=1170443708928
GGML_VK_HOST_COPY #1249200 bytes=358912 total=1170525116416
GGML_VK_HOST_COPY #1249300 bytes=461312 total=1170620245504
GGML_VK_HOST_COPY #1249400 bytes=845312 total=1170740296192
GGML_VK_HOST_COPY #1249500 bytes=1690112 total=1170852283392
GGML_VK_HOST_COPY #1249600 bytes=845312 total=1170967227392
GGML_VK_HOST_COPY #1249700 bytes=1843712 total=1171087009792
GGML_VK_HOST_COPY #1249800 bytes=2624512 total=1171226248192
GGML_VK_HOST_COPY #1249900 bytes=1050112 total=1171385313792
GGML_VK_HOST_COPY #1250000 bytes=2304512 total=1171534600192
GGML_SCHED_UPLOAD_STATS layers=48 copies=6048 bytes=5782413824 branch_ms=54.42 id_ms=49.27 wait_ms=1174.61
GGML_VK_HOST_COPY #1250100 bytes=1050112 total=1171674728960
GGML_VK_HOST_COPY #1250200 bytes=1050112 total=1171777116160
GGML_VK_HOST_COPY #1250300 bytes=525312 total=1171866907648
GGML_VK_HOST_COPY #1250400 bytes=461312 total=1171956891136
GGML_VK_HOST_COPY #1250500 bytes=422912 total=1172043400192
GGML_VK_HOST_COPY #1250600 bytes=845312 total=1172119905792
GGML_VK_HOST_COPY #1250700 bytes=422912 total=1172201902592
GGML_VK_HOST_COPY #1250800 bytes=461312 total=1172282977792
GGML_VK_HOST_COPY #1250900 bytes=525312 total=1172367124992
GGML_VK_HOST_COPY #1251000 bytes=1574912 total=1172457441280
GGML_VK_HOST_COPY #1251100 bytes=525312 total=1172541985280
GGML_VK_HOST_COPY #1251200 bytes=461312 total=1172621818368
GGML_VK_HOST_COPY #1251300 bytes=525312 total=1172707475456
GGML_VK_HOST_COPY #1251400 bytes=525312 total=1172787821056
GGML_VK_HOST_COPY #1251500 bytes=1050112 total=1172871840256
GGML_VK_HOST_COPY #1251600 bytes=461312 total=1172948678656
GGML_VK_HOST_COPY #1251700 bytes=422912 total=1173018041856
GGML_VK_HOST_COPY #1251800 bytes=422912 total=1173097926656
GGML_VK_HOST_COPY #1251900 bytes=1382912 total=1173169478656
GGML_VK_HOST_COPY #1252000 bytes=461312 total=1173250630656
GGML_VK_HOST_COPY #1252100 bytes=525312 total=1173342368256
GGML_VK_HOST_COPY #1252200 bytes=3149312 total=1173431110656
GGML_VK_HOST_COPY #1252300 bytes=461312 total=1173522989056
GGML_VK_HOST_COPY #1252400 bytes=525312 total=1173610054656
GGML_VK_HOST_COPY #1252500 bytes=525312 total=1173707718656
GGML_VK_HOST_COPY #1252600 bytes=1574912 total=1173805382656
GGML_VK_HOST_COPY #1252700 bytes=461312 total=1173894265856
GGML_VK_HOST_COPY #1252800 bytes=525312 total=1173973075456
GGML_VK_HOST_COPY #1252900 bytes=525312 total=1174077561856
GGML_VK_HOST_COPY #1253000 bytes=525312 total=1174172601856
GGML_VK_HOST_COPY #1253100 bytes=461312 total=1174260883456
GGML_VK_HOST_COPY #1253200 bytes=717312 total=1174334918656
GGML_VK_HOST_COPY #1253300 bytes=717312 total=1174404857344
GGML_VK_HOST_COPY #1253400 bytes=1843712 total=1174472748032
GGML_VK_HOST_COPY #1253500 bytes=461312 total=1174557125632
GGML_VK_HOST_COPY #1253600 bytes=1267712 total=1174653061120
GGML_VK_HOST_COPY #1253700 bytes=422912 total=1174751108608
GGML_VK_HOST_COPY #1253800 bytes=5069312 total=1174852804096
GGML_VK_HOST_COPY #1253900 bytes=422912 total=1174954384384
GGML_VK_HOST_COPY #1254000 bytes=422912 total=1175031734784
GGML_VK_HOST_COPY #1254100 bytes=422912 total=1175103171584
GGML_VK_HOST_COPY #1254200 bytes=461312 total=1175188777984
GGML_VK_HOST_COPY #1254300 bytes=422912 total=1175272233984
GGML_VK_HOST_COPY #1254400 bytes=1690112 total=1175379574784
GGML_VK_HOST_COPY #1254500 bytes=2534912 total=1175490294272
GGML_VK_HOST_COPY #1254600 bytes=1382912 total=1175598018560
GGML_VK_HOST_COPY #1254700 bytes=525312 total=1175713090048
GGML_VK_HOST_COPY #1254800 bytes=1050112 total=1175848539136
GGML_VK_HOST_COPY #1254900 bytes=461312 total=1175985191424
GGML_VK_HOST_COPY #1255000 bytes=1843712 total=1176104589824
GGML_VK_HOST_COPY #1255100 bytes=358912 total=1176183949312
GGML_VK_HOST_COPY #1255200 bytes=358912 total=1176265356800
GGML_VK_HOST_COPY #1255300 bytes=461312 total=1176349733888
GGML_VK_HOST_COPY #1255400 bytes=922112 total=1176449317888
GGML_VK_HOST_COPY #1255500 bytes=845312 total=1176563186176
GGML_VK_HOST_COPY #1255600 bytes=422912 total=1176671793664
GGML_VK_HOST_COPY #1255700 bytes=461312 total=1176791690752
GGML_VK_HOST_COPY #1255800 bytes=1382912 total=1176900029952
GGML_VK_HOST_COPY #1255900 bytes=2099712 total=1177056394240
GGML_VK_HOST_COPY #1256000 bytes=2624512 total=1177212311040
GGML_VK_HOST_COPY #1256100 bytes=2765312 total=1177368253440
GGML_SCHED_UPLOAD_STATS layers=48 copies=6063 bytes=5781216768 branch_ms=54.91 id_ms=49.68 wait_ms=1166.05
GGML_VK_HOST_COPY #1256200 bytes=525312 total=1177503185408
GGML_VK_HOST_COPY #1256300 bytes=1050112 total=1177594551296
GGML_VK_HOST_COPY #1256400 bytes=525312 total=1177696413696
GGML_VK_HOST_COPY #1256500 bytes=1382912 total=1177776720384
GGML_VK_HOST_COPY #1256600 bytes=1267712 total=1177860887040
GGML_VK_HOST_COPY #1256700 bytes=845312 total=1177941616640
GGML_VK_HOST_COPY #1256800 bytes=2112512 total=1178018967040
GGML_VK_HOST_COPY #1256900 bytes=461312 total=1178103728640
GGML_VK_HOST_COPY #1257000 bytes=1050112 total=1178189808640
GGML_VK_HOST_COPY #1257100 bytes=525312 total=1178275401728
GGML_VK_HOST_COPY #1257200 bytes=461312 total=1178365103616
GGML_VK_HOST_COPY #1257300 bytes=461312 total=1178439804416
GGML_VK_HOST_COPY #1257400 bytes=525312 total=1178528584704
GGML_VK_HOST_COPY #1257500 bytes=525312 total=1178609455104
GGML_VK_HOST_COPY #1257600 bytes=461312 total=1178687227904
GGML_VK_HOST_COPY #1257700 bytes=461312 total=1178759624704
GGML_VK_HOST_COPY #1257800 bytes=845312 total=1178834863104
GGML_VK_HOST_COPY #1257900 bytes=422912 total=1178906722304
GGML_VK_HOST_COPY #1258000 bytes=922112 total=1178989026304
GGML_VK_HOST_COPY #1258100 bytes=1050112 total=1179071675904
GGML_VK_HOST_COPY #1258200 bytes=1050112 total=1179167765504
GGML_VK_HOST_COPY #1258300 bytes=525312 total=1179260181504
GGML_VK_HOST_COPY #1258400 bytes=922112 total=1179346555904
GGML_VK_HOST_COPY #1258500 bytes=1050112 total=1179443912704
GGML_VK_HOST_COPY #1258600 bytes=1574912 total=1179535803904
GGML_VK_HOST_COPY #1258700 bytes=461312 total=1179627669504
GGML_VK_HOST_COPY #1258800 bytes=461312 total=1179716194304
GGML_VK_HOST_COPY #1258900 bytes=525312 total=1179802338304
GGML_VK_HOST_COPY #1259000 bytes=1050112 total=1179900002304
GGML_VK_HOST_COPY #1259100 bytes=461312 total=1179994671104
GGML_VK_HOST_COPY #1259200 bytes=1075712 total=1180083298304
GGML_VK_HOST_COPY #1259300 bytes=717312 total=1180145711104
GGML_VK_HOST_COPY #1259400 bytes=358912 total=1180210273792
GGML_VK_HOST_COPY #1259500 bytes=461312 total=1180285537280
GGML_VK_HOST_COPY #1259600 bytes=1267712 total=1180368147968
GGML_VK_HOST_COPY #1259700 bytes=1267712 total=1180461971968
GGML_VK_HOST_COPY #1259800 bytes=2112512 total=1180555373056
GGML_VK_HOST_COPY #1259900 bytes=461312 total=1180651538944
GGML_VK_HOST_COPY #1260000 bytes=422912 total=1180752197632
GGML_VK_HOST_COPY #1260100 bytes=845312 total=1180824056832
GGML_VK_HOST_COPY #1260200 bytes=2534912 total=1180895071232
GGML_VK_HOST_COPY #1260300 bytes=461312 total=1180975992832
GGML_VK_HOST_COPY #1260400 bytes=1690112 total=1181059064832
GGML_VK_HOST_COPY #1260500 bytes=845312 total=1181169784832
GGML_VK_HOST_COPY #1260600 bytes=422912 total=1181275435520
GGML_VK_HOST_COPY #1260700 bytes=1382912 total=1181390763008
GGML_VK_HOST_COPY #1260800 bytes=525312 total=1181508471296
GGML_VK_HOST_COPY #1260900 bytes=1050112 total=1181646544384
GGML_VK_HOST_COPY #1261000 bytes=461312 total=1181774812672
GGML_VK_HOST_COPY #1261100 bytes=2765312 total=1181891907072
GGML_VK_HOST_COPY #1261200 bytes=1075712 total=1181981096960
GGML_VK_HOST_COPY #1261300 bytes=717312 total=1182064296960
GGML_VK_HOST_COPY #1261400 bytes=461312 total=1182163164160
GGML_VK_HOST_COPY #1261500 bytes=922112 total=1182274728960
GGML_VK_HOST_COPY #1261600 bytes=422912 total=1182374504960
GGML_VK_HOST_COPY #1261700 bytes=845312 total=1182489026048
GGML_VK_HOST_COPY #1261800 bytes=922112 total=1182599361536
GGML_VK_HOST_COPY #1261900 bytes=525312 total=1182712807424
GGML_VK_HOST_COPY #1262000 bytes=3149312 total=1182876071424
GGML_VK_HOST_COPY #1262100 bytes=1574912 total=1183022017024
GGML_VK_HOST_COPY #1262200 bytes=461312 total=1183160154624
GGML_SCHED_UPLOAD_STATS layers=48 copies=6093 bytes=5766667264 branch_ms=54.39 id_ms=49.26 wait_ms=1162.53
GGML_VK_HOST_COPY #1262300 bytes=525312 total=1183284014592
GGML_VK_HOST_COPY #1262400 bytes=525312 total=1183375380480
GGML_VK_HOST_COPY #1262500 bytes=525312 total=1183477242880
GGML_VK_HOST_COPY #1262600 bytes=461312 total=1183558483968
GGML_VK_HOST_COPY #1262700 bytes=422912 total=1183641421824
GGML_VK_HOST_COPY #1262800 bytes=845312 total=1183722573824
GGML_VK_HOST_COPY #1262900 bytes=845312 total=1183801613824
GGML_VK_HOST_COPY #1263000 bytes=1382912 total=1183884570624
GGML_VK_HOST_COPY #1263100 bytes=525312 total=1183971687424
GGML_VK_HOST_COPY #1263200 bytes=2099712 total=1184058854912
GGML_VK_HOST_COPY #1263300 bytes=461312 total=1184145484800
GGML_VK_HOST_COPY #1263400 bytes=2304512 total=1184223872000
GGML_VK_HOST_COPY #1263500 bytes=525312 total=1184309413888
GGML_VK_HOST_COPY #1263600 bytes=525312 total=1184391333888
GGML_VK_HOST_COPY #1263700 bytes=461312 total=1184469375488
GGML_VK_HOST_COPY #1263800 bytes=922112 total=1184542693888
GGML_VK_HOST_COPY #1263900 bytes=422912 total=1184617394688
GGML_VK_HOST_COPY #1264000 bytes=422912 total=1184690098688
GGML_VK_HOST_COPY #1264100 bytes=461312 total=1184771634688
GGML_VK_HOST_COPY #1264200 bytes=1050112 total=1184854412288
GGML_VK_HOST_COPY #1264300 bytes=1050112 total=1184949977088
GGML_VK_HOST_COPY #1264400 bytes=525312 total=1185041868288
GGML_VK_HOST_COPY #1264500 bytes=1382912 total=1185127321088
GGML_VK_HOST_COPY #1264600 bytes=525312 total=1185224025088
GGML_VK_HOST_COPY #1264700 bytes=525312 total=1185317490688
GGML_VK_HOST_COPY #1264800 bytes=922112 total=1185409612288
GGML_VK_HOST_COPY #1264900 bytes=461312 total=1185498597888
GGML_VK_HOST_COPY #1265000 bytes=525312 total=1185585996288
GGML_VK_HOST_COPY #1265100 bytes=1574912 total=1185679461888
GGML_VK_HOST_COPY #1265200 bytes=1382912 total=1185777279488
GGML_VK_HOST_COPY #1265300 bytes=717312 total=1185863909888
GGML_VK_HOST_COPY #1265400 bytes=358912 total=1185929906688
GGML_VK_HOST_COPY #1265500 bytes=717312 total=1185998770176
GGML_VK_HOST_COPY #1265600 bytes=461312 total=1186074289664
GGML_VK_HOST_COPY #1265700 bytes=422912 total=1186164503552
GGML_VK_HOST_COPY #1265800 bytes=422912 total=1186254948352
GGML_VK_HOST_COPY #1265900 bytes=422912 total=1186347082240
GGML_VK_HOST_COPY #1266000 bytes=461312 total=1186443286528
GGML_VK_HOST_COPY #1266100 bytes=422912 total=1186537878016
GGML_VK_HOST_COPY #1266200 bytes=422912 total=1186606780416
GGML_VK_HOST_COPY #1266300 bytes=422912 total=1186680329216
GGML_VK_HOST_COPY #1266400 bytes=922112 total=1186756911616
GGML_VK_HOST_COPY #1266500 bytes=1690112 total=1186841442816
GGML_VK_HOST_COPY #1266600 bytes=422912 total=1186951317504
GGML_VK_HOST_COPY #1266700 bytes=845312 total=1187059080704
GGML_VK_HOST_COPY #1266800 bytes=922112 total=1187177902592
GGML_VK_HOST_COPY #1266900 bytes=2624512 total=1187294394880
GGML_VK_HOST_COPY #1267000 bytes=1574912 total=1187425645568
GGML_VK_HOST_COPY #1267100 bytes=461312 total=1187547897856
GGML_VK_HOST_COPY #1267200 bytes=461312 total=1187660845056
GGML_VK_HOST_COPY #1267300 bytes=358912 total=1187744146944
GGML_VK_HOST_COPY #1267400 bytes=358912 total=1187826271744
GGML_VK_HOST_COPY #1267500 bytes=922112 total=1187913004544
GGML_VK_HOST_COPY #1267600 bytes=1382912 total=1188014431744
GGML_VK_HOST_COPY #1267700 bytes=1267712 total=1188120889344
GGML_VK_HOST_COPY #1267800 bytes=845312 total=1188237100032
GGML_VK_HOST_COPY #1267900 bytes=461312 total=1188356574720
GGML_VK_HOST_COPY #1268000 bytes=525312 total=1188479390208
GGML_VK_HOST_COPY #1268100 bytes=1574912 total=1188640030208
GGML_VK_HOST_COPY #1268200 bytes=4198912 total=1188793847808
GGML_VK_HOST_COPY #1268300 bytes=461312 total=1188923563008
GGML_SCHED_UPLOAD_STATS layers=48 copies=6087 bytes=5740475392 branch_ms=54.73 id_ms=49.50 wait_ms=1167.05
10.37.570.040 I slot print_timing: id  0 | task 8 | prompt processing, n_tokens = 100352, progress = 0.78, t = 553.68 s / 181.24 tokens per second
GGML_VK_HOST_COPY #1268400 bytes=525312 total=1189044952576
GGML_VK_HOST_COPY #1268500 bytes=1574912 total=1189139467264
GGML_VK_HOST_COPY #1268600 bytes=525312 total=1189237131264
GGML_VK_HOST_COPY #1268700 bytes=461312 total=1189319588352
GGML_VK_HOST_COPY #1268800 bytes=1690112 total=1189402526208
GGML_VK_HOST_COPY #1268900 bytes=422912 total=1189481143808
GGML_VK_HOST_COPY #1269000 bytes=461312 total=1189560375808
GGML_VK_HOST_COPY #1269100 bytes=1843712 total=1189646135808
GGML_VK_HOST_COPY #1269200 bytes=525312 total=1189733675008
GGML_VK_HOST_COPY #1269300 bytes=525312 total=1189820842496
GGML_VK_HOST_COPY #1269400 bytes=461312 total=1189904617984
GGML_VK_HOST_COPY #1269500 bytes=1574912 total=1189985347072
GGML_VK_HOST_COPY #1269600 bytes=525312 total=1190068841472
GGML_VK_HOST_COPY #1269700 bytes=525312 total=1190148137472
GGML_VK_HOST_COPY #1269800 bytes=461312 total=1190224361472
GGML_VK_HOST_COPY #1269900 bytes=1382912 total=1190298601472
GGML_VK_HOST_COPY #1270000 bytes=422912 total=1190371075072
GGML_VK_HOST_COPY #1270100 bytes=422912 total=1190446313472
GGML_VK_HOST_COPY #1270200 bytes=922112 total=1190524700672
GGML_VK_HOST_COPY #1270300 bytes=525312 total=1190611471872
GGML_VK_HOST_COPY #1270400 bytes=1050112 total=1190704412672
GGML_VK_HOST_COPY #1270500 bytes=2624512 total=1190802601472
GGML_VK_HOST_COPY #1270600 bytes=922112 total=1190884534272
GGML_VK_HOST_COPY #1270700 bytes=1050112 total=1190983708672
GGML_VK_HOST_COPY #1270800 bytes=1050112 total=1191081372672
GGML_VK_HOST_COPY #1270900 bytes=922112 total=1191172150272
GGML_VK_HOST_COPY #1271000 bytes=1382912 total=1191258371072
GGML_VK_HOST_COPY #1271100 bytes=3149312 total=1191349750272
GGML_VK_HOST_COPY #1271200 bytes=525312 total=1191445839872
GGML_VK_HOST_COPY #1271300 bytes=461312 total=1191537692672
GGML_VK_HOST_COPY #1271400 bytes=717312 total=1191624527872
GGML_VK_HOST_COPY #1271500 bytes=358912 total=1191695542272
GGML_VK_HOST_COPY #1271600 bytes=358912 total=1191768706560
GGML_VK_HOST_COPY #1271700 bytes=461312 total=1191846171648
GGML_VK_HOST_COPY #1271800 bytes=422912 total=1191937460736
GGML_VK_HOST_COPY #1271900 bytes=2112512 total=1192033396736
GGML_VK_HOST_COPY #1272000 bytes=422912 total=1192129332224
GGML_VK_HOST_COPY #1272100 bytes=461312 total=1192228224512
GGML_VK_HOST_COPY #1272200 bytes=422912 total=1192327692800
GGML_VK_HOST_COPY #1272300 bytes=845312 total=1192402086400
GGML_VK_HOST_COPY #1272400 bytes=422912 total=1192480704000
GGML_VK_HOST_COPY #1272500 bytes=922112 total=1192557363200
GGML_VK_HOST_COPY #1272600 bytes=422912 total=1192643200000
GGML_VK_HOST_COPY #1272700 bytes=845312 total=1192752652288
GGML_VK_HOST_COPY #1272800 bytes=845312 total=1192857881088
GGML_VK_HOST_COPY #1272900 bytes=2765312 total=1192975358976
GGML_VK_HOST_COPY #1273000 bytes=1574912 total=1193100312064
GGML_VK_HOST_COPY #1273100 bytes=525312 total=1193232087552
GGML_VK_HOST_COPY #1273200 bytes=461312 total=1193359280640
GGML_VK_HOST_COPY #1273300 bytes=1382912 total=1193474071040
GGML_VK_HOST_COPY #1273400 bytes=1434112 total=1193561110528
GGML_VK_HOST_COPY #1273500 bytes=717312 total=1193648969728
GGML_VK_HOST_COPY #1273600 bytes=461312 total=1193753673728
GGML_VK_HOST_COPY #1273700 bytes=845312 total=1193873686528
GGML_VK_HOST_COPY #1273800 bytes=422912 total=1193989052928
GGML_VK_HOST_COPY #1273900 bytes=1690112 total=1194105686016
GGML_VK_HOST_COPY #1274000 bytes=461312 total=1194232648704
GGML_VK_HOST_COPY #1274100 bytes=8922112 total=1194389153792
GGML_VK_HOST_COPY #1274200 bytes=1574912 total=1194562388992
GGML_VK_HOST_COPY #1274300 bytes=461312 total=1194734740992
GGML_SCHED_UPLOAD_STATS layers=48 copies=6024 bytes=5848167936 branch_ms=54.56 id_ms=49.41 wait_ms=1157.23
GGML_VK_HOST_COPY #1274400 bytes=2099712 total=1194880501760
GGML_VK_HOST_COPY #1274500 bytes=1050112 total=1194974491648
GGML_VK_HOST_COPY #1274600 bytes=525312 total=1195072155648
GGML_VK_HOST_COPY #1274700 bytes=461312 total=1195155188736
GGML_VK_HOST_COPY #1274800 bytes=422912 total=1195240468992
GGML_VK_HOST_COPY #1274900 bytes=422912 total=1195319931392
GGML_VK_HOST_COPY #1275000 bytes=845312 total=1195396859392
GGML_VK_HOST_COPY #1275100 bytes=1382912 total=1195484961792
GGML_VK_HOST_COPY #1275200 bytes=525312 total=1195568699392
GGML_VK_HOST_COPY #1275300 bytes=525312 total=1195655866880
GGML_VK_HOST_COPY #1275400 bytes=922112 total=1195746080768
GGML_VK_HOST_COPY #1275500 bytes=1843712 total=1195821242368
GGML_VK_HOST_COPY #1275600 bytes=525312 total=1195909702656
GGML_VK_HOST_COPY #1275700 bytes=525312 total=1195991622656
GGML_VK_HOST_COPY #1275800 bytes=2304512 total=1196071686656
GGML_VK_HOST_COPY #1275900 bytes=461312 total=1196144544256
GGML_VK_HOST_COPY #1276000 bytes=422912 total=1196214445056
GGML_VK_HOST_COPY #1276100 bytes=422912 total=1196289261056
GGML_VK_HOST_COPY #1276200 bytes=922112 total=1196370873856
GGML_VK_HOST_COPY #1276300 bytes=1050112 total=1196453203456
GGML_VK_HOST_COPY #1276400 bytes=525312 total=1196546144256
GGML_VK_HOST_COPY #1276500 bytes=3149312 total=1196640134656
GGML_VK_HOST_COPY #1276600 bytes=2765312 total=1196723206656
GGML_VK_HOST_COPY #1276700 bytes=2624512 total=1196821305856
GGML_VK_HOST_COPY #1276800 bytes=1574912 total=1196916345856
GGML_VK_HOST_COPY #1276900 bytes=922112 total=1197012077056
GGML_VK_HOST_COPY #1277000 bytes=461312 total=1197101984256
GGML_VK_HOST_COPY #1277100 bytes=525312 total=1197188461056
GGML_VK_HOST_COPY #1277200 bytes=525312 total=1197278253056
GGML_VK_HOST_COPY #1277300 bytes=461312 total=1197374803456
GGML_VK_HOST_COPY #1277400 bytes=461312 total=1197459641856
GGML_VK_HOST_COPY #1277500 bytes=717312 total=1197527430656
GGML_VK_HOST_COPY #1277600 bytes=358912 total=1197592710144
GGML_VK_HOST_COPY #1277700 bytes=461312 total=1197666540032
GGML_VK_HOST_COPY #1277800 bytes=460800 total=1197752760320
GGML_VK_HOST_COPY #1277900 bytes=1267712 total=1197844894720
GGML_VK_HOST_COPY #1278000 bytes=422912 total=1197937873408
GGML_VK_HOST_COPY #1278100 bytes=461312 total=1198040605696
GGML_VK_HOST_COPY #1278200 bytes=422912 total=1198138384384
GGML_VK_HOST_COPY #1278300 bytes=422912 total=1198214045184
GGML_VK_HOST_COPY #1278400 bytes=1267712 total=1198288438784
GGML_VK_HOST_COPY #1278500 bytes=461312 total=1198367901184
GGML_VK_HOST_COPY #1278600 bytes=1690112 total=1198458307584
GGML_VK_HOST_COPY #1278700 bytes=1690112 total=1198578319872
GGML_VK_HOST_COPY #1278800 bytes=922112 total=1198700674560
GGML_VK_HOST_COPY #1278900 bytes=3226112 total=1198823759360
GGML_VK_HOST_COPY #1279000 bytes=525312 total=1198955598848
GGML_VK_HOST_COPY #1279100 bytes=2099712 total=1199088948736
GGML_VK_HOST_COPY #1279200 bytes=461312 total=1199214721024
GGML_VK_HOST_COPY #1279300 bytes=717312 total=1199334630912
GGML_VK_HOST_COPY #1279400 bytes=358912 total=1199416397312
GGML_VK_HOST_COPY #1279500 bytes=1075712 total=1199499238912
GGML_VK_HOST_COPY #1279600 bytes=461312 total=1199598618112
GGML_VK_HOST_COPY #1279700 bytes=422912 total=1199710182912
GGML_VK_HOST_COPY #1279800 bytes=422912 total=1199836954112
GGML_VK_HOST_COPY #1279900 bytes=1843712 total=1199957734912
GGML_VK_HOST_COPY #1280000 bytes=3686912 total=1200089114112
GGML_VK_HOST_COPY #1280100 bytes=525312 total=1200246400512
GGML_VK_HOST_COPY #1280200 bytes=1574912 total=1200420160512
GGML_VK_HOST_COPY #1280300 bytes=2304512 total=1200572109312
GGML_SCHED_UPLOAD_STATS layers=48 copies=5970 bytes=5782170624 branch_ms=54.29 id_ms=49.28 wait_ms=1161.33
GGML_VK_HOST_COPY #1280400 bytes=525312 total=1200697838080
GGML_VK_HOST_COPY #1280500 bytes=1050112 total=1200792352768
GGML_VK_HOST_COPY #1280600 bytes=525312 total=1200889491968
GGML_VK_HOST_COPY #1280700 bytes=461312 total=1200973203456
GGML_VK_HOST_COPY #1280800 bytes=1690112 total=1201055949312
GGML_VK_HOST_COPY #1280900 bytes=422912 total=1201133722112
GGML_VK_HOST_COPY #1281000 bytes=922112 total=1201213069312
GGML_VK_HOST_COPY #1281100 bytes=1382912 total=1201299290112
GGML_VK_HOST_COPY #1281200 bytes=525312 total=1201386035712
GGML_VK_HOST_COPY #1281300 bytes=1050112 total=1201473728000
GGML_VK_HOST_COPY #1281400 bytes=461312 total=1201556850688
GGML_VK_HOST_COPY #1281500 bytes=525312 total=1201637707776
GGML_VK_HOST_COPY #1281600 bytes=525312 total=1201723301376
GGML_VK_HOST_COPY #1281700 bytes=525312 total=1201807320576
GGML_VK_HOST_COPY #1281800 bytes=461312 total=1201881534976
GGML_VK_HOST_COPY #1281900 bytes=422912 total=1201954507776
GGML_VK_HOST_COPY #1282000 bytes=845312 total=1202029746176
GGML_VK_HOST_COPY #1282100 bytes=422912 total=1202106674176
GGML_VK_HOST_COPY #1282200 bytes=461312 total=1202182949376
GGML_VK_HOST_COPY #1282300 bytes=525312 total=1202271781376
GGML_VK_HOST_COPY #1282400 bytes=2624512 total=1202369970176
GGML_VK_HOST_COPY #1282500 bytes=1382912 total=1202461963776
GGML_VK_HOST_COPY #1282600 bytes=1382912 total=1202548645376
GGML_VK_HOST_COPY #1282700 bytes=525312 total=1202647755776
GGML_VK_HOST_COPY #1282800 bytes=525312 total=1202745419776
GGML_VK_HOST_COPY #1282900 bytes=461312 total=1202833368576
GGML_VK_HOST_COPY #1283000 bytes=1050112 total=1202916722176
GGML_VK_HOST_COPY #1283100 bytes=2099712 total=1203004939776
GGML_VK_HOST_COPY #1283200 bytes=525312 total=1203097355776
GGML_VK_HOST_COPY #1283300 bytes=922112 total=1203183320576
GGML_VK_HOST_COPY #1283400 bytes=1075712 total=1203266674176
GGML_VK_HOST_COPY #1283500 bytes=717312 total=1203334462976
GGML_VK_HOST_COPY #1283600 bytes=358912 total=1203404401664
GGML_VK_HOST_COPY #1283700 bytes=461312 total=1203480279552
GGML_VK_HOST_COPY #1283800 bytes=845312 total=1203569034240
GGML_VK_HOST_COPY #1283900 bytes=422912 total=1203668771328
GGML_VK_HOST_COPY #1284000 bytes=422912 total=1203766396928
GGML_VK_HOST_COPY #1284100 bytes=922112 total=1203868169216
GGML_VK_HOST_COPY #1284200 bytes=422912 total=1203959535104
GGML_VK_HOST_COPY #1284300 bytes=422912 total=1204043221504
GGML_VK_HOST_COPY #1284400 bytes=422912 total=1204120994304
GGML_VK_HOST_COPY #1284500 bytes=1382912 total=1204204757504
GGML_VK_HOST_COPY #1284600 bytes=422912 total=1204296968704
GGML_VK_HOST_COPY #1284700 bytes=845312 total=1204397972992
GGML_VK_HOST_COPY #1284800 bytes=922112 total=1204504967680
GGML_VK_HOST_COPY #1284900 bytes=461312 total=1204615610880
GGML_VK_HOST_COPY #1285000 bytes=1050112 total=1204738285568
GGML_VK_HOST_COPY #1285100 bytes=525312 total=1204865337856
GGML_VK_HOST_COPY #1285200 bytes=1843712 total=1204994233344
GGML_VK_HOST_COPY #1285300 bytes=717312 total=1205103647232
GGML_VK_HOST_COPY #1285400 bytes=358912 total=1205186488832
GGML_VK_HOST_COPY #1285500 bytes=358912 total=1205265029632
GGML_VK_HOST_COPY #1285600 bytes=461312 total=1205357548032
GGML_VK_HOST_COPY #1285700 bytes=1690112 total=1205478789632
GGML_VK_HOST_COPY #1285800 bytes=2112512 total=1205588242432
GGML_VK_HOST_COPY #1285900 bytes=1690112 total=1205702341120
GGML_VK_HOST_COPY #1286000 bytes=461312 total=1205830532608
GGML_VK_HOST_COPY #1286100 bytes=4723712 total=1205966852096
GGML_VK_HOST_COPY #1286200 bytes=2624512 total=1206128016896
GGML_VK_HOST_COPY #1286300 bytes=922112 total=1206293636096
GGML_SCHED_UPLOAD_STATS layers=48 copies=6048 bytes=5780647424 branch_ms=54.53 id_ms=49.44 wait_ms=1169.20
GGML_VK_HOST_COPY #1286400 bytes=525312 total=1206439089664
GGML_VK_HOST_COPY #1286500 bytes=525312 total=1206540952064
GGML_VK_HOST_COPY #1286600 bytes=525312 total=1206631793152
GGML_VK_HOST_COPY #1286700 bytes=461312 total=1206721456640
GGML_VK_HOST_COPY #1286800 bytes=422912 total=1206807351296
GGML_VK_HOST_COPY #1286900 bytes=422912 total=1206884279296
GGML_VK_HOST_COPY #1287000 bytes=422912 total=1206966276096
GGML_VK_HOST_COPY #1287100 bytes=922112 total=1207048004096
GGML_VK_HOST_COPY #1287200 bytes=1050112 total=1207132010496
GGML_VK_HOST_COPY #1287300 bytes=525312 total=1207222326784
GGML_VK_HOST_COPY #1287400 bytes=525312 total=1207306345984
GGML_VK_HOST_COPY #1287500 bytes=1843712 total=1207387766272
GGML_VK_HOST_COPY #1287600 bytes=525312 total=1207471311360
GGML_VK_HOST_COPY #1287700 bytes=525312 total=1207551656960
GGML_VK_HOST_COPY #1287800 bytes=525312 total=1207634101760
GGML_VK_HOST_COPY #1287900 bytes=1382912 total=1207710274560
GGML_VK_HOST_COPY #1288000 bytes=422912 total=1207780367360
GGML_VK_HOST_COPY #1288100 bytes=422912 total=1207858140160
GGML_VK_HOST_COPY #1288200 bytes=1382912 total=1207932149760
GGML_VK_HOST_COPY #1288300 bytes=922112 total=1208014684160
GGML_VK_HOST_COPY #1288400 bytes=525312 total=1208105039360
GGML_VK_HOST_COPY #1288500 bytes=525312 total=1208194306560
GGML_VK_HOST_COPY #1288600 bytes=1382912 total=1208287503360
GGML_VK_HOST_COPY #1288700 bytes=1050112 total=1208378498560
GGML_VK_HOST_COPY #1288800 bytes=525312 total=1208471964160
GGML_VK_HOST_COPY #1288900 bytes=525312 total=1208569103360
GGML_VK_HOST_COPY #1289000 bytes=2304512 total=1208658575360
GGML_VK_HOST_COPY #1289100 bytes=1050112 total=1208734568960
GGML_VK_HOST_COPY #1289200 bytes=525312 total=1208834332160
GGML_VK_HOST_COPY #1289300 bytes=525312 total=1208925173760
GGML_VK_HOST_COPY #1289400 bytes=461312 total=1209011548160
GGML_VK_HOST_COPY #1289500 bytes=717312 total=1209089167360
GGML_VK_HOST_COPY #1289600 bytes=358912 total=1209153730048
GGML_VK_HOST_COPY #1289700 bytes=358912 total=1209217576448
GGML_VK_HOST_COPY #1289800 bytes=922112 total=1209295092736
GGML_VK_HOST_COPY #1289900 bytes=845312 total=1209386266624
GGML_VK_HOST_COPY #1290000 bytes=1267712 total=1209477133312
GGML_VK_HOST_COPY #1290100 bytes=845312 total=1209571802112
GGML_VK_HOST_COPY #1290200 bytes=2304512 total=1209674380800
GGML_VK_HOST_COPY #1290300 bytes=422912 total=1209762751488
GGML_VK_HOST_COPY #1290400 bytes=422912 total=1209840524288
GGML_VK_HOST_COPY #1290500 bytes=1267712 total=1209914495488
GGML_VK_HOST_COPY #1290600 bytes=2765312 total=1209992076288
GGML_VK_HOST_COPY #1290700 bytes=1267712 total=1210083481088
GGML_VK_HOST_COPY #1290800 bytes=1267712 total=1210200114176
GGML_VK_HOST_COPY #1290900 bytes=1843712 total=1210319473664
GGML_VK_HOST_COPY #1291000 bytes=2304512 total=1210447166464
GGML_VK_HOST_COPY #1291100 bytes=1574912 total=1210576714752
GGML_VK_HOST_COPY #1291200 bytes=3674112 total=1210710589440
GGML_VK_HOST_COPY #1291300 bytes=461312 total=1210831446528
GGML_VK_HOST_COPY #1291400 bytes=358912 total=1210936610816
GGML_VK_HOST_COPY #1291500 bytes=358912 total=1211019452416
GGML_VK_HOST_COPY #1291600 bytes=1075712 total=1211101577216
GGML_VK_HOST_COPY #1291700 bytes=461312 total=1211193788416
GGML_VK_HOST_COPY #1291800 bytes=845312 total=1211317718016
GGML_VK_HOST_COPY #1291900 bytes=422912 total=1211443221504
GGML_VK_HOST_COPY #1292000 bytes=1843712 total=1211571643392
GGML_VK_HOST_COPY #1292100 bytes=461312 total=1211697492992
GGML_VK_HOST_COPY #1292200 bytes=5773312 total=1211860577280
GGML_VK_HOST_COPY #1292300 bytes=1574912 total=1212017018880
GGML_VK_HOST_COPY #1292400 bytes=2304512 total=1212165690880
GGML_SCHED_UPLOAD_STATS layers=48 copies=6051 bytes=5789199360 branch_ms=54.74 id_ms=49.54 wait_ms=1173.50
10.51.772.986 I slot print_timing: id  0 | task 8 | prompt processing, n_tokens = 102400, progress = 0.80, t = 567.89 s / 180.32 tokens per second
GGML_VK_HOST_COPY #1292500 bytes=1050112 total=1212286555648
GGML_VK_HOST_COPY #1292600 bytes=525312 total=1212380020736
GGML_VK_HOST_COPY #1292700 bytes=525312 total=1212478734336
GGML_VK_HOST_COPY #1292800 bytes=2765312 total=1212561255424
GGML_VK_HOST_COPY #1292900 bytes=1267712 total=1212642964480
GGML_VK_HOST_COPY #1293000 bytes=845312 total=1212722849280
GGML_VK_HOST_COPY #1293100 bytes=922112 total=1212802042880
GGML_VK_HOST_COPY #1293200 bytes=1382912 total=1212886420480
GGML_VK_HOST_COPY #1293300 bytes=1574912 total=1212975278080
GGML_VK_HOST_COPY #1293400 bytes=525312 total=1213058247168
GGML_VK_HOST_COPY #1293500 bytes=2304512 total=1213145824256
GGML_VK_HOST_COPY #1293600 bytes=525312 total=1213225900544
GGML_VK_HOST_COPY #1293700 bytes=525312 total=1213312543744
GGML_VK_HOST_COPY #1293800 bytes=2624512 total=1213398137344
GGML_VK_HOST_COPY #1293900 bytes=922112 total=1213471097344
GGML_VK_HOST_COPY #1294000 bytes=845312 total=1213545145344
GGML_VK_HOST_COPY #1294100 bytes=1267712 total=1213621228544
GGML_VK_HOST_COPY #1294200 bytes=845312 total=1213699423744
GGML_VK_HOST_COPY #1294300 bytes=461312 total=1213775583744
GGML_VK_HOST_COPY #1294400 bytes=525312 total=1213864620544
GGML_VK_HOST_COPY #1294500 bytes=525312 total=1213958610944
GGML_VK_HOST_COPY #1294600 bytes=461312 total=1214051628544
GGML_VK_HOST_COPY #1294700 bytes=461312 total=1214134623744
GGML_VK_HOST_COPY #1294800 bytes=525312 total=1214234694144
GGML_VK_HOST_COPY #1294900 bytes=1050112 total=1214330783744
GGML_VK_HOST_COPY #1295000 bytes=461312 total=1214418425344
GGML_VK_HOST_COPY #1295100 bytes=461312 total=1214501420544
GGML_VK_HOST_COPY #1295200 bytes=525312 total=1214591353344
GGML_VK_HOST_COPY #1295300 bytes=525312 total=1214686918144
GGML_VK_HOST_COPY #1295400 bytes=461312 total=1214777260544
GGML_VK_HOST_COPY #1295500 bytes=358912 total=1214862918144
GGML_VK_HOST_COPY #1295600 bytes=358912 total=1214929631744
GGML_VK_HOST_COPY #1295700 bytes=2867712 total=1214996703232
GGML_VK_HOST_COPY #1295800 bytes=461312 total=1215072837120
GGML_VK_HOST_COPY #1295900 bytes=845312 total=1215162167808
GGML_VK_HOST_COPY #1296000 bytes=845312 total=1215255569408
GGML_VK_HOST_COPY #1296100 bytes=1267712 total=1215354039296
GGML_VK_HOST_COPY #1296200 bytes=2304512 total=1215456809984
GGML_VK_HOST_COPY #1296300 bytes=1690112 total=1215552553472
GGML_VK_HOST_COPY #1296400 bytes=1690112 total=1215628214272
GGML_VK_HOST_COPY #1296500 bytes=422912 total=1215703030272
GGML_VK_HOST_COPY #1296600 bytes=461312 total=1215780188672
GGML_VK_HOST_COPY #1296700 bytes=422912 total=1215867523072
GGML_VK_HOST_COPY #1296800 bytes=1267712 total=1215981199360
GGML_VK_HOST_COPY #1296900 bytes=2112512 total=1216091074560
GGML_VK_HOST_COPY #1297000 bytes=461312 total=1216203483648
GGML_VK_HOST_COPY #1297100 bytes=525312 total=1216332276736
GGML_VK_HOST_COPY #1297200 bytes=2099712 total=1216464577024
GGML_VK_HOST_COPY #1297300 bytes=461312 total=1216596109312
GGML_VK_HOST_COPY #1297400 bytes=1792512 total=1216713817600
GGML_VK_HOST_COPY #1297500 bytes=358912 total=1216794150400
GGML_VK_HOST_COPY #1297600 bytes=717312 total=1216875558400
GGML_VK_HOST_COPY #1297700 bytes=922112 total=1216974272000
GGML_VK_HOST_COPY #1297800 bytes=422912 total=1217093286400
GGML_VK_HOST_COPY #1297900 bytes=1690112 total=1217200627200
GGML_VK_HOST_COPY #1298000 bytes=1690112 total=1217316838400
GGML_VK_HOST_COPY #1298100 bytes=922112 total=1217438425600
GGML_VK_HOST_COPY #1298200 bytes=525312 total=1217562905600
GGML_VK_HOST_COPY #1298300 bytes=525312 total=1217716198400
GGML_VK_HOST_COPY #1298400 bytes=461312 total=1217870553600
GGML_SCHED_UPLOAD_STATS layers=48 copies=6060 bytes=5776431104 branch_ms=54.17 id_ms=49.08 wait_ms=1175.37
GGML_VK_HOST_COPY #1298500 bytes=1050112 total=1218015187968
GGML_VK_HOST_COPY #1298600 bytes=525312 total=1218112851968
GGML_VK_HOST_COPY #1298700 bytes=525312 total=1218203693056
GGML_VK_HOST_COPY #1298800 bytes=1382912 total=1218294687744
GGML_VK_HOST_COPY #1298900 bytes=461312 total=1218380447744
GGML_VK_HOST_COPY #1299000 bytes=422912 total=1218460313600
GGML_VK_HOST_COPY #1299100 bytes=1690112 total=1218540198400
GGML_VK_HOST_COPY #1299200 bytes=461312 total=1218618931200
GGML_VK_HOST_COPY #1299300 bytes=525312 total=1218706534400
GGML_VK_HOST_COPY #1299400 bytes=525312 total=1218797376000
GGML_VK_HOST_COPY #1299500 bytes=525312 total=1218882444288
GGML_VK_HOST_COPY #1299600 bytes=922112 total=1218963506176
GGML_VK_HOST_COPY #1299700 bytes=1050112 total=1219048062464
GGML_VK_HOST_COPY #1299800 bytes=525312 total=1219126308864
GGML_VK_HOST_COPY #1299900 bytes=525312 total=1219211902464
GGML_VK_HOST_COPY #1300000 bytes=461312 total=1219288984064
GGML_VK_HOST_COPY #1300100 bytes=845312 total=1219359652864
GGML_VK_HOST_COPY #1300200 bytes=422912 total=1219437848064
GGML_VK_HOST_COPY #1300300 bytes=461312 total=1219511320064
GGML_VK_HOST_COPY #1300400 bytes=461312 total=1219593854464
GGML_VK_HOST_COPY #1300500 bytes=525312 total=1219685592064
GGML_VK_HOST_COPY #1300600 bytes=3149312 total=1219774859264
GGML_VK_HOST_COPY #1300700 bytes=461312 total=1219867262464
GGML_VK_HOST_COPY #1300800 bytes=525312 total=1219956363264
GGML_VK_HOST_COPY #1300900 bytes=525312 total=1220053502464
GGML_VK_HOST_COPY #1301000 bytes=1574912 total=1220152216064
GGML_VK_HOST_COPY #1301100 bytes=461312 total=1220242481664
GGML_VK_HOST_COPY #1301200 bytes=525312 total=1220319780864
GGML_VK_HOST_COPY #1301300 bytes=525312 total=1220421118464
GGML_VK_HOST_COPY #1301400 bytes=1574912 total=1220516158464
GGML_VK_HOST_COPY #1301500 bytes=461312 total=1220601188864
GGML_VK_HOST_COPY #1301600 bytes=358912 total=1220677886464
GGML_VK_HOST_COPY #1301700 bytes=358912 total=1220745316352
GGML_VK_HOST_COPY #1301800 bytes=717312 total=1220810954752
GGML_VK_HOST_COPY #1301900 bytes=922112 total=1220895383040
GGML_VK_HOST_COPY #1302000 bytes=1267712 total=1220983715328
GGML_VK_HOST_COPY #1302100 bytes=845312 total=1221079650816
GGML_VK_HOST_COPY #1302200 bytes=1382912 total=1221173474304
GGML_VK_HOST_COPY #1302300 bytes=461312 total=1221275362304
GGML_VK_HOST_COPY #1302400 bytes=422912 total=1221350792192
GGML_VK_HOST_COPY #1302500 bytes=422912 total=1221430676992
GGML_VK_HOST_COPY #1302600 bytes=461312 total=1221504993792
GGML_VK_HOST_COPY #1302700 bytes=2304512 total=1221587528192
GGML_VK_HOST_COPY #1302800 bytes=1267712 total=1221680392192
GGML_VK_HOST_COPY #1302900 bytes=1267712 total=1221787732480
GGML_VK_HOST_COPY #1303000 bytes=461312 total=1221904096768
GGML_VK_HOST_COPY #1303100 bytes=1574912 total=1222031622656
GGML_VK_HOST_COPY #1303200 bytes=1050112 total=1222167072256
GGML_VK_HOST_COPY #1303300 bytes=2099712 total=1222301996544
GGML_VK_HOST_COPY #1303400 bytes=461312 total=1222423954432
GGML_VK_HOST_COPY #1303500 bytes=717312 total=1222524459520
GGML_VK_HOST_COPY #1303600 bytes=717312 total=1222608017920
GGML_VK_HOST_COPY #1303700 bytes=358912 total=1222693368320
GGML_VK_HOST_COPY #1303800 bytes=922112 total=1222792798720
GGML_VK_HOST_COPY #1303900 bytes=422912 total=1222896299520
GGML_VK_HOST_COPY #1304000 bytes=1690112 total=1223009131520
GGML_VK_HOST_COPY #1304100 bytes=1843712 total=1223117201920
GGML_VK_HOST_COPY #1304200 bytes=1843712 total=1223231531520
GGML_VK_HOST_COPY #1304300 bytes=1574912 total=1223366033920
GGML_VK_HOST_COPY #1304400 bytes=525312 total=1223526149120
GGML_VK_HOST_COPY #1304500 bytes=1382912 total=1223684446720
GGML_SCHED_UPLOAD_STATS layers=48 copies=6063 bytes=5765603840 branch_ms=54.30 id_ms=49.20 wait_ms=1166.04
GGML_VK_HOST_COPY #1304600 bytes=525312 total=1223823833088
GGML_VK_HOST_COPY #1304700 bytes=525312 total=1223918872576
GGML_VK_HOST_COPY #1304800 bytes=1574912 total=1224015486976
GGML_VK_HOST_COPY #1304900 bytes=461312 total=1224100286464
GGML_VK_HOST_COPY #1305000 bytes=422912 total=1224185681920
GGML_VK_HOST_COPY #1305100 bytes=422912 total=1224265144320
GGML_VK_HOST_COPY #1305200 bytes=845312 total=1224341649920
GGML_VK_HOST_COPY #1305300 bytes=461312 total=1224429598720
GGML_VK_HOST_COPY #1305400 bytes=525312 total=1224509931520
GGML_VK_HOST_COPY #1305500 bytes=525312 total=1224598673408
GGML_VK_HOST_COPY #1305600 bytes=461312 total=1224690052096
GGML_VK_HOST_COPY #1305700 bytes=922112 total=1224763831296
GGML_VK_HOST_COPY #1305800 bytes=525312 total=1224853430784
GGML_VK_HOST_COPY #1305900 bytes=1050112 total=1224930102784
GGML_VK_HOST_COPY #1306000 bytes=461312 total=1225012893184
GGML_VK_HOST_COPY #1306100 bytes=461312 total=1225088515584
GGML_VK_HOST_COPY #1306200 bytes=2112512 total=1225161411584
GGML_VK_HOST_COPY #1306300 bytes=422912 total=1225235382784
GGML_VK_HOST_COPY #1306400 bytes=461312 total=1225317763584
GGML_VK_HOST_COPY #1306500 bytes=525312 total=1225396381184
GGML_VK_HOST_COPY #1306600 bytes=525312 total=1225487747584
GGML_VK_HOST_COPY #1306700 bytes=1050112 total=1225582787584
GGML_VK_HOST_COPY #1306800 bytes=461312 total=1225664233984
GGML_VK_HOST_COPY #1306900 bytes=1050112 total=1225763894784
GGML_VK_HOST_COPY #1307000 bytes=1050112 total=1225858409984
GGML_VK_HOST_COPY #1307100 bytes=525312 total=1225956073984
GGML_VK_HOST_COPY #1307200 bytes=461312 total=1226043395584
GGML_VK_HOST_COPY #1307300 bytes=3674112 total=1226134531584
GGML_VK_HOST_COPY #1307400 bytes=525312 total=1226224848384
GGML_VK_HOST_COPY #1307500 bytes=461312 total=1226327401984
GGML_VK_HOST_COPY #1307600 bytes=1382912 total=1226409936384
GGML_VK_HOST_COPY #1307700 bytes=358912 total=1226482179584
GGML_VK_HOST_COPY #1307800 bytes=358912 total=1226544591872
GGML_VK_HOST_COPY #1307900 bytes=922112 total=1226616322560
GGML_VK_HOST_COPY #1308000 bytes=2765312 total=1226700239360
GGML_VK_HOST_COPY #1308100 bytes=422912 total=1226794677248
GGML_VK_HOST_COPY #1308200 bytes=422912 total=1226887655936
GGML_VK_HOST_COPY #1308300 bytes=922112 total=1226990234624
GGML_VK_HOST_COPY #1308400 bytes=1690112 total=1227090778112
GGML_VK_HOST_COPY #1308500 bytes=845312 total=1227171507712
GGML_VK_HOST_COPY #1308600 bytes=422912 total=1227243366912
GGML_VK_HOST_COPY #1308700 bytes=461312 total=1227332045312
GGML_VK_HOST_COPY #1308800 bytes=1690112 total=1227417805312
GGML_VK_HOST_COPY #1308900 bytes=845312 total=1227524723712
GGML_VK_HOST_COPY #1309000 bytes=2534912 total=1227631641600
GGML_VK_HOST_COPY #1309100 bytes=461312 total=1227735679488
GGML_VK_HOST_COPY #1309200 bytes=525312 total=1227862731776
GGML_VK_HOST_COPY #1309300 bytes=1050112 total=1228003953664
GGML_VK_HOST_COPY #1309400 bytes=922112 total=1228151447552
GGML_VK_HOST_COPY #1309500 bytes=3686912 total=1228281905152
GGML_VK_HOST_COPY #1309600 bytes=2150912 total=1228361315840
GGML_VK_HOST_COPY #1309700 bytes=717312 total=1228446666240
GGML_VK_HOST_COPY #1309800 bytes=922112 total=1228538672640
GGML_VK_HOST_COPY #1309900 bytes=461312 total=1228644247040
GGML_VK_HOST_COPY #1310000 bytes=2112512 total=1228757808640
GGML_VK_HOST_COPY #1310100 bytes=422912 total=1228868528640
GGML_VK_HOST_COPY #1310200 bytes=461312 total=1228982704640
GGML_VK_HOST_COPY #1310300 bytes=1050112 total=1229105840640
GGML_VK_HOST_COPY #1310400 bytes=1050112 total=1229264906240
GGML_VK_HOST_COPY #1310500 bytes=1050112 total=1229426071040
GGML_VK_HOST_COPY #1310600 bytes=1382912 total=1229565283840
GGML_SCHED_UPLOAD_STATS layers=48 copies=6066 bytes=5812734976 branch_ms=54.72 id_ms=49.46 wait_ms=1184.13
GGML_VK_HOST_COPY #1310700 bytes=525312 total=1229676983808
GGML_VK_HOST_COPY #1310800 bytes=1050112 total=1229771498496
GGML_VK_HOST_COPY #1310900 bytes=525312 total=1229867588096
GGML_VK_HOST_COPY #1311000 bytes=1382912 total=1229952093184
GGML_VK_HOST_COPY #1311100 bytes=845312 total=1230034263040
GGML_VK_HOST_COPY #1311200 bytes=422912 total=1230111613440
GGML_VK_HOST_COPY #1311300 bytes=2304512 total=1230194263040
GGML_VK_HOST_COPY #1311400 bytes=461312 total=1230277258240
GGML_VK_HOST_COPY #1311500 bytes=1050112 total=1230365181440
GGML_VK_HOST_COPY #1311600 bytes=525312 total=1230452873728
GGML_VK_HOST_COPY #1311700 bytes=461312 total=1230535996416
GGML_VK_HOST_COPY #1311800 bytes=525312 total=1230616725504
GGML_VK_HOST_COPY #1311900 bytes=525312 total=1230702319104
GGML_VK_HOST_COPY #1312000 bytes=1050112 total=1230786338304
GGML_VK_HOST_COPY #1312100 bytes=461312 total=1230859170304
GGML_VK_HOST_COPY #1312200 bytes=845312 total=1230932642304
GGML_VK_HOST_COPY #1312300 bytes=422912 total=1231006191104
GGML_VK_HOST_COPY #1312400 bytes=2957312 total=1231082274304
GGML_VK_HOST_COPY #1312500 bytes=461312 total=1231156744704
GGML_VK_HOST_COPY #1312600 bytes=525312 total=1231245602304
GGML_VK_HOST_COPY #1312700 bytes=525312 total=1231338543104
GGML_VK_HOST_COPY #1312800 bytes=1574912 total=1231433583104
GGML_VK_HOST_COPY #1312900 bytes=461312 total=1231512098304
GGML_VK_HOST_COPY #1313000 bytes=1050112 total=1231610427904
GGML_VK_HOST_COPY #1313100 bytes=2099712 total=1231704943104
GGML_VK_HOST_COPY #1313200 bytes=461312 total=1231794517504
GGML_VK_HOST_COPY #1313300 bytes=461312 total=1231882581504
GGML_VK_HOST_COPY #1313400 bytes=1050112 total=1231967087104
GGML_VK_HOST_COPY #1313500 bytes=525312 total=1232056879104
GGML_VK_HOST_COPY #1313600 bytes=461312 total=1232154479104
GGML_VK_HOST_COPY #1313700 bytes=358912 total=1232243259904
GGML_VK_HOST_COPY #1313800 bytes=358912 total=1232307106304
GGML_VK_HOST_COPY #1313900 bytes=717312 total=1232370235392
GGML_VK_HOST_COPY #1314000 bytes=922112 total=1232444423680
GGML_VK_HOST_COPY #1314100 bytes=1267712 total=1232530528768
GGML_VK_HOST_COPY #1314200 bytes=845312 total=1232622663168
GGML_VK_HOST_COPY #1314300 bytes=845312 total=1232714797056
GGML_VK_HOST_COPY #1314400 bytes=461312 total=1232810271744
GGML_VK_HOST_COPY #1314500 bytes=845312 total=1232909356032
GGML_VK_HOST_COPY #1314600 bytes=422912 total=1232984172032
GGML_VK_HOST_COPY #1314700 bytes=1267712 total=1233057298432
GGML_VK_HOST_COPY #1314800 bytes=461312 total=1233136261632
GGML_VK_HOST_COPY #1314900 bytes=845312 total=1233221637632
GGML_VK_HOST_COPY #1315000 bytes=845312 total=1233328556032
GGML_VK_HOST_COPY #1315100 bytes=422912 total=1233429560320
GGML_VK_HOST_COPY #1315200 bytes=461312 total=1233537591808
GGML_VK_HOST_COPY #1315300 bytes=525312 total=1233651536896
GGML_VK_HOST_COPY #1315400 bytes=525312 total=1233778064384
GGML_VK_HOST_COPY #1315500 bytes=525312 total=1233909315584
GGML_VK_HOST_COPY #1315600 bytes=922112 total=1234017411072
GGML_VK_HOST_COPY #1315700 bytes=1075712 total=1234114383360
GGML_VK_HOST_COPY #1315800 bytes=1075712 total=1234203676160
GGML_VK_HOST_COPY #1315900 bytes=717312 total=1234289026560
GGML_VK_HOST_COPY #1316000 bytes=461312 total=1234393576960
GGML_VK_HOST_COPY #1316100 bytes=422912 total=1234511861760
GGML_VK_HOST_COPY #1316200 bytes=845312 total=1234628072448
GGML_VK_HOST_COPY #1316300 bytes=1382912 total=1234751310336
GGML_VK_HOST_COPY #1316400 bytes=1574912 total=1234874689024
GGML_VK_HOST_COPY #1316500 bytes=2099712 total=1235049498624
GGML_VK_HOST_COPY #1316600 bytes=3674112 total=1235225882624
GGML_VK_HOST_COPY #1316700 bytes=461312 total=1235378689024
GGML_SCHED_UPLOAD_STATS layers=48 copies=6084 bytes=5783558656 branch_ms=54.56 id_ms=49.46 wait_ms=1180.66
11.06.093.849 I slot print_timing: id  0 | task 8 | prompt processing, n_tokens = 104448, progress = 0.82, t = 582.21 s / 179.40 tokens per second
GGML_VK_HOST_COPY #1316800 bytes=1574912 total=1235484680192
GGML_VK_HOST_COPY #1316900 bytes=525312 total=1235580244480
GGML_VK_HOST_COPY #1317000 bytes=461312 total=1235671443968
GGML_VK_HOST_COPY #1317100 bytes=922112 total=1235760429568
GGML_VK_HOST_COPY #1317200 bytes=422912 total=1235840564224
GGML_VK_HOST_COPY #1317300 bytes=422912 total=1235917492224
GGML_VK_HOST_COPY #1317400 bytes=461312 total=1235998452224
GGML_VK_HOST_COPY #1317500 bytes=525312 total=1236085185024
GGML_VK_HOST_COPY #1317600 bytes=1050112 total=1236169729024
GGML_VK_HOST_COPY #1317700 bytes=525312 total=1236259520512
GGML_VK_HOST_COPY #1317800 bytes=922112 total=1236341568000
GGML_VK_HOST_COPY #1317900 bytes=525312 total=1236421797888
GGML_VK_HOST_COPY #1318000 bytes=525312 total=1236505817088
GGML_VK_HOST_COPY #1318100 bytes=1050112 total=1236592985088
GGML_VK_HOST_COPY #1318200 bytes=922112 total=1236667634688
GGML_VK_HOST_COPY #1318300 bytes=1690112 total=1236741298688
GGML_VK_HOST_COPY #1318400 bytes=422912 total=1236814847488
GGML_VK_HOST_COPY #1318500 bytes=1690112 total=1236889663488
GGML_VK_HOST_COPY #1318600 bytes=461312 total=1236972735488
GGML_VK_HOST_COPY #1318700 bytes=1574912 total=1237055346688
GGML_VK_HOST_COPY #1318800 bytes=525312 total=1237152485888
GGML_VK_HOST_COPY #1318900 bytes=461312 total=1237242917888
GGML_VK_HOST_COPY #1319000 bytes=461312 total=1237323148288
GGML_VK_HOST_COPY #1319100 bytes=1574912 total=1237423257088
GGML_VK_HOST_COPY #1319200 bytes=1050112 total=1237523020288
GGML_VK_HOST_COPY #1319300 bytes=461312 total=1237611557888
GGML_VK_HOST_COPY #1319400 bytes=525312 total=1237696421888
GGML_VK_HOST_COPY #1319500 bytes=525312 total=1237788313088
GGML_VK_HOST_COPY #1319600 bytes=2099712 total=1237883353088
GGML_VK_HOST_COPY #1319700 bytes=461312 total=1237967833088
GGML_VK_HOST_COPY #1319800 bytes=717312 total=1238054924288
GGML_VK_HOST_COPY #1319900 bytes=358912 total=1238125938176
GGML_VK_HOST_COPY #1320000 bytes=717312 total=1238195518976
GGML_VK_HOST_COPY #1320100 bytes=922112 total=1238280305664
GGML_VK_HOST_COPY #1320200 bytes=422912 total=1238371249152
GGML_VK_HOST_COPY #1320300 bytes=845312 total=1238463383040
GGML_VK_HOST_COPY #1320400 bytes=422912 total=1238553405440
GGML_VK_HOST_COPY #1320500 bytes=461312 total=1238653833728
GGML_VK_HOST_COPY #1320600 bytes=845312 total=1238740438016
GGML_VK_HOST_COPY #1320700 bytes=845312 total=1238820745216
GGML_VK_HOST_COPY #1320800 bytes=1267712 total=1238898940416
GGML_VK_HOST_COPY #1320900 bytes=922112 total=1238983970816
GGML_VK_HOST_COPY #1321000 bytes=2112512 total=1239085897216
GGML_VK_HOST_COPY #1321100 bytes=422912 total=1239194927104
GGML_VK_HOST_COPY #1321200 bytes=1843712 total=1239308219392
GGML_VK_HOST_COPY #1321300 bytes=1050112 total=1239430702080
GGML_VK_HOST_COPY #1321400 bytes=1574912 total=1239557230080
GGML_VK_HOST_COPY #1321500 bytes=525312 total=1239686906368
GGML_VK_HOST_COPY #1321600 bytes=1843712 total=1239814048256
GGML_VK_HOST_COPY #1321700 bytes=358912 total=1239921362944
GGML_VK_HOST_COPY #1321800 bytes=358912 total=1240004562944
GGML_VK_HOST_COPY #1321900 bytes=1075712 total=1240083103744
GGML_VK_HOST_COPY #1322000 bytes=461312 total=1240179615744
GGML_VK_HOST_COPY #1322100 bytes=2534912 total=1240296671744
GGML_VK_HOST_COPY #1322200 bytes=1690112 total=1240396831744
GGML_VK_HOST_COPY #1322300 bytes=422912 total=1240506706432
GGML_VK_HOST_COPY #1322400 bytes=1843712 total=1240620344320
GGML_VK_HOST_COPY #1322500 bytes=1574912 total=1240738039808
GGML_VK_HOST_COPY #1322600 bytes=525312 total=1240904977408
GGML_VK_HOST_COPY #1322700 bytes=922112 total=1241064299008
GGML_SCHED_UPLOAD_STATS layers=48 copies=6084 bytes=5798201856 branch_ms=54.16 id_ms=49.12 wait_ms=1186.25
GGML_VK_HOST_COPY #1322800 bytes=5242880 total=1241211979776
GGML_VK_HOST_COPY #1322900 bytes=1050112 total=1241309118976
GGML_VK_HOST_COPY #1323000 bytes=525312 total=1241401534464
GGML_VK_HOST_COPY #1323100 bytes=922112 total=1241493041152
GGML_VK_HOST_COPY #1323200 bytes=461312 total=1241579722752
GGML_VK_HOST_COPY #1323300 bytes=422912 total=1241659396608
GGML_VK_HOST_COPY #1323400 bytes=422912 total=1241737591808
GGML_VK_HOST_COPY #1323500 bytes=922112 total=1241817745408
GGML_VK_HOST_COPY #1323600 bytes=1050112 total=1241904900608
GGML_VK_HOST_COPY #1323700 bytes=2099712 total=1241992068608
GGML_VK_HOST_COPY #1323800 bytes=525312 total=1242079236096
GGML_VK_HOST_COPY #1323900 bytes=922112 total=1242160272384
GGML_VK_HOST_COPY #1324000 bytes=1574912 total=1242241577472
GGML_VK_HOST_COPY #1324100 bytes=525312 total=1242322447872
GGML_VK_HOST_COPY #1324200 bytes=1050112 total=1242407516672
GGML_VK_HOST_COPY #1324300 bytes=922112 total=1242479964672
GGML_VK_HOST_COPY #1324400 bytes=422912 total=1242553667072
GGML_VK_HOST_COPY #1324500 bytes=422912 total=1242626371072
GGML_VK_HOST_COPY #1324600 bytes=422912 total=1242701187072
GGML_VK_HOST_COPY #1324700 bytes=922112 total=1242784067072
GGML_VK_HOST_COPY #1324800 bytes=525312 total=1242871900672
GGML_VK_HOST_COPY #1324900 bytes=525312 total=1242966940672
GGML_VK_HOST_COPY #1325000 bytes=461312 total=1243062083072
GGML_VK_HOST_COPY #1325100 bytes=1574912 total=1243150543872
GGML_VK_HOST_COPY #1325200 bytes=1050112 total=1243252406272
GGML_VK_HOST_COPY #1325300 bytes=525312 total=1243351119872
GGML_VK_HOST_COPY #1325400 bytes=922112 total=1243442550272
GGML_VK_HOST_COPY #1325500 bytes=525312 total=1243520463872
GGML_VK_HOST_COPY #1325600 bytes=1574912 total=1243623375872
GGML_VK_HOST_COPY #1325700 bytes=525312 total=1243716316672
GGML_VK_HOST_COPY #1325800 bytes=461312 total=1243805737472
GGML_VK_HOST_COPY #1325900 bytes=358912 total=1243882998272
GGML_VK_HOST_COPY #1326000 bytes=358912 total=1243953653760
GGML_VK_HOST_COPY #1326100 bytes=1075712 total=1244025384960
GGML_VK_HOST_COPY #1326200 bytes=461312 total=1244111042048
GGML_VK_HOST_COPY #1326300 bytes=422912 total=1244204212736
GGML_VK_HOST_COPY #1326400 bytes=422912 total=1244301837824
GGML_VK_HOST_COPY #1326500 bytes=461312 total=1244396966912
GGML_VK_HOST_COPY #1326600 bytes=1382912 total=1244503002112
GGML_VK_HOST_COPY #1326700 bytes=1267712 total=1244584806400
GGML_VK_HOST_COPY #1326800 bytes=422912 total=1244658777600
GGML_VK_HOST_COPY #1326900 bytes=461312 total=1244745152000
GGML_VK_HOST_COPY #1327000 bytes=845312 total=1244832601600
GGML_VK_HOST_COPY #1327100 bytes=1267712 total=1244931916800
GGML_VK_HOST_COPY #1327200 bytes=845312 total=1245030809088
GGML_VK_HOST_COPY #1327300 bytes=461312 total=1245132888576
GGML_VK_HOST_COPY #1327400 bytes=3149312 total=1245248689664
GGML_VK_HOST_COPY #1327500 bytes=1050112 total=1245377316352
GGML_VK_HOST_COPY #1327600 bytes=2624512 total=1245498071552
GGML_VK_HOST_COPY #1327700 bytes=461312 total=1245609123840
GGML_VK_HOST_COPY #1327800 bytes=1075712 total=1245711113728
GGML_VK_HOST_COPY #1327900 bytes=717312 total=1245798256128
GGML_VK_HOST_COPY #1328000 bytes=358912 total=1245887548928
GGML_VK_HOST_COPY #1328100 bytes=1382912 total=1245992048128
GGML_VK_HOST_COPY #1328200 bytes=422912 total=1246109027328
GGML_VK_HOST_COPY #1328300 bytes=2534912 total=1246216790016
GGML_VK_HOST_COPY #1328400 bytes=1267712 total=1246319062016
GGML_VK_HOST_COPY #1328500 bytes=1843712 total=1246435618304
GGML_VK_HOST_COPY #1328600 bytes=525312 total=1246575521792
GGML_VK_HOST_COPY #1328700 bytes=1050112 total=1246727764992
GGML_VK_HOST_COPY #1328800 bytes=461312 total=1246883028992
GGML_SCHED_UPLOAD_STATS layers=48 copies=6060 bytes=5763527168 branch_ms=54.78 id_ms=49.61 wait_ms=1183.61
GGML_VK_HOST_COPY #1328900 bytes=1050112 total=1247022223360
GGML_VK_HOST_COPY #1329000 bytes=525312 total=1247116213248
GGML_VK_HOST_COPY #1329100 bytes=525312 total=1247213352448
GGML_VK_HOST_COPY #1329200 bytes=1382912 total=1247299329536
GGML_VK_HOST_COPY #1329300 bytes=422912 total=1247384801792
GGML_VK_HOST_COPY #1329400 bytes=2112512 total=1247464264192
GGML_VK_HOST_COPY #1329500 bytes=1267712 total=1247539502592
GGML_VK_HOST_COPY #1329600 bytes=461312 total=1247628104192
GGML_VK_HOST_COPY #1329700 bytes=525312 total=1247709102592
GGML_VK_HOST_COPY #1329800 bytes=525312 total=1247797844480
GGML_VK_HOST_COPY #1329900 bytes=1382912 total=1247889939968
GGML_VK_HOST_COPY #1330000 bytes=461312 total=1247963719168
GGML_VK_HOST_COPY #1330100 bytes=525312 total=1248053126656
GGML_VK_HOST_COPY #1330200 bytes=525312 total=1248130323456
GGML_VK_HOST_COPY #1330300 bytes=922112 total=1248214752256
GGML_VK_HOST_COPY #1330400 bytes=461312 total=1248290374656
GGML_VK_HOST_COPY #1330500 bytes=2534912 total=1248360813056
GGML_VK_HOST_COPY #1330600 bytes=422912 total=1248438163456
GGML_VK_HOST_COPY #1330700 bytes=461312 total=1248522464256
GGML_VK_HOST_COPY #1330800 bytes=525312 total=1248605203456
GGML_VK_HOST_COPY #1330900 bytes=1050112 total=1248700768256
GGML_VK_HOST_COPY #1331000 bytes=525312 total=1248791609856
GGML_VK_HOST_COPY #1331100 bytes=1382912 total=1248873081856
GGML_VK_HOST_COPY #1331200 bytes=525312 total=1248974816256
GGML_VK_HOST_COPY #1331300 bytes=525312 total=1249068281856
GGML_VK_HOST_COPY #1331400 bytes=461312 total=1249163923456
GGML_VK_HOST_COPY #1331500 bytes=461312 total=1249254291456
GGML_VK_HOST_COPY #1331600 bytes=1050112 total=1249339808256
GGML_VK_HOST_COPY #1331700 bytes=525312 total=1249434848256
GGML_VK_HOST_COPY #1331800 bytes=922112 total=1249534739456
GGML_VK_HOST_COPY #1331900 bytes=461312 total=1249621421056
GGML_VK_HOST_COPY #1332000 bytes=717312 total=1249690745856
GGML_VK_HOST_COPY #1332100 bytes=1075712 total=1249758534144
GGML_VK_HOST_COPY #1332200 bytes=461312 total=1249838149632
GGML_VK_HOST_COPY #1332300 bytes=422912 total=1249923294720
GGML_VK_HOST_COPY #1332400 bytes=1267712 total=1250017541120
GGML_VK_HOST_COPY #1332500 bytes=2112512 total=1250109675008
GGML_VK_HOST_COPY #1332600 bytes=1382912 total=1250205917696
GGML_VK_HOST_COPY #1332700 bytes=1267712 total=1250303158784
GGML_VK_HOST_COPY #1332800 bytes=422912 total=1250381353984
GGML_VK_HOST_COPY #1332900 bytes=1267712 total=1250458704384
GGML_VK_HOST_COPY #1333000 bytes=461312 total=1250539741184
GGML_VK_HOST_COPY #1333100 bytes=422912 total=1250629187584
GGML_VK_HOST_COPY #1333200 bytes=845312 total=1250739062272
GGML_VK_HOST_COPY #1333300 bytes=1690112 total=1250845135872
GGML_VK_HOST_COPY #1333400 bytes=922112 total=1250961346560
GGML_VK_HOST_COPY #1333500 bytes=1050112 total=1251075214848
GGML_VK_HOST_COPY #1333600 bytes=1574912 total=1251209614336
GGML_VK_HOST_COPY #1333700 bytes=1843712 total=1251338151424
GGML_VK_HOST_COPY #1333800 bytes=922112 total=1251449716224
GGML_VK_HOST_COPY #1333900 bytes=1434112 total=1251531584512
GGML_VK_HOST_COPY #1334000 bytes=358912 total=1251612275712
GGML_VK_HOST_COPY #1334100 bytes=461312 total=1251694912512
GGML_VK_HOST_COPY #1334200 bytes=922112 total=1251793114112
GGML_VK_HOST_COPY #1334300 bytes=422912 total=1251905254912
GGML_VK_HOST_COPY #1334400 bytes=422912 total=1252009216000
GGML_VK_HOST_COPY #1334500 bytes=461312 total=1252122277888
GGML_VK_HOST_COPY #1334600 bytes=461312 total=1252237529088
GGML_VK_HOST_COPY #1334700 bytes=1050112 total=1252376651776
GGML_VK_HOST_COPY #1334800 bytes=1574912 total=1252513675776
GGML_VK_HOST_COPY #1334900 bytes=461312 total=1252657931776
GGML_SCHED_UPLOAD_STATS layers=48 copies=6117 bytes=5781937152 branch_ms=54.80 id_ms=49.65 wait_ms=1172.13
GGML_VK_HOST_COPY #1335000 bytes=1050112 total=1252793644544
GGML_VK_HOST_COPY #1335100 bytes=525312 total=1252895506944
GGML_VK_HOST_COPY #1335200 bytes=525312 total=1252986348032
GGML_VK_HOST_COPY #1335300 bytes=1382912 total=1253076075520
GGML_VK_HOST_COPY #1335400 bytes=422912 total=1253162008576
GGML_VK_HOST_COPY #1335500 bytes=845312 total=1253238936576
GGML_VK_HOST_COPY #1335600 bytes=422912 total=1253320088576
GGML_VK_HOST_COPY #1335700 bytes=461312 total=1253401163776
GGML_VK_HOST_COPY #1335800 bytes=525312 total=1253485246976
GGML_VK_HOST_COPY #1335900 bytes=1574912 total=1253575563264
GGML_VK_HOST_COPY #1336000 bytes=525312 total=1253660107264
GGML_VK_HOST_COPY #1336100 bytes=461312 total=1253740797952
GGML_VK_HOST_COPY #1336200 bytes=525312 total=1253825136640
GGML_VK_HOST_COPY #1336300 bytes=525312 total=1253906007040
GGML_VK_HOST_COPY #1336400 bytes=1050112 total=1253990026240
GGML_VK_HOST_COPY #1336500 bytes=922112 total=1254067325440
GGML_VK_HOST_COPY #1336600 bytes=422912 total=1254136266240
GGML_VK_HOST_COPY #1336700 bytes=422912 total=1254216573440
GGML_VK_HOST_COPY #1336800 bytes=1382912 total=1254291504640
GGML_VK_HOST_COPY #1336900 bytes=461312 total=1254372656640
GGML_VK_HOST_COPY #1337000 bytes=525312 total=1254464701440
GGML_VK_HOST_COPY #1337100 bytes=525312 total=1254553968640
GGML_VK_HOST_COPY #1337200 bytes=461312 total=1254642250240
GGML_VK_HOST_COPY #1337300 bytes=1050112 total=1254733437440
GGML_VK_HOST_COPY #1337400 bytes=525312 total=1254829527040
GGML_VK_HOST_COPY #1337500 bytes=1050112 total=1254934013440
GGML_VK_HOST_COPY #1337600 bytes=922112 total=1255021027840
GGML_VK_HOST_COPY #1337700 bytes=525312 total=1255100592640
GGML_VK_HOST_COPY #1337800 bytes=525312 total=1255200880640
GGML_VK_HOST_COPY #1337900 bytes=2099712 total=1255298544640
GGML_VK_HOST_COPY #1338000 bytes=1843712 total=1255384727040
GGML_VK_HOST_COPY #1338100 bytes=717312 total=1255459018240
GGML_VK_HOST_COPY #1338200 bytes=717312 total=1255525014528
GGML_VK_HOST_COPY #1338300 bytes=461312 total=1255594287616
GGML_VK_HOST_COPY #1338400 bytes=922112 total=1255680508416
GGML_VK_HOST_COPY #1338500 bytes=422912 total=1255766997504
GGML_VK_HOST_COPY #1338600 bytes=422912 total=1255860820992
GGML_VK_HOST_COPY #1338700 bytes=461312 total=1255951457280
GGML_VK_HOST_COPY #1338800 bytes=1382912 total=1256050580480
GGML_VK_HOST_COPY #1338900 bytes=845312 total=1256137338368
GGML_VK_HOST_COPY #1339000 bytes=845312 total=1256218912768
GGML_VK_HOST_COPY #1339100 bytes=1382912 total=1256307706368
GGML_VK_HOST_COPY #1339200 bytes=845312 total=1256397498368
GGML_VK_HOST_COPY #1339300 bytes=845312 total=1256505261568
GGML_VK_HOST_COPY #1339400 bytes=845312 total=1256622317056
GGML_VK_HOST_COPY #1339500 bytes=461312 total=1256735225344
GGML_VK_HOST_COPY #1339600 bytes=525312 total=1256846482432
GGML_VK_HOST_COPY #1339700 bytes=1050112 total=1256978782720
GGML_VK_HOST_COPY #1339800 bytes=525312 total=1257119480320
GGML_VK_HOST_COPY #1339900 bytes=1843712 total=1257222084608
GGML_VK_HOST_COPY #1340000 bytes=358912 total=1257321872896
GGML_VK_HOST_COPY #1340100 bytes=1792512 total=1257406506496
GGML_VK_HOST_COPY #1340200 bytes=461312 total=1257492010496
GGML_VK_HOST_COPY #1340300 bytes=461312 total=1257604496896
GGML_VK_HOST_COPY #1340400 bytes=1267712 total=1257719364096
GGML_VK_HOST_COPY #1340500 bytes=1690112 total=1257836419584
GGML_VK_HOST_COPY #1340600 bytes=2765312 total=1257953782272
GGML_VK_HOST_COPY #1340700 bytes=525312 total=1258077416960
GGML_VK_HOST_COPY #1340800 bytes=5248512 total=1258258524160
GGML_VK_HOST_COPY #1340900 bytes=1574912 total=1258433333760
GGML_VK_HOST_COPY #1341000 bytes=461312 total=1258581800960
GGML_SCHED_UPLOAD_STATS layers=48 copies=6033 bytes=5822572544 branch_ms=54.72 id_ms=49.55 wait_ms=1184.67
11.20.636.841 I slot print_timing: id  0 | task 8 | prompt processing, n_tokens = 106496, progress = 0.83, t = 596.75 s / 178.46 tokens per second
GGML_VK_HOST_COPY #1341100 bytes=525312 total=1258690761728
GGML_VK_HOST_COPY #1341200 bytes=1574912 total=1258786850816
GGML_VK_HOST_COPY #1341300 bytes=461312 total=1258878703104
GGML_VK_HOST_COPY #1341400 bytes=1382912 total=1258967227904
GGML_VK_HOST_COPY #1341500 bytes=1690112 total=1259047055360
GGML_VK_HOST_COPY #1341600 bytes=2112512 total=1259123560960
GGML_VK_HOST_COPY #1341700 bytes=461312 total=1259205711360
GGML_VK_HOST_COPY #1341800 bytes=525312 total=1259292316160
GGML_VK_HOST_COPY #1341900 bytes=525312 total=1259376335360
GGML_VK_HOST_COPY #1342000 bytes=525312 total=1259466651648
GGML_VK_HOST_COPY #1342100 bytes=461312 total=1259548699136
GGML_VK_HOST_COPY #1342200 bytes=525312 total=1259628993024
GGML_VK_HOST_COPY #1342300 bytes=525312 total=1259711962624
GGML_VK_HOST_COPY #1342400 bytes=525312 total=1259797031424
GGML_VK_HOST_COPY #1342500 bytes=922112 total=1259872461824
GGML_VK_HOST_COPY #1342600 bytes=1267712 total=1259942055424
GGML_VK_HOST_COPY #1342700 bytes=422912 total=1260014759424
GGML_VK_HOST_COPY #1342800 bytes=422912 total=1260089575424
GGML_VK_HOST_COPY #1342900 bytes=922112 total=1260170036224
GGML_VK_HOST_COPY #1343000 bytes=525312 total=1260253607424
GGML_VK_HOST_COPY #1343100 bytes=525312 total=1260346023424
GGML_VK_HOST_COPY #1343200 bytes=461312 total=1260437991424
GGML_VK_HOST_COPY #1343300 bytes=461312 total=1260519604224
GGML_VK_HOST_COPY #1343400 bytes=525312 total=1260621709824
GGML_VK_HOST_COPY #1343500 bytes=1574912 total=1260720423424
GGML_VK_HOST_COPY #1343600 bytes=922112 total=1260809191424
GGML_VK_HOST_COPY #1343700 bytes=1050112 total=1260893697024
GGML_VK_HOST_COPY #1343800 bytes=525312 total=1260987687424
GGML_VK_HOST_COPY #1343900 bytes=1050112 total=1261084826624
GGML_VK_HOST_COPY #1344000 bytes=922112 total=1261174349824
GGML_VK_HOST_COPY #1344100 bytes=1075712 total=1261261338624
GGML_VK_HOST_COPY #1344200 bytes=717312 total=1261328410624
GGML_VK_HOST_COPY #1344300 bytes=1075712 total=1261393690112
GGML_VK_HOST_COPY #1344400 bytes=461312 total=1261466188800
GGML_VK_HOST_COPY #1344500 bytes=422912 total=1261555634688
GGML_VK_HOST_COPY #1344600 bytes=422912 total=1261649035776
GGML_VK_HOST_COPY #1344700 bytes=422912 total=1261742437376
GGML_VK_HOST_COPY #1344800 bytes=922112 total=1261837412864
GGML_VK_HOST_COPY #1344900 bytes=422912 total=1261930929152
GGML_VK_HOST_COPY #1345000 bytes=845312 total=1262012503552
GGML_VK_HOST_COPY #1345100 bytes=422912 total=1262089009152
GGML_VK_HOST_COPY #1345200 bytes=1382912 total=1262170084352
GGML_VK_HOST_COPY #1345300 bytes=1267712 total=1262264023552
GGML_VK_HOST_COPY #1345400 bytes=422912 total=1262369674240
GGML_VK_HOST_COPY #1345500 bytes=461312 total=1262479280128
GGML_VK_HOST_COPY #1345600 bytes=461312 total=1262594992128
GGML_VK_HOST_COPY #1345700 bytes=1050112 total=1262714774016
GGML_VK_HOST_COPY #1345800 bytes=2624512 total=1262836053504
GGML_VK_HOST_COPY #1345900 bytes=461312 total=1262957153792
GGML_VK_HOST_COPY #1346000 bytes=358912 total=1263073377280
GGML_VK_HOST_COPY #1346100 bytes=1792512 total=1263152634880
GGML_VK_HOST_COPY #1346200 bytes=358912 total=1263233684480
GGML_VK_HOST_COPY #1346300 bytes=1843712 total=1263326970880
GGML_VK_HOST_COPY #1346400 bytes=1382912 total=1263430241280
GGML_VK_HOST_COPY #1346500 bytes=422912 total=1263538810880
GGML_VK_HOST_COPY #1346600 bytes=422912 total=1263652909568
GGML_VK_HOST_COPY #1346700 bytes=922112 total=1263777069056
GGML_VK_HOST_COPY #1346800 bytes=525312 total=1263903660544
GGML_VK_HOST_COPY #1346900 bytes=525312 total=1264067974144
GGML_VK_HOST_COPY #1347000 bytes=1843712 total=1264228831744
GGML_VK_HOST_COPY #1347100 bytes=461312 total=1264370348544
GGML_SCHED_UPLOAD_STATS layers=48 copies=6090 bytes=5760547328 branch_ms=54.80 id_ms=49.54 wait_ms=1184.25
GGML_VK_HOST_COPY #1347200 bytes=1050112 total=1264469146112
GGML_VK_HOST_COPY #1347300 bytes=525312 total=1264565235200
GGML_VK_HOST_COPY #1347400 bytes=461312 total=1264654348288
GGML_VK_HOST_COPY #1347500 bytes=461312 total=1264744255488
GGML_VK_HOST_COPY #1347600 bytes=845312 total=1264825695744
GGML_VK_HOST_COPY #1347700 bytes=422912 total=1264901356544
GGML_VK_HOST_COPY #1347800 bytes=922112 total=1264982738944
GGML_VK_HOST_COPY #1347900 bytes=1050112 total=1265069650944
GGML_VK_HOST_COPY #1348000 bytes=2099712 total=1265155244544
GGML_VK_HOST_COPY #1348100 bytes=525312 total=1265245036032
GGML_VK_HOST_COPY #1348200 bytes=461312 total=1265325931520
GGML_VK_HOST_COPY #1348300 bytes=525312 total=1265405406208
GGML_VK_HOST_COPY #1348400 bytes=525312 total=1265489950208
GGML_VK_HOST_COPY #1348500 bytes=1050112 total=1265575019008
GGML_VK_HOST_COPY #1348600 bytes=461312 total=1265648567808
GGML_VK_HOST_COPY #1348700 bytes=422912 total=1265724075008
GGML_VK_HOST_COPY #1348800 bytes=1267712 total=1265796779008
GGML_VK_HOST_COPY #1348900 bytes=845312 total=1265871172608
GGML_VK_HOST_COPY #1349000 bytes=461312 total=1265952823808
GGML_VK_HOST_COPY #1349100 bytes=525312 total=1266036996608
GGML_VK_HOST_COPY #1349200 bytes=525312 total=1266131511808
GGML_VK_HOST_COPY #1349300 bytes=922112 total=1266221956608
GGML_VK_HOST_COPY #1349400 bytes=525312 total=1266304683008
GGML_VK_HOST_COPY #1349500 bytes=1050112 total=1266407595008
GGML_VK_HOST_COPY #1349600 bytes=1050112 total=1266503684608
GGML_VK_HOST_COPY #1349700 bytes=2304512 total=1266592567808
GGML_VK_HOST_COPY #1349800 bytes=525312 total=1266674398208
GGML_VK_HOST_COPY #1349900 bytes=525312 total=1266768913408
GGML_VK_HOST_COPY #1350000 bytes=525312 total=1266864478208
GGML_VK_HOST_COPY #1350100 bytes=922112 total=1266955089408
GGML_VK_HOST_COPY #1350200 bytes=717312 total=1267036855808
GGML_VK_HOST_COPY #1350300 bytes=717312 total=1267107152896
GGML_VK_HOST_COPY #1350400 bytes=1434112 total=1267175658496
GGML_VK_HOST_COPY #1350500 bytes=3226112 total=1267261315584
GGML_VK_HOST_COPY #1350600 bytes=422912 total=1267353718272
GGML_VK_HOST_COPY #1350700 bytes=845312 total=1267446696960
GGML_VK_HOST_COPY #1350800 bytes=2112512 total=1267541365760
GGML_VK_HOST_COPY #1350900 bytes=1382912 total=1267642446848
GGML_VK_HOST_COPY #1351000 bytes=1267712 total=1267726401536
GGML_VK_HOST_COPY #1351100 bytes=845312 total=1267808398336
GGML_VK_HOST_COPY #1351200 bytes=461312 total=1267884289536
GGML_VK_HOST_COPY #1351300 bytes=461312 total=1267967745536
GGML_VK_HOST_COPY #1351400 bytes=422912 total=1268068788736
GGML_VK_HOST_COPY #1351500 bytes=2112512 total=1268173594624
GGML_VK_HOST_COPY #1351600 bytes=461312 total=1268284621312
GGML_VK_HOST_COPY #1351700 bytes=525312 total=1268403212800
GGML_VK_HOST_COPY #1351800 bytes=3149312 total=1268529216000
GGML_VK_HOST_COPY #1351900 bytes=1050112 total=1268651545088
GGML_VK_HOST_COPY #1352000 bytes=1843712 total=1268771378176
GGML_VK_HOST_COPY #1352100 bytes=1075712 total=1268880996864
GGML_VK_HOST_COPY #1352200 bytes=358912 total=1268964913664
GGML_VK_HOST_COPY #1352300 bytes=358912 total=1269042737664
GGML_VK_HOST_COPY #1352400 bytes=1843712 total=1269136792064
GGML_VK_HOST_COPY #1352500 bytes=2534912 total=1269252888064
GGML_VK_HOST_COPY #1352600 bytes=422912 total=1269365297152
GGML_VK_HOST_COPY #1352700 bytes=422912 total=1269479396352
GGML_VK_HOST_COPY #1352800 bytes=1843712 total=1269597335040
GGML_VK_HOST_COPY #1352900 bytes=4198912 total=1269736790528
GGML_VK_HOST_COPY #1353000 bytes=2099712 total=1269903728128
GGML_VK_HOST_COPY #1353100 bytes=461312 total=1270067273728
GGML_SCHED_UPLOAD_STATS layers=48 copies=6066 bytes=5797987840 branch_ms=54.51 id_ms=49.38 wait_ms=1187.89
GGML_VK_HOST_COPY #1353200 bytes=525312 total=1270214084096
GGML_VK_HOST_COPY #1353300 bytes=1050112 total=1270311748096
GGML_VK_HOST_COPY #1353400 bytes=1050112 total=1270403113984
GGML_VK_HOST_COPY #1353500 bytes=1843712 total=1270493711872
GGML_VK_HOST_COPY #1353600 bytes=845312 total=1270577532928
GGML_VK_HOST_COPY #1353700 bytes=1267712 total=1270656572928
GGML_VK_HOST_COPY #1353800 bytes=422912 total=1270735612928
GGML_VK_HOST_COPY #1353900 bytes=461312 total=1270818339328
GGML_VK_HOST_COPY #1354000 bytes=525312 total=1270901488128
GGML_VK_HOST_COPY #1354100 bytes=1050112 total=1270992329216
GGML_VK_HOST_COPY #1354200 bytes=525312 total=1271077398016
GGML_VK_HOST_COPY #1354300 bytes=461312 total=1271157973504
GGML_VK_HOST_COPY #1354400 bytes=525312 total=1271239803392
GGML_VK_HOST_COPY #1354500 bytes=525312 total=1271318049792
GGML_VK_HOST_COPY #1354600 bytes=525312 total=1271399969792
GGML_VK_HOST_COPY #1354700 bytes=461312 total=1271474440192
GGML_VK_HOST_COPY #1354800 bytes=422912 total=1271543457792
GGML_VK_HOST_COPY #1354900 bytes=422912 total=1271622920192
GGML_VK_HOST_COPY #1355000 bytes=461312 total=1271695624192
GGML_VK_HOST_COPY #1355100 bytes=922112 total=1271776776192
GGML_VK_HOST_COPY #1355200 bytes=525312 total=1271867246592
GGML_VK_HOST_COPY #1355300 bytes=525312 total=1271954939392
GGML_VK_HOST_COPY #1355400 bytes=461312 total=1272042760192
GGML_VK_HOST_COPY #1355500 bytes=1050112 total=1272132500992
GGML_VK_HOST_COPY #1355600 bytes=525312 total=1272227540992
GGML_VK_HOST_COPY #1355700 bytes=525312 total=1272326254592
GGML_VK_HOST_COPY #1355800 bytes=461312 total=1272415214592
GGML_VK_HOST_COPY #1355900 bytes=1050112 total=1272493294592
GGML_VK_HOST_COPY #1356000 bytes=525312 total=1272599880192
GGML_VK_HOST_COPY #1356100 bytes=1574912 total=1272696494592
GGML_VK_HOST_COPY #1356200 bytes=461312 total=1272783905792
GGML_VK_HOST_COPY #1356300 bytes=717312 total=1272858555392
GGML_VK_HOST_COPY #1356400 bytes=717312 total=1272928494080
GGML_VK_HOST_COPY #1356500 bytes=1434112 total=1272999150080
GGML_VK_HOST_COPY #1356600 bytes=461312 total=1273082503168
GGML_VK_HOST_COPY #1356700 bytes=1690112 total=1273172448256
GGML_VK_HOST_COPY #1356800 bytes=422912 total=1273267538944
GGML_VK_HOST_COPY #1356900 bytes=461312 total=1273357368832
GGML_VK_HOST_COPY #1357000 bytes=1382912 total=1273453727232
GGML_VK_HOST_COPY #1357100 bytes=422912 total=1273532113920
GGML_VK_HOST_COPY #1357200 bytes=422912 total=1273616222720
GGML_VK_HOST_COPY #1357300 bytes=922112 total=1273696107520
GGML_VK_HOST_COPY #1357400 bytes=922112 total=1273781867520
GGML_VK_HOST_COPY #1357500 bytes=1690112 total=1273881029120
GGML_VK_HOST_COPY #1357600 bytes=845312 total=1273982878208
GGML_VK_HOST_COPY #1357700 bytes=461312 total=1274087991296
GGML_VK_HOST_COPY #1357800 bytes=1574912 total=1274203344384
GGML_VK_HOST_COPY #1357900 bytes=525312 total=1274331971584
GGML_VK_HOST_COPY #1358000 bytes=525312 total=1274450627072
GGML_VK_HOST_COPY #1358100 bytes=461312 total=1274569884160
GGML_VK_HOST_COPY #1358200 bytes=358912 total=1274672642048
GGML_VK_HOST_COPY #1358300 bytes=358912 total=1274759784448
GGML_VK_HOST_COPY #1358400 bytes=1075712 total=1274840834048
GGML_VK_HOST_COPY #1358500 bytes=1382912 total=1274943234048
GGML_VK_HOST_COPY #1358600 bytes=1267712 total=1275063707648
GGML_VK_HOST_COPY #1358700 bytes=1690112 total=1275183719936
GGML_VK_HOST_COPY #1358800 bytes=2957312 total=1275296129536
GGML_VK_HOST_COPY #1358900 bytes=4608512 total=1275420749824
GGML_VK_HOST_COPY #1359000 bytes=2624512 total=1275574029312
GGML_VK_HOST_COPY #1359100 bytes=525312 total=1275727322112
GGML_VK_HOST_COPY #1359200 bytes=922112 total=1275876326912
GGML_SCHED_UPLOAD_STATS layers=48 copies=6081 bytes=5766302720 branch_ms=54.61 id_ms=49.38 wait_ms=1175.21
GGML_VK_HOST_COPY #1359300 bytes=1050112 total=1276006100480
GGML_VK_HOST_COPY #1359400 bytes=1050112 total=1276101139968
GGML_VK_HOST_COPY #1359500 bytes=2624512 total=1276198803968
GGML_VK_HOST_COPY #1359600 bytes=922112 total=1276281440256
GGML_VK_HOST_COPY #1359700 bytes=845312 total=1276366758912
GGML_VK_HOST_COPY #1359800 bytes=845312 total=1276446221312
GGML_VK_HOST_COPY #1359900 bytes=845312 total=1276523149312
GGML_VK_HOST_COPY #1360000 bytes=461312 total=1276610291712
GGML_VK_HOST_COPY #1360100 bytes=4723712 total=1276694886912
GGML_VK_HOST_COPY #1360200 bytes=1050112 total=1276782054400
GGML_VK_HOST_COPY #1360300 bytes=461312 total=1276870617088
GGML_VK_HOST_COPY #1360400 bytes=461312 total=1276945778688
GGML_VK_HOST_COPY #1360500 bytes=525312 total=1277033202176
GGML_VK_HOST_COPY #1360600 bytes=2099712 total=1277114072576
GGML_VK_HOST_COPY #1360700 bytes=461312 total=1277192869376
GGML_VK_HOST_COPY #1360800 bytes=1382912 total=1277267109376
GGML_VK_HOST_COPY #1360900 bytes=1267712 total=1277338622976
GGML_VK_HOST_COPY #1361000 bytes=422912 total=1277414283776
GGML_VK_HOST_COPY #1361100 bytes=461312 total=1277498200576
GGML_VK_HOST_COPY #1361200 bytes=525312 total=1277580414976
GGML_VK_HOST_COPY #1361300 bytes=525312 total=1277675979776
GGML_VK_HOST_COPY #1361400 bytes=1050112 total=1277767346176
GGML_VK_HOST_COPY #1361500 bytes=461312 total=1277847102976
GGML_VK_HOST_COPY #1361600 bytes=525312 total=1277948914176
GGML_VK_HOST_COPY #1361700 bytes=1050112 total=1278042904576
GGML_VK_HOST_COPY #1361800 bytes=922112 total=1278138866176
GGML_VK_HOST_COPY #1361900 bytes=2304512 total=1278228312576
GGML_VK_HOST_COPY #1362000 bytes=525312 total=1278314955776
GGML_VK_HOST_COPY #1362100 bytes=1574912 total=1278412619776
GGML_VK_HOST_COPY #1362200 bytes=1382912 total=1278513880576
GGML_VK_HOST_COPY #1362300 bytes=2304512 total=1278602405376
GGML_VK_HOST_COPY #1362400 bytes=358912 total=1278668299776
GGML_VK_HOST_COPY #1362500 bytes=358912 total=1278730353664
GGML_VK_HOST_COPY #1362600 bytes=461312 total=1278800855552
GGML_VK_HOST_COPY #1362700 bytes=922112 total=1278885233152
GGML_VK_HOST_COPY #1362800 bytes=422912 total=1278972375040
GGML_VK_HOST_COPY #1362900 bytes=422912 total=1279064931328
GGML_VK_HOST_COPY #1363000 bytes=4147712 total=1279161404416
GGML_VK_HOST_COPY #1363100 bytes=1267712 total=1279262562304
GGML_VK_HOST_COPY #1363200 bytes=845312 total=1279340757504
GGML_VK_HOST_COPY #1363300 bytes=1267712 total=1279417263104
GGML_VK_HOST_COPY #1363400 bytes=461312 total=1279502754304
GGML_VK_HOST_COPY #1363500 bytes=1690112 total=1279587899904
GGML_VK_HOST_COPY #1363600 bytes=422912 total=1279699042304
GGML_VK_HOST_COPY #1363700 bytes=2957312 total=1279810184192
GGML_VK_HOST_COPY #1363800 bytes=461312 total=1279924359680
GGML_VK_HOST_COPY #1363900 bytes=525312 total=1280041799168
GGML_VK_HOST_COPY #1364000 bytes=1050112 total=1280171475456
GGML_VK_HOST_COPY #1364100 bytes=525312 total=1280312173056
GGML_VK_HOST_COPY #1364200 bytes=3686912 total=1280424454144
GGML_VK_HOST_COPY #1364300 bytes=358912 total=1280513746432
GGML_VK_HOST_COPY #1364400 bytes=358912 total=1280602322432
GGML_VK_HOST_COPY #1364500 bytes=922112 total=1280692895232
GGML_VK_HOST_COPY #1364600 bytes=2304512 total=1280806303232
GGML_VK_HOST_COPY #1364700 bytes=845312 total=1280913682432
GGML_VK_HOST_COPY #1364800 bytes=2957312 total=1281023135232
GGML_VK_HOST_COPY #1364900 bytes=922112 total=1281139384832
GGML_VK_HOST_COPY #1365000 bytes=525312 total=1281258552832
GGML_VK_HOST_COPY #1365100 bytes=525312 total=1281418143232
GGML_VK_HOST_COPY #1365200 bytes=525312 total=1281570911232
GGML_VK_HOST_COPY #1365300 bytes=461312 total=1281712645632
GGML_SCHED_UPLOAD_STATS layers=48 copies=6075 bytes=5785270784 branch_ms=54.83 id_ms=49.59 wait_ms=1179.78
11.35.224.154 I slot print_timing: id  0 | task 8 | prompt processing, n_tokens = 108544, progress = 0.85, t = 611.34 s / 177.55 tokens per second
GGML_VK_HOST_COPY #1365400 bytes=1574912 total=1281824435200
GGML_VK_HOST_COPY #1365500 bytes=1050112 total=1281918425088
GGML_VK_HOST_COPY #1365600 bytes=525312 total=1282016089088
GGML_VK_HOST_COPY #1365700 bytes=461312 total=1282095179776
GGML_VK_HOST_COPY #1365800 bytes=422912 total=1282179845632
GGML_VK_HOST_COPY #1365900 bytes=845312 total=1282259308032
GGML_VK_HOST_COPY #1366000 bytes=922112 total=1282339192832
GGML_VK_HOST_COPY #1366100 bytes=922112 total=1282423109632
GGML_VK_HOST_COPY #1366200 bytes=525312 total=1282510072832
GGML_VK_HOST_COPY #1366300 bytes=525312 total=1282595665920
GGML_VK_HOST_COPY #1366400 bytes=461312 total=1282681591808
GGML_VK_HOST_COPY #1366500 bytes=525312 total=1282762794496
GGML_VK_HOST_COPY #1366600 bytes=525312 total=1282846288896
GGML_VK_HOST_COPY #1366700 bytes=525312 total=1282924535296
GGML_VK_HOST_COPY #1366800 bytes=461312 total=1282999108096
GGML_VK_HOST_COPY #1366900 bytes=461312 total=1283070583296
GGML_VK_HOST_COPY #1367000 bytes=422912 total=1283145975296
GGML_VK_HOST_COPY #1367100 bytes=422912 total=1283223325696
GGML_VK_HOST_COPY #1367200 bytes=922112 total=1283303594496
GGML_VK_HOST_COPY #1367300 bytes=525312 total=1283393309696
GGML_VK_HOST_COPY #1367400 bytes=525312 total=1283490448896
GGML_VK_HOST_COPY #1367500 bytes=2304512 total=1283587677696
GGML_VK_HOST_COPY #1367600 bytes=461312 total=1283669290496
GGML_VK_HOST_COPY #1367700 bytes=525312 total=1283769284096
GGML_VK_HOST_COPY #1367800 bytes=525312 total=1283867472896
GGML_VK_HOST_COPY #1367900 bytes=922112 total=1283959005696
GGML_VK_HOST_COPY #1368000 bytes=525312 total=1284044880896
GGML_VK_HOST_COPY #1368100 bytes=2624512 total=1284139920896
GGML_VK_HOST_COPY #1368200 bytes=1574912 total=1284236010496
GGML_VK_HOST_COPY #1368300 bytes=922112 total=1284326852096
GGML_VK_HOST_COPY #1368400 bytes=1075712 total=1284411946496
GGML_VK_HOST_COPY #1368500 bytes=358912 total=1284483677696
GGML_VK_HOST_COPY #1368600 bytes=358912 total=1284549315584
GGML_VK_HOST_COPY #1368700 bytes=461312 total=1284628675072
GGML_VK_HOST_COPY #1368800 bytes=845312 total=1284725992960
GGML_VK_HOST_COPY #1368900 bytes=422912 total=1284823618048
GGML_VK_HOST_COPY #1369000 bytes=845312 total=1284915752448
GGML_VK_HOST_COPY #1369100 bytes=1843712 total=1285022324736
GGML_VK_HOST_COPY #1369200 bytes=422912 total=1285105396224
GGML_VK_HOST_COPY #1369300 bytes=422912 total=1285195418624
GGML_VK_HOST_COPY #1369400 bytes=461312 total=1285279911424
GGML_VK_HOST_COPY #1369500 bytes=461312 total=1285367514624
GGML_VK_HOST_COPY #1369600 bytes=422912 total=1285475239424
GGML_VK_HOST_COPY #1369700 bytes=1690112 total=1285587226112
GGML_VK_HOST_COPY #1369800 bytes=461312 total=1285700902400
GGML_VK_HOST_COPY #1369900 bytes=525312 total=1285820338688
GGML_VK_HOST_COPY #1370000 bytes=1050112 total=1285962610176
GGML_VK_HOST_COPY #1370100 bytes=525312 total=1286101733376
GGML_VK_HOST_COPY #1370200 bytes=461312 total=1286215000064
GGML_VK_HOST_COPY #1370300 bytes=717312 total=1286312484352
GGML_VK_HOST_COPY #1370400 bytes=1792512 total=1286402135552
GGML_VK_HOST_COPY #1370500 bytes=358912 total=1286482468352
GGML_VK_HOST_COPY #1370600 bytes=2765312 total=1286578519552
GGML_VK_HOST_COPY #1370700 bytes=1690112 total=1286699261952
GGML_VK_HOST_COPY #1370800 bytes=845312 total=1286820119040
GGML_VK_HOST_COPY #1370900 bytes=1843712 total=1286945468928
GGML_VK_HOST_COPY #1371000 bytes=2304512 total=1287065788928
GGML_VK_HOST_COPY #1371100 bytes=3674112 total=1287228566016
GGML_VK_HOST_COPY #1371200 bytes=525312 total=1287377660416
GGML_VK_HOST_COPY #1371300 bytes=922112 total=1287522671616
GGML_SCHED_UPLOAD_STATS layers=48 copies=6003 bytes=5820278784 branch_ms=54.42 id_ms=49.33 wait_ms=1174.82
GGML_VK_HOST_COPY #1371400 bytes=1574912 total=1287650473984
GGML_VK_HOST_COPY #1371500 bytes=2099712 total=1287746038272
GGML_VK_HOST_COPY #1371600 bytes=525312 total=1287842652672
GGML_VK_HOST_COPY #1371700 bytes=461312 total=1287923765760
GGML_VK_HOST_COPY #1371800 bytes=422912 total=1288006626816
GGML_VK_HOST_COPY #1371900 bytes=1267712 total=1288089046016
GGML_VK_HOST_COPY #1372000 bytes=461312 total=1288166857216
GGML_VK_HOST_COPY #1372100 bytes=1382912 total=1288250774016
GGML_VK_HOST_COPY #1372200 bytes=525312 total=1288338146816
GGML_VK_HOST_COPY #1372300 bytes=1050112 total=1288425314304
GGML_VK_HOST_COPY #1372400 bytes=461312 total=1288511560192
GGML_VK_HOST_COPY #1372500 bytes=460800 total=1288590868480
GGML_VK_HOST_COPY #1372600 bytes=525312 total=1288672263680
GGML_VK_HOST_COPY #1372700 bytes=525312 total=1288752609280
GGML_VK_HOST_COPY #1372800 bytes=461312 total=1288828871680
GGML_VK_HOST_COPY #1372900 bytes=1382912 total=1288900346880
GGML_VK_HOST_COPY #1373000 bytes=422912 total=1288971553280
GGML_VK_HOST_COPY #1373100 bytes=422912 total=1289046791680
GGML_VK_HOST_COPY #1373200 bytes=461312 total=1289129364480
GGML_VK_HOST_COPY #1373300 bytes=525312 total=1289212346880
GGML_VK_HOST_COPY #1373400 bytes=525312 total=1289305287680
GGML_VK_HOST_COPY #1373500 bytes=525312 total=1289399802880
GGML_VK_HOST_COPY #1373600 bytes=461312 total=1289483668480
GGML_VK_HOST_COPY #1373700 bytes=525312 total=1289581434880
GGML_VK_HOST_COPY #1373800 bytes=2099712 total=1289677524480
GGML_VK_HOST_COPY #1373900 bytes=922112 total=1289772206080
GGML_VK_HOST_COPY #1374000 bytes=461312 total=1289861191680
GGML_VK_HOST_COPY #1374100 bytes=525312 total=1289949575680
GGML_VK_HOST_COPY #1374200 bytes=525312 total=1290040417280
GGML_VK_HOST_COPY #1374300 bytes=461312 total=1290137825280
GGML_VK_HOST_COPY #1374400 bytes=358912 total=1290225326080
GGML_VK_HOST_COPY #1374500 bytes=717312 total=1290293473280
GGML_VK_HOST_COPY #1374600 bytes=717312 total=1290359469568
GGML_VK_HOST_COPY #1374700 bytes=461312 total=1290438675456
GGML_VK_HOST_COPY #1374800 bytes=845312 total=1290531692544
GGML_VK_HOST_COPY #1374900 bytes=845312 total=1290618758144
GGML_VK_HOST_COPY #1375000 bytes=845312 total=1290710892032
GGML_VK_HOST_COPY #1375100 bytes=461312 total=1290809131520
GGML_VK_HOST_COPY #1375200 bytes=422912 total=1290902916608
GGML_VK_HOST_COPY #1375300 bytes=422912 total=1290985758208
GGML_VK_HOST_COPY #1375400 bytes=422912 total=1291069022208
GGML_VK_HOST_COPY #1375500 bytes=461312 total=1291149790208
GGML_VK_HOST_COPY #1375600 bytes=422912 total=1291252868608
GGML_VK_HOST_COPY #1375700 bytes=1690112 total=1291368656896
GGML_VK_HOST_COPY #1375800 bytes=461312 total=1291485942784
GGML_VK_HOST_COPY #1375900 bytes=2304512 total=1291613174784
GGML_VK_HOST_COPY #1376000 bytes=525312 total=1291727849472
GGML_VK_HOST_COPY #1376100 bytes=2099712 total=1291856476160
GGML_VK_HOST_COPY #1376200 bytes=1382912 total=1291984987648
GGML_VK_HOST_COPY #1376300 bytes=717312 total=1292095681536
GGML_VK_HOST_COPY #1376400 bytes=1075712 total=1292182823936
GGML_VK_HOST_COPY #1376500 bytes=1792512 total=1292264231424
GGML_VK_HOST_COPY #1376600 bytes=922112 total=1292361510912
GGML_VK_HOST_COPY #1376700 bytes=422912 total=1292481600000
GGML_VK_HOST_COPY #1376800 bytes=1690112 total=1292591052800
GGML_VK_HOST_COPY #1376900 bytes=2957312 total=1292701350400
GGML_VK_HOST_COPY #1377000 bytes=461312 total=1292820825600
GGML_VK_HOST_COPY #1377100 bytes=1050112 total=1292956864000
GGML_VK_HOST_COPY #1377200 bytes=1574912 total=1293110156800
GGML_VK_HOST_COPY #1377300 bytes=922112 total=1293272563200
GGML_SCHED_UPLOAD_STATS layers=48 copies=6036 bytes=5794260480 branch_ms=54.22 id_ms=49.05 wait_ms=1176.95
GGML_VK_HOST_COPY #1377400 bytes=4198912 total=1293418989568
GGML_VK_HOST_COPY #1377500 bytes=525312 total=1293517178368
GGML_VK_HOST_COPY #1377600 bytes=525312 total=1293608019456
GGML_VK_HOST_COPY #1377700 bytes=1382912 total=1293698540544
GGML_VK_HOST_COPY #1377800 bytes=845312 total=1293783897600
GGML_VK_HOST_COPY #1377900 bytes=1690112 total=1293862515200
GGML_VK_HOST_COPY #1378000 bytes=422912 total=1293942400000
GGML_VK_HOST_COPY #1378100 bytes=1382912 total=1294025088000
GGML_VK_HOST_COPY #1378200 bytes=525312 total=1294108236800
GGML_VK_HOST_COPY #1378300 bytes=1050112 total=1294199077888
GGML_VK_HOST_COPY #1378400 bytes=525312 total=1294284146688
GGML_VK_HOST_COPY #1378500 bytes=461312 total=1294364722176
GGML_VK_HOST_COPY #1378600 bytes=525312 total=1294447076864
GGML_VK_HOST_COPY #1378700 bytes=525312 total=1294525848064
GGML_VK_HOST_COPY #1378800 bytes=525312 total=1294607243264
GGML_VK_HOST_COPY #1378900 bytes=461312 total=1294682161664
GGML_VK_HOST_COPY #1379000 bytes=422912 total=1294750334464
GGML_VK_HOST_COPY #1379100 bytes=422912 total=1294825572864
GGML_VK_HOST_COPY #1379200 bytes=922112 total=1294899659264
GGML_VK_HOST_COPY #1379300 bytes=1843712 total=1294979889664
GGML_VK_HOST_COPY #1379400 bytes=2624512 total=1295068491264
GGML_VK_HOST_COPY #1379500 bytes=525312 total=1295157758464
GGML_VK_HOST_COPY #1379600 bytes=461312 total=1295251531264
GGML_VK_HOST_COPY #1379700 bytes=1574912 total=1295335780864
GGML_VK_HOST_COPY #1379800 bytes=1050112 total=1295433444864
GGML_VK_HOST_COPY #1379900 bytes=525312 total=1295530059264
GGML_VK_HOST_COPY #1380000 bytes=461312 total=1295619582464
GGML_VK_HOST_COPY #1380100 bytes=1050112 total=1295699326464
GGML_VK_HOST_COPY #1380200 bytes=1574912 total=1295802763264
GGML_VK_HOST_COPY #1380300 bytes=2624512 total=1295894129664
GGML_VK_HOST_COPY #1380400 bytes=461312 total=1295979672064
GGML_VK_HOST_COPY #1380500 bytes=358912 total=1296058622464
GGML_VK_HOST_COPY #1380600 bytes=1792512 total=1296131428352
GGML_VK_HOST_COPY #1380700 bytes=358912 total=1296202084352
GGML_VK_HOST_COPY #1380800 bytes=461312 total=1296288714240
GGML_VK_HOST_COPY #1380900 bytes=1267712 total=1296379465728
GGML_VK_HOST_COPY #1381000 bytes=845312 total=1296475401216
GGML_VK_HOST_COPY #1381100 bytes=1843712 total=1296570568704
GGML_VK_HOST_COPY #1381200 bytes=461312 total=1296670152704
GGML_VK_HOST_COPY #1381300 bytes=845312 total=1296753262592
GGML_VK_HOST_COPY #1381400 bytes=1690112 total=1296833147392
GGML_VK_HOST_COPY #1381500 bytes=461312 total=1296916910592
GGML_VK_HOST_COPY #1381600 bytes=922112 total=1297002209792
GGML_VK_HOST_COPY #1381700 bytes=422912 total=1297109243392
GGML_VK_HOST_COPY #1381800 bytes=422912 total=1297210247680
GGML_VK_HOST_COPY #1381900 bytes=2304512 total=1297320928768
GGML_VK_HOST_COPY #1382000 bytes=3674112 total=1297441107456
GGML_VK_HOST_COPY #1382100 bytes=525312 total=1297580754944
GGML_VK_HOST_COPY #1382200 bytes=1049600 total=1297724076032
GGML_VK_HOST_COPY #1382300 bytes=2304512 total=1297841170432
GGML_VK_HOST_COPY #1382400 bytes=717312 total=1297929541120
GGML_VK_HOST_COPY #1382500 bytes=1434112 total=1298012740608
GGML_VK_HOST_COPY #1382600 bytes=1382912 total=1298097271296
GGML_VK_HOST_COPY #1382700 bytes=1382912 total=1298201002496
GGML_VK_HOST_COPY #1382800 bytes=1267712 total=1298311645184
GGML_VK_HOST_COPY #1382900 bytes=422912 total=1298429967872
GGML_VK_HOST_COPY #1383000 bytes=461312 total=1298549903360
GGML_VK_HOST_COPY #1383100 bytes=5248512 total=1298677198848
GGML_VK_HOST_COPY #1383200 bytes=2099712 total=1298844136448
GGML_VK_HOST_COPY #1383300 bytes=1050112 total=1299012648448
GGML_VK_HOST_COPY #1383400 bytes=1382912 total=1299155650048
GGML_SCHED_UPLOAD_STATS layers=48 copies=6036 bytes=5776262144 branch_ms=54.48 id_ms=49.39 wait_ms=1185.50
GGML_VK_HOST_COPY #1383500 bytes=525312 total=1299264546816
GGML_VK_HOST_COPY #1383600 bytes=525312 total=1299359586304
GGML_VK_HOST_COPY #1383700 bytes=461312 total=1299452552192
GGML_VK_HOST_COPY #1383800 bytes=922112 total=1299540155392
GGML_VK_HOST_COPY #1383900 bytes=422912 total=1299619675648
GGML_VK_HOST_COPY #1384000 bytes=845312 total=1299695758848
GGML_VK_HOST_COPY #1384100 bytes=461312 total=1299779560448
GGML_VK_HOST_COPY #1384200 bytes=1574912 total=1299866101248
GGML_VK_HOST_COPY #1384300 bytes=525312 total=1299949595648
GGML_VK_HOST_COPY #1384400 bytes=1574912 total=1300039387136
GGML_VK_HOST_COPY #1384500 bytes=922112 total=1300121037824
GGML_VK_HOST_COPY #1384600 bytes=525312 total=1300201267712
GGML_VK_HOST_COPY #1384700 bytes=525312 total=1300283187712
GGML_VK_HOST_COPY #1384800 bytes=1574912 total=1300368256512
GGML_VK_HOST_COPY #1384900 bytes=922112 total=1300442496512
GGML_VK_HOST_COPY #1385000 bytes=422912 total=1300511475712
GGML_VK_HOST_COPY #1385100 bytes=422912 total=1300585446912
GGML_VK_HOST_COPY #1385200 bytes=422912 total=1300661530112
GGML_VK_HOST_COPY #1385300 bytes=461312 total=1300742451712
GGML_VK_HOST_COPY #1385400 bytes=525312 total=1300827200512
GGML_VK_HOST_COPY #1385500 bytes=525312 total=1300924339712
GGML_VK_HOST_COPY #1385600 bytes=922112 total=1301015808512
GGML_VK_HOST_COPY #1385700 bytes=461312 total=1301097882112
GGML_VK_HOST_COPY #1385800 bytes=525312 total=1301195366912
GGML_VK_HOST_COPY #1385900 bytes=1574912 total=1301294080512
GGML_VK_HOST_COPY #1386000 bytes=461312 total=1301382144512
GGML_VK_HOST_COPY #1386100 bytes=525312 total=1301463808512
GGML_VK_HOST_COPY #1386200 bytes=1050112 total=1301559898112
GGML_VK_HOST_COPY #1386300 bytes=525312 total=1301655987712
GGML_VK_HOST_COPY #1386400 bytes=461312 total=1301745382912
GGML_VK_HOST_COPY #1386500 bytes=358912 total=1301834266112
GGML_VK_HOST_COPY #1386600 bytes=358400 total=1301905638400
GGML_VK_HOST_COPY #1386700 bytes=2150912 total=1301973785600
GGML_VK_HOST_COPY #1386800 bytes=922112 total=1302053913088
GGML_VK_HOST_COPY #1386900 bytes=1267712 total=1302152958976
GGML_VK_HOST_COPY #1387000 bytes=422912 total=1302244670464
GGML_VK_HOST_COPY #1387100 bytes=422912 total=1302334692864
GGML_VK_HOST_COPY #1387200 bytes=3226112 total=1302436733952
GGML_VK_HOST_COPY #1387300 bytes=422912 total=1302522531840
GGML_VK_HOST_COPY #1387400 bytes=422912 total=1302609597440
GGML_VK_HOST_COPY #1387500 bytes=461312 total=1302691939840
GGML_VK_HOST_COPY #1387600 bytes=922112 total=1302781847040
GGML_VK_HOST_COPY #1387700 bytes=845312 total=1302879319040
GGML_VK_HOST_COPY #1387800 bytes=422912 total=1302983280128
GGML_VK_HOST_COPY #1387900 bytes=2304512 total=1303097801216
GGML_VK_HOST_COPY #1388000 bytes=525312 total=1303216623104
GGML_VK_HOST_COPY #1388100 bytes=4198912 total=1303359944704
GGML_VK_HOST_COPY #1388200 bytes=2624512 total=1303491195392
GGML_VK_HOST_COPY #1388300 bytes=922112 total=1303609364480
GGML_VK_HOST_COPY #1388400 bytes=1075712 total=1303712787968
GGML_VK_HOST_COPY #1388500 bytes=358912 total=1303800646656
GGML_VK_HOST_COPY #1388600 bytes=922112 total=1303887174144
GGML_VK_HOST_COPY #1388700 bytes=2304512 total=1303997817344
GGML_VK_HOST_COPY #1388800 bytes=422912 total=1304107000832
GGML_VK_HOST_COPY #1388900 bytes=845312 total=1304218987520
GGML_VK_HOST_COPY #1389000 bytes=1382912 total=1304329131008
GGML_VK_HOST_COPY #1389100 bytes=461312 total=1304431940608
GGML_VK_HOST_COPY #1389200 bytes=2099712 total=1304592580096
GGML_VK_HOST_COPY #1389300 bytes=525312 total=1304749021696
GGML_VK_HOST_COPY #1389400 bytes=3226112 total=1304907792896
GGML_SCHED_UPLOAD_STATS layers=48 copies=6027 bytes=5794663936 branch_ms=54.71 id_ms=49.50 wait_ms=1169.38
11.49.672.523 I slot print_timing: id  0 | task 8 | prompt processing, n_tokens = 110592, progress = 0.86, t = 625.79 s / 176.72 tokens per second
GGML_VK_HOST_COPY #1389500 bytes=525312 total=1305043441664
GGML_VK_HOST_COPY #1389600 bytes=1050112 total=1305134282752
GGML_VK_HOST_COPY #1389700 bytes=1050112 total=1305236669952
GGML_VK_HOST_COPY #1389800 bytes=461312 total=1305317181440
GGML_VK_HOST_COPY #1389900 bytes=845312 total=1305400311296
GGML_VK_HOST_COPY #1390000 bytes=422912 total=1305481885696
GGML_VK_HOST_COPY #1390100 bytes=845312 total=1305559236096
GGML_VK_HOST_COPY #1390200 bytes=922112 total=1305643268096
GGML_VK_HOST_COPY #1390300 bytes=1050112 total=1305730589696
GGML_VK_HOST_COPY #1390400 bytes=525312 total=1305816707584
GGML_VK_HOST_COPY #1390500 bytes=461312 total=1305904975872
GGML_VK_HOST_COPY #1390600 bytes=2304512 total=1305983363072
GGML_VK_HOST_COPY #1390700 bytes=525312 total=1306067330560
GGML_VK_HOST_COPY #1390800 bytes=1050112 total=1306146626560
GGML_VK_HOST_COPY #1390900 bytes=461312 total=1306223132160
GGML_VK_HOST_COPY #1391000 bytes=461312 total=1306295989760
GGML_VK_HOST_COPY #1391100 bytes=1267712 total=1306368501760
GGML_VK_HOST_COPY #1391200 bytes=422912 total=1306443317760
GGML_VK_HOST_COPY #1391300 bytes=461312 total=1306526312960
GGML_VK_HOST_COPY #1391400 bytes=525312 total=1306608527360
GGML_VK_HOST_COPY #1391500 bytes=525312 total=1306701992960
GGML_VK_HOST_COPY #1391600 bytes=525312 total=1306792309760
GGML_VK_HOST_COPY #1391700 bytes=1843712 total=1306876085760
GGML_VK_HOST_COPY #1391800 bytes=525312 total=1306973084160
GGML_VK_HOST_COPY #1391900 bytes=525312 total=1307067599360
GGML_VK_HOST_COPY #1392000 bytes=922112 total=1307163112960
GGML_VK_HOST_COPY #1392100 bytes=461312 total=1307250716160
GGML_VK_HOST_COPY #1392200 bytes=525312 total=1307338140160
GGML_VK_HOST_COPY #1392300 bytes=525312 total=1307434754560
GGML_VK_HOST_COPY #1392400 bytes=461312 total=1307535311360
GGML_VK_HOST_COPY #1392500 bytes=358912 total=1307624706560
GGML_VK_HOST_COPY #1392600 bytes=1434112 total=1307696796160
GGML_VK_HOST_COPY #1392700 bytes=358912 total=1307769960448
GGML_VK_HOST_COPY #1392800 bytes=461312 total=1307851367936
GGML_VK_HOST_COPY #1392900 bytes=4646912 total=1307946996224
GGML_VK_HOST_COPY #1393000 bytes=422912 total=1308039974912
GGML_VK_HOST_COPY #1393100 bytes=1267712 total=1308127462912
GGML_VK_HOST_COPY #1393200 bytes=461312 total=1308226201600
GGML_VK_HOST_COPY #1393300 bytes=1690112 total=1308324249088
GGML_VK_HOST_COPY #1393400 bytes=1690112 total=1308409202688
GGML_VK_HOST_COPY #1393500 bytes=422912 total=1308490354688
GGML_VK_HOST_COPY #1393600 bytes=1843712 total=1308577151488
GGML_VK_HOST_COPY #1393700 bytes=1690112 total=1308678386688
GGML_VK_HOST_COPY #1393800 bytes=2112512 total=1308795442176
GGML_VK_HOST_COPY #1393900 bytes=1843712 total=1308916145664
GGML_VK_HOST_COPY #1394000 bytes=525312 total=1309036593152
GGML_VK_HOST_COPY #1394100 bytes=3149312 total=1309177290752
GGML_VK_HOST_COPY #1394200 bytes=1574912 total=1309310640640
GGML_VK_HOST_COPY #1394300 bytes=1843712 total=1309438409728
GGML_VK_HOST_COPY #1394400 bytes=358912 total=1309546492416
GGML_VK_HOST_COPY #1394500 bytes=717312 total=1309631484416
GGML_VK_HOST_COPY #1394600 bytes=717312 total=1309717551616
GGML_VK_HOST_COPY #1394700 bytes=2304512 total=1309821231616
GGML_VK_HOST_COPY #1394800 bytes=1690112 total=1309944546816
GGML_VK_HOST_COPY #1394900 bytes=1690112 total=1310057378304
GGML_VK_HOST_COPY #1395000 bytes=1382912 total=1310168366592
GGML_VK_HOST_COPY #1395100 bytes=461312 total=1310293294592
GGML_VK_HOST_COPY #1395200 bytes=1574912 total=1310454074880
GGML_VK_HOST_COPY #1395300 bytes=525312 total=1310625735680
GGML_VK_HOST_COPY #1395400 bytes=2765312 total=1310784250880
GGML_SCHED_UPLOAD_STATS layers=48 copies=5988 bytes=5841544704 branch_ms=52.62 id_ms=47.83 wait_ms=1187.70
GGML_VK_HOST_COPY #1395500 bytes=1574912 total=1310904398848
GGML_VK_HOST_COPY #1395600 bytes=1050112 total=1310998388736
GGML_VK_HOST_COPY #1395700 bytes=525312 total=1311096577536
GGML_VK_HOST_COPY #1395800 bytes=461312 total=1311176129024
GGML_VK_HOST_COPY #1395900 bytes=422912 total=1311260794880
GGML_VK_HOST_COPY #1396000 bytes=845312 total=1311340257280
GGML_VK_HOST_COPY #1396100 bytes=922112 total=1311420142080
GGML_VK_HOST_COPY #1396200 bytes=922112 total=1311504058880
GGML_VK_HOST_COPY #1396300 bytes=525312 total=1311591022080
GGML_VK_HOST_COPY #1396400 bytes=525312 total=1311676090368
GGML_VK_HOST_COPY #1396500 bytes=2304512 total=1311763206656
GGML_VK_HOST_COPY #1396600 bytes=525312 total=1311842822144
GGML_VK_HOST_COPY #1396700 bytes=525312 total=1311925266944
GGML_VK_HOST_COPY #1396800 bytes=1574912 total=1312002463744
GGML_VK_HOST_COPY #1396900 bytes=461312 total=1312077420544
GGML_VK_HOST_COPY #1397000 bytes=461312 total=1312148434944
GGML_VK_HOST_COPY #1397100 bytes=422912 total=1312221676544
GGML_VK_HOST_COPY #1397200 bytes=845312 total=1312295225344
GGML_VK_HOST_COPY #1397300 bytes=922112 total=1312376607744
GGML_VK_HOST_COPY #1397400 bytes=1050112 total=1312459782144
GGML_VK_HOST_COPY #1397500 bytes=525312 total=1312555346944
GGML_VK_HOST_COPY #1397600 bytes=525312 total=1312646188544
GGML_VK_HOST_COPY #1397700 bytes=461312 total=1312731449344
GGML_VK_HOST_COPY #1397800 bytes=1050112 total=1312831161344
GGML_VK_HOST_COPY #1397900 bytes=1574912 total=1312930924544
GGML_VK_HOST_COPY #1398000 bytes=2304512 total=1313022879744
GGML_VK_HOST_COPY #1398100 bytes=461312 total=1313108178944
GGML_VK_HOST_COPY #1398200 bytes=2099712 total=1313199762944
GGML_VK_HOST_COPY #1398300 bytes=525312 total=1313294802944
GGML_VK_HOST_COPY #1398400 bytes=461312 total=1313387372544
GGML_VK_HOST_COPY #1398500 bytes=717312 total=1313474770944
GGML_VK_HOST_COPY #1398600 bytes=717312 total=1313541842944
GGML_VK_HOST_COPY #1398700 bytes=717312 total=1313609989632
GGML_VK_HOST_COPY #1398800 bytes=461312 total=1313685509120
GGML_VK_HOST_COPY #1398900 bytes=422912 total=1313777374208
GGML_VK_HOST_COPY #1399000 bytes=845312 total=1313865707008
GGML_VK_HOST_COPY #1399100 bytes=422912 total=1313953616896
GGML_VK_HOST_COPY #1399200 bytes=2765312 total=1314048438784
GGML_VK_HOST_COPY #1399300 bytes=422912 total=1314146755072
GGML_VK_HOST_COPY #1399400 bytes=845312 total=1314226217472
GGML_VK_HOST_COPY #1399500 bytes=422912 total=1314306947072
GGML_VK_HOST_COPY #1399600 bytes=922112 total=1314391247872
GGML_VK_HOST_COPY #1399700 bytes=422912 total=1314488335872
GGML_VK_HOST_COPY #1399800 bytes=1267712 total=1314601589760
GGML_VK_HOST_COPY #1399900 bytes=1843712 total=1314711195648
GGML_VK_HOST_COPY #1400000 bytes=461312 total=1314825064448
GGML_VK_HOST_COPY #1400100 bytes=525312 total=1314961716736
GGML_VK_HOST_COPY #1400200 bytes=2624512 total=1315112909824
GGML_VK_HOST_COPY #1400300 bytes=2765312 total=1315248410112
GGML_VK_HOST_COPY #1400400 bytes=358912 total=1315358336000
GGML_VK_HOST_COPY #1400500 bytes=717312 total=1315439744000
GGML_VK_HOST_COPY #1400600 bytes=717312 total=1315520793600
GGML_VK_HOST_COPY #1400700 bytes=1382912 total=1315614438400
GGML_VK_HOST_COPY #1400800 bytes=422912 total=1315723315200
GGML_VK_HOST_COPY #1400900 bytes=422912 total=1315834457088
GGML_VK_HOST_COPY #1401000 bytes=422912 total=1315935884288
GGML_VK_HOST_COPY #1401100 bytes=461312 total=1316047026176
GGML_VK_HOST_COPY #1401200 bytes=525312 total=1316180452864
GGML_VK_HOST_COPY #1401300 bytes=525312 total=1316354737664
GGML_VK_HOST_COPY #1401400 bytes=461312 total=1316516683264
GGML_SCHED_UPLOAD_STATS layers=48 copies=6021 bytes=5769420800 branch_ms=54.13 id_ms=49.05 wait_ms=1177.80
GGML_VK_HOST_COPY #1401500 bytes=1050112 total=1316661727232
GGML_VK_HOST_COPY #1401600 bytes=1050112 total=1316756766720
GGML_VK_HOST_COPY #1401700 bytes=2624512 total=1316854955520
GGML_VK_HOST_COPY #1401800 bytes=922112 total=1316938052608
GGML_VK_HOST_COPY #1401900 bytes=845312 total=1317023371264
GGML_VK_HOST_COPY #1402000 bytes=845312 total=1317102833664
GGML_VK_HOST_COPY #1402100 bytes=845312 total=1317179761664
GGML_VK_HOST_COPY #1402200 bytes=461312 total=1317266904064
GGML_VK_HOST_COPY #1402300 bytes=4723712 total=1317352024064
GGML_VK_HOST_COPY #1402400 bytes=525312 total=1317438666752
GGML_VK_HOST_COPY #1402500 bytes=922112 total=1317528483840
GGML_VK_HOST_COPY #1402600 bytes=461312 total=1317603184640
GGML_VK_HOST_COPY #1402700 bytes=525312 total=1317688828928
GGML_VK_HOST_COPY #1402800 bytes=1050112 total=1317764976128
GGML_VK_HOST_COPY #1402900 bytes=461312 total=1317846384128
GGML_VK_HOST_COPY #1403000 bytes=922112 total=1317920163328
GGML_VK_HOST_COPY #1403100 bytes=1267712 total=1317989142528
GGML_VK_HOST_COPY #1403200 bytes=422912 total=1318066915328
GGML_VK_HOST_COPY #1403300 bytes=461312 total=1318148720128
GGML_VK_HOST_COPY #1403400 bytes=525312 total=1318227798528
GGML_VK_HOST_COPY #1403500 bytes=525312 total=1318319164928
GGML_VK_HOST_COPY #1403600 bytes=525312 total=1318415779328
GGML_VK_HOST_COPY #1403700 bytes=922112 total=1318498876928
GGML_VK_HOST_COPY #1403800 bytes=1574912 total=1318596886528
GGML_VK_HOST_COPY #1403900 bytes=525312 total=1318689827328
GGML_VK_HOST_COPY #1404000 bytes=525312 total=1318785392128
GGML_VK_HOST_COPY #1404100 bytes=461312 total=1318870998528
GGML_VK_HOST_COPY #1404200 bytes=525312 total=1318958140928
GGML_VK_HOST_COPY #1404300 bytes=1050112 total=1319057904128
GGML_VK_HOST_COPY #1404400 bytes=461312 total=1319162428928
GGML_VK_HOST_COPY #1404500 bytes=922112 total=1319246345728
GGML_VK_HOST_COPY #1404600 bytes=358912 total=1319318486528
GGML_VK_HOST_COPY #1404700 bytes=717312 total=1319387350016
GGML_VK_HOST_COPY #1404800 bytes=461312 total=1319464610304
GGML_VK_HOST_COPY #1404900 bytes=422912 total=1319557473792
GGML_VK_HOST_COPY #1405000 bytes=422912 total=1319649608192
GGML_VK_HOST_COPY #1405100 bytes=422912 total=1319736250880
GGML_VK_HOST_COPY #1405200 bytes=1382912 total=1319832839168
GGML_VK_HOST_COPY #1405300 bytes=1690112 total=1319936685056
GGML_VK_HOST_COPY #1405400 bytes=1267712 total=1320015302656
GGML_VK_HOST_COPY #1405500 bytes=1267712 total=1320091385856
GGML_VK_HOST_COPY #1405600 bytes=922112 total=1320179872256
GGML_VK_HOST_COPY #1405700 bytes=422912 total=1320271046656
GGML_VK_HOST_COPY #1405800 bytes=845312 total=1320382188544
GGML_VK_HOST_COPY #1405900 bytes=2112512 total=1320487839744
GGML_VK_HOST_COPY #1406000 bytes=461312 total=1320605240832
GGML_VK_HOST_COPY #1406100 bytes=3674112 total=1320728453120
GGML_VK_HOST_COPY #1406200 bytes=525312 total=1320867051008
GGML_VK_HOST_COPY #1406300 bytes=461312 total=1321001604096
GGML_VK_HOST_COPY #1406400 bytes=358912 total=1321126582784
GGML_VK_HOST_COPY #1406500 bytes=1075712 total=1321210499584
GGML_VK_HOST_COPY #1406600 bytes=358912 total=1321290473472
GGML_VK_HOST_COPY #1406700 bytes=461312 total=1321381506560
GGML_VK_HOST_COPY #1406800 bytes=2112512 total=1321500366848
GGML_VK_HOST_COPY #1406900 bytes=1267712 total=1321610664448
GGML_VK_HOST_COPY #1407000 bytes=1267712 total=1321724340736
GGML_VK_HOST_COPY #1407100 bytes=1843712 total=1321853261824
GGML_VK_HOST_COPY #1407200 bytes=5248512 total=1321985318912
GGML_VK_HOST_COPY #1407300 bytes=525312 total=1322131789312
GGML_VK_HOST_COPY #1407400 bytes=461312 total=1322283827712
GGML_VK_HOST_COPY #1407500 bytes=922112 total=1322419354112
GGML_SCHED_UPLOAD_STATS layers=48 copies=6042 bytes=5793545216 branch_ms=54.72 id_ms=49.51 wait_ms=1168.92
GGML_VK_HOST_COPY #1407600 bytes=525312 total=1322520366080
GGML_VK_HOST_COPY #1407700 bytes=525312 total=1322613306368
GGML_VK_HOST_COPY #1407800 bytes=461312 total=1322706118656
GGML_VK_HOST_COPY #1407900 bytes=922112 total=1322791417856
GGML_VK_HOST_COPY #1408000 bytes=422912 total=1322873050112
GGML_VK_HOST_COPY #1408100 bytes=845312 total=1322950400512
GGML_VK_HOST_COPY #1408200 bytes=461312 total=1323029901312
GGML_VK_HOST_COPY #1408300 bytes=525312 total=1323117722112
GGML_VK_HOST_COPY #1408400 bytes=1574912 total=1323204365312
GGML_VK_HOST_COPY #1408500 bytes=525312 total=1323293107200
GGML_VK_HOST_COPY #1408600 bytes=461312 total=1323374476288
GGML_VK_HOST_COPY #1408700 bytes=1574912 total=1323454002176
GGML_VK_HOST_COPY #1408800 bytes=525312 total=1323536446976
GGML_VK_HOST_COPY #1408900 bytes=2099712 total=1323621515776
GGML_VK_HOST_COPY #1409000 bytes=461312 total=1323691915776
GGML_VK_HOST_COPY #1409100 bytes=422912 total=1323766539776
GGML_VK_HOST_COPY #1409200 bytes=1267712 total=1323840088576
GGML_VK_HOST_COPY #1409300 bytes=422912 total=1323915749376
GGML_VK_HOST_COPY #1409400 bytes=461312 total=1323998398976
GGML_VK_HOST_COPY #1409500 bytes=1050112 total=1324086962176
GGML_VK_HOST_COPY #1409600 bytes=525312 total=1324180427776
GGML_VK_HOST_COPY #1409700 bytes=461312 total=1324275365376
GGML_VK_HOST_COPY #1409800 bytes=525312 total=1324361470976
GGML_VK_HOST_COPY #1409900 bytes=525312 total=1324461234176
GGML_VK_HOST_COPY #1410000 bytes=525312 total=1324557848576
GGML_VK_HOST_COPY #1410100 bytes=461312 total=1324648613376
GGML_VK_HOST_COPY #1410200 bytes=525312 total=1324728101376
GGML_VK_HOST_COPY #1410300 bytes=525312 total=1324832062976
GGML_VK_HOST_COPY #1410400 bytes=525312 total=1324923954176
GGML_VK_HOST_COPY #1410500 bytes=461312 total=1325012056576
GGML_VK_HOST_COPY #1410600 bytes=358912 total=1325089214976
GGML_VK_HOST_COPY #1410700 bytes=358912 total=1325160945664
GGML_VK_HOST_COPY #1410800 bytes=461312 total=1325234980352
GGML_VK_HOST_COPY #1410900 bytes=1843712 total=1325323505152
GGML_VK_HOST_COPY #1411000 bytes=845312 total=1325409763840
GGML_VK_HOST_COPY #1411100 bytes=422912 total=1325500208128
GGML_VK_HOST_COPY #1411200 bytes=922112 total=1325593762816
GGML_VK_HOST_COPY #1411300 bytes=1382912 total=1325692886016
GGML_VK_HOST_COPY #1411400 bytes=2957312 total=1325774920704
GGML_VK_HOST_COPY #1411500 bytes=845312 total=1325853538304
GGML_VK_HOST_COPY #1411600 bytes=922112 total=1325938645504
GGML_VK_HOST_COPY #1411700 bytes=922112 total=1326023944704
GGML_VK_HOST_COPY #1411800 bytes=845312 total=1326132015104
GGML_VK_HOST_COPY #1411900 bytes=422912 total=1326238510592
GGML_VK_HOST_COPY #1412000 bytes=1382912 total=1326348654080
GGML_VK_HOST_COPY #1412100 bytes=525312 total=1326478048768
GGML_VK_HOST_COPY #1412200 bytes=1050112 total=1326619795456
GGML_VK_HOST_COPY #1412300 bytes=922112 total=1326761938944
GGML_VK_HOST_COPY #1412400 bytes=461312 total=1326884562944
GGML_VK_HOST_COPY #1412500 bytes=358912 total=1326970066432
GGML_VK_HOST_COPY #1412600 bytes=717312 total=1327057208320
GGML_VK_HOST_COPY #1412700 bytes=922112 total=1327150238208
GGML_VK_HOST_COPY #1412800 bytes=2765312 total=1327258116608
GGML_VK_HOST_COPY #1412900 bytes=845312 total=1327363767296
GGML_VK_HOST_COPY #1413000 bytes=422912 total=1327476599296
GGML_VK_HOST_COPY #1413100 bytes=461312 total=1327591120896
GGML_VK_HOST_COPY #1413200 bytes=525312 total=1327716112896
GGML_VK_HOST_COPY #1413300 bytes=525312 total=1327875703296
GGML_VK_HOST_COPY #1413400 bytes=3149312 total=1328019549696
GGML_VK_HOST_COPY #1413500 bytes=1843712 total=1328150608896
GGML_SCHED_UPLOAD_STATS layers=48 copies=6030 bytes=5779767808 branch_ms=54.32 id_ms=49.25 wait_ms=1172.46
12.04.033.936 I slot print_timing: id  0 | task 8 | prompt processing, n_tokens = 112640, progress = 0.88, t = 640.15 s / 175.96 tokens per second
GGML_VK_HOST_COPY #1413600 bytes=525312 total=1328279115264
GGML_VK_HOST_COPY #1413700 bytes=525312 total=1328373105152
GGML_VK_HOST_COPY #1413800 bytes=1050112 total=1328471818752
GGML_VK_HOST_COPY #1413900 bytes=1382912 total=1328551703040
GGML_VK_HOST_COPY #1414000 bytes=422912 total=1328635408896
GGML_VK_HOST_COPY #1414100 bytes=422912 total=1328714871296
GGML_VK_HOST_COPY #1414200 bytes=461312 total=1328794794496
GGML_VK_HOST_COPY #1414300 bytes=461312 total=1328878711296
GGML_VK_HOST_COPY #1414400 bytes=2099712 total=1328967837696
GGML_VK_HOST_COPY #1414500 bytes=525312 total=1329051856384
GGML_VK_HOST_COPY #1414600 bytes=922112 total=1329139369472
GGML_VK_HOST_COPY #1414700 bytes=1574912 total=1329220098560
GGML_VK_HOST_COPY #1414800 bytes=525312 total=1329304117760
GGML_VK_HOST_COPY #1414900 bytes=1050112 total=1329384463360
GGML_VK_HOST_COPY #1415000 bytes=1843712 total=1329460751360
GGML_VK_HOST_COPY #1415100 bytes=2304512 total=1329534069760
GGML_VK_HOST_COPY #1415200 bytes=1267712 total=1329608002560
GGML_VK_HOST_COPY #1415300 bytes=422912 total=1329684508160
GGML_VK_HOST_COPY #1415400 bytes=461312 total=1329763087360
GGML_VK_HOST_COPY #1415500 bytes=525312 total=1329852405760
GGML_VK_HOST_COPY #1415600 bytes=1050112 total=1329949020160
GGML_VK_HOST_COPY #1415700 bytes=461312 total=1330042690560
GGML_VK_HOST_COPY #1415800 bytes=461312 total=1330126607360
GGML_VK_HOST_COPY #1415900 bytes=525312 total=1330225167360
GGML_VK_HOST_COPY #1416000 bytes=525312 total=1330321256960
GGML_VK_HOST_COPY #1416100 bytes=922112 total=1330411202560
GGML_VK_HOST_COPY #1416200 bytes=461312 total=1330494197760
GGML_VK_HOST_COPY #1416300 bytes=1574912 total=1330587663360
GGML_VK_HOST_COPY #1416400 bytes=525312 total=1330684802560
GGML_VK_HOST_COPY #1416500 bytes=461312 total=1330773928960
GGML_VK_HOST_COPY #1416600 bytes=358912 total=1330861736960
GGML_VK_HOST_COPY #1416700 bytes=358912 total=1330934901248
GGML_VK_HOST_COPY #1416800 bytes=717312 total=1331003765248
GGML_VK_HOST_COPY #1416900 bytes=1382912 total=1331090087936
GGML_VK_HOST_COPY #1417000 bytes=422912 total=1331176346624
GGML_VK_HOST_COPY #1417100 bytes=845312 total=1331269325312
GGML_VK_HOST_COPY #1417200 bytes=422912 total=1331359347712
GGML_VK_HOST_COPY #1417300 bytes=461312 total=1331456934400
GGML_VK_HOST_COPY #1417400 bytes=845312 total=1331544997888
GGML_VK_HOST_COPY #1417500 bytes=422912 total=1331631218688
GGML_VK_HOST_COPY #1417600 bytes=422912 total=1331710681088
GGML_VK_HOST_COPY #1417700 bytes=922112 total=1331798284288
GGML_VK_HOST_COPY #1417800 bytes=845312 total=1331903705088
GGML_VK_HOST_COPY #1417900 bytes=422912 total=1332010200576
GGML_VK_HOST_COPY #1418000 bytes=922112 total=1332130059264
GGML_VK_HOST_COPY #1418100 bytes=525312 total=1332260234752
GGML_VK_HOST_COPY #1418200 bytes=1050112 total=1332405655040
GGML_VK_HOST_COPY #1418300 bytes=1574912 total=1332554224640
GGML_VK_HOST_COPY #1418400 bytes=922112 total=1332682275328
GGML_VK_HOST_COPY #1418500 bytes=717312 total=1332771772416
GGML_VK_HOST_COPY #1418600 bytes=358912 total=1332855689216
GGML_VK_HOST_COPY #1418700 bytes=922112 total=1332945545216
GGML_VK_HOST_COPY #1418800 bytes=461312 total=1333049276416
GGML_VK_HOST_COPY #1418900 bytes=845312 total=1333166754816
GGML_VK_HOST_COPY #1419000 bytes=422912 total=1333283388416
GGML_VK_HOST_COPY #1419100 bytes=1382912 total=1333406012416
GGML_VK_HOST_COPY #1419200 bytes=525312 total=1333523951616
GGML_VK_HOST_COPY #1419300 bytes=525312 total=1333687740416
GGML_VK_HOST_COPY #1419400 bytes=1050112 total=1333852054016
GGML_VK_HOST_COPY #1419500 bytes=2765312 total=1333986441216
GGML_SCHED_UPLOAD_STATS layers=48 copies=5979 bytes=5791698432 branch_ms=54.30 id_ms=49.17 wait_ms=1174.49
GGML_VK_HOST_COPY #1419600 bytes=525312 total=1334098627584
GGML_VK_HOST_COPY #1419700 bytes=1574912 total=1334194716672
GGML_VK_HOST_COPY #1419800 bytes=461312 total=1334286568960
GGML_VK_HOST_COPY #1419900 bytes=1382912 total=1334375093760
GGML_VK_HOST_COPY #1420000 bytes=1690112 total=1334454921216
GGML_VK_HOST_COPY #1420100 bytes=2112512 total=1334531426816
GGML_VK_HOST_COPY #1420200 bytes=461312 total=1334613577216
GGML_VK_HOST_COPY #1420300 bytes=525312 total=1334700182016
GGML_VK_HOST_COPY #1420400 bytes=1050112 total=1334784726016
GGML_VK_HOST_COPY #1420500 bytes=525312 total=1334873992704
GGML_VK_HOST_COPY #1420600 bytes=461312 total=1334955848192
GGML_VK_HOST_COPY #1420700 bytes=1050112 total=1335035937280
GGML_VK_HOST_COPY #1420800 bytes=525312 total=1335117857280
GGML_VK_HOST_COPY #1420900 bytes=525312 total=1335202926080
GGML_VK_HOST_COPY #1421000 bytes=461312 total=1335276974080
GGML_VK_HOST_COPY #1421100 bytes=1267712 total=1335346298880
GGML_VK_HOST_COPY #1421200 bytes=845312 total=1335421537280
GGML_VK_HOST_COPY #1421300 bytes=422912 total=1335498042880
GGML_VK_HOST_COPY #1421400 bytes=461312 total=1335579310080
GGML_VK_HOST_COPY #1421500 bytes=525312 total=1335665223680
GGML_VK_HOST_COPY #1421600 bytes=525312 total=1335764986880
GGML_VK_HOST_COPY #1421700 bytes=922112 total=1335859169280
GGML_VK_HOST_COPY #1421800 bytes=1574912 total=1335944391680
GGML_VK_HOST_COPY #1421900 bytes=1050112 total=1336046254080
GGML_VK_HOST_COPY #1422000 bytes=1050112 total=1336143918080
GGML_VK_HOST_COPY #1422100 bytes=461312 total=1336236820480
GGML_VK_HOST_COPY #1422200 bytes=525312 total=1336317716480
GGML_VK_HOST_COPY #1422300 bytes=1574912 total=1336417479680
GGML_VK_HOST_COPY #1422400 bytes=525312 total=1336514094080
GGML_VK_HOST_COPY #1422500 bytes=922112 total=1336603207680
GGML_VK_HOST_COPY #1422600 bytes=1792512 total=1336686561280
GGML_VK_HOST_COPY #1422700 bytes=358912 total=1336761517568
GGML_VK_HOST_COPY #1422800 bytes=717312 total=1336836474368
GGML_VK_HOST_COPY #1422900 bytes=1382912 total=1336926688256
GGML_VK_HOST_COPY #1423000 bytes=1690112 total=1337021740544
GGML_VK_HOST_COPY #1423100 bytes=845312 total=1337117253632
GGML_VK_HOST_COPY #1423200 bytes=1382912 total=1337207006720
GGML_VK_HOST_COPY #1423300 bytes=922112 total=1337306590720
GGML_VK_HOST_COPY #1423400 bytes=1267712 total=1337385899008
GGML_VK_HOST_COPY #1423500 bytes=845312 total=1337472542208
GGML_VK_HOST_COPY #1423600 bytes=1382912 total=1337557342208
GGML_VK_HOST_COPY #1423700 bytes=461312 total=1337641719808
GGML_VK_HOST_COPY #1423800 bytes=422912 total=1337748100608
GGML_VK_HOST_COPY #1423900 bytes=1267712 total=1337857130496
GGML_VK_HOST_COPY #1424000 bytes=461312 total=1337970576384
GGML_VK_HOST_COPY #1424100 bytes=525312 total=1338093366272
GGML_VK_HOST_COPY #1424200 bytes=525312 total=1338241410560
GGML_VK_HOST_COPY #1424300 bytes=525312 total=1338394178560
GGML_VK_HOST_COPY #1424400 bytes=2765312 total=1338517979648
GGML_VK_HOST_COPY #1424500 bytes=717312 total=1338605326336
GGML_VK_HOST_COPY #1424600 bytes=1792512 total=1338689959424
GGML_VK_HOST_COPY #1424700 bytes=1382912 total=1338771110912
GGML_VK_HOST_COPY #1424800 bytes=1382912 total=1338871616512
GGML_VK_HOST_COPY #1424900 bytes=422912 total=1338988249600
GGML_VK_HOST_COPY #1425000 bytes=845312 total=1339111641600
GGML_VK_HOST_COPY #1425100 bytes=922112 total=1339234188800
GGML_VK_HOST_COPY #1425200 bytes=525312 total=1339364774400
GGML_VK_HOST_COPY #1425300 bytes=2099712 total=1339523315200
GGML_VK_HOST_COPY #1425400 bytes=525312 total=1339663488000
GGML_VK_HOST_COPY #1425500 bytes=1382912 total=1339794137600
GGML_SCHED_UPLOAD_STATS layers=48 copies=6024 bytes=5835470336 branch_ms=85.42 id_ms=49.32 wait_ms=1172.57
GGML_VK_HOST_COPY #1425600 bytes=525312 total=1339919904768
GGML_VK_HOST_COPY #1425700 bytes=4198912 total=1340014419456
GGML_VK_HOST_COPY #1425800 bytes=525312 total=1340112608256
GGML_VK_HOST_COPY #1425900 bytes=461312 total=1340193260544
GGML_VK_HOST_COPY #1426000 bytes=422912 total=1340275699200
GGML_VK_HOST_COPY #1426100 bytes=845312 total=1340357273600
GGML_VK_HOST_COPY #1426200 bytes=422912 total=1340435891200
GGML_VK_HOST_COPY #1426300 bytes=461312 total=1340518886400
GGML_VK_HOST_COPY #1426400 bytes=525312 total=1340607641600
GGML_VK_HOST_COPY #1426500 bytes=1050112 total=1340694809088
GGML_VK_HOST_COPY #1426600 bytes=461312 total=1340780466176
GGML_VK_HOST_COPY #1426700 bytes=525312 total=1340860952064
GGML_VK_HOST_COPY #1426800 bytes=525312 total=1340946545664
GGML_VK_HOST_COPY #1426900 bytes=1574912 total=1341025316864
GGML_VK_HOST_COPY #1427000 bytes=461312 total=1341101131264
GGML_VK_HOST_COPY #1427100 bytes=461312 total=1341173988864
GGML_VK_HOST_COPY #1427200 bytes=422912 total=1341249496064
GGML_VK_HOST_COPY #1427300 bytes=1267712 total=1341326424064
GGML_VK_HOST_COPY #1427400 bytes=922112 total=1341405694464
GGML_VK_HOST_COPY #1427500 bytes=525312 total=1341492593664
GGML_VK_HOST_COPY #1427600 bytes=1050112 total=1341587108864
GGML_VK_HOST_COPY #1427700 bytes=525312 total=1341682673664
GGML_VK_HOST_COPY #1427800 bytes=461312 total=1341764990464
GGML_VK_HOST_COPY #1427900 bytes=1050112 total=1341864638464
GGML_VK_HOST_COPY #1428000 bytes=2099712 total=1341962827264
GGML_VK_HOST_COPY #1428100 bytes=461312 total=1342053784064
GGML_VK_HOST_COPY #1428200 bytes=461312 total=1342141848064
GGML_VK_HOST_COPY #1428300 bytes=1050112 total=1342232126464
GGML_VK_HOST_COPY #1428400 bytes=3674112 total=1342335563264
GGML_VK_HOST_COPY #1428500 bytes=1843712 total=1342428542464
GGML_VK_HOST_COPY #1428600 bytes=2150912 total=1342517886464
GGML_VK_HOST_COPY #1428700 bytes=1792512 total=1342591051264
GGML_VK_HOST_COPY #1428800 bytes=358912 total=1342654897152
GGML_VK_HOST_COPY #1428900 bytes=461312 total=1342734359040
GGML_VK_HOST_COPY #1429000 bytes=1267712 total=1342828873728
GGML_VK_HOST_COPY #1429100 bytes=3802112 total=1342921430016
GGML_VK_HOST_COPY #1429200 bytes=845312 total=1343011874816
GGML_VK_HOST_COPY #1429300 bytes=1382912 total=1343105352704
GGML_VK_HOST_COPY #1429400 bytes=845312 total=1343196680192
GGML_VK_HOST_COPY #1429500 bytes=845312 total=1343282478592
GGML_VK_HOST_COPY #1429600 bytes=1267712 total=1343360251392
GGML_VK_HOST_COPY #1429700 bytes=461312 total=1343447393792
GGML_VK_HOST_COPY #1429800 bytes=845312 total=1343548091392
GGML_VK_HOST_COPY #1429900 bytes=1690112 total=1343649095680
GGML_VK_HOST_COPY #1430000 bytes=461312 total=1343757434368
GGML_VK_HOST_COPY #1430100 bytes=525312 total=1343873593856
GGML_VK_HOST_COPY #1430200 bytes=525312 total=1344015865856
GGML_VK_HOST_COPY #1430300 bytes=2624512 total=1344148166144
GGML_VK_HOST_COPY #1430400 bytes=922112 total=1344274783232
GGML_VK_HOST_COPY #1430500 bytes=717312 total=1344372523520
GGML_VK_HOST_COPY #1430600 bytes=717312 total=1344460740608
GGML_VK_HOST_COPY #1430700 bytes=1075712 total=1344548241408
GGML_VK_HOST_COPY #1430800 bytes=461312 total=1344652586496
GGML_VK_HOST_COPY #1430900 bytes=845312 total=1344773443584
GGML_VK_HOST_COPY #1431000 bytes=2534912 total=1344890921984
GGML_VK_HOST_COPY #1431100 bytes=1843712 total=1345013545984
GGML_VK_HOST_COPY #1431200 bytes=1574912 total=1345145705984
GGML_VK_HOST_COPY #1431300 bytes=525312 total=1345313168384
GGML_VK_HOST_COPY #1431400 bytes=525312 total=1345481155584
GGML_VK_HOST_COPY #1431500 bytes=1382912 total=1345626614784
GGML_SCHED_UPLOAD_STATS layers=48 copies=5967 bytes=5770365952 branch_ms=54.55 id_ms=49.41 wait_ms=1169.80
GGML_VK_HOST_COPY #1431600 bytes=525312 total=1345730161152
GGML_VK_HOST_COPY #1431700 bytes=525312 total=1345826775040
GGML_VK_HOST_COPY #1431800 bytes=922112 total=1345917193728
GGML_VK_HOST_COPY #1431900 bytes=461312 total=1346007100928
GGML_VK_HOST_COPY #1432000 bytes=422912 total=1346085776384
GGML_VK_HOST_COPY #1432100 bytes=422912 total=1346161437184
GGML_VK_HOST_COPY #1432200 bytes=461312 total=1346241513984
GGML_VK_HOST_COPY #1432300 bytes=525312 total=1346328246784
GGML_VK_HOST_COPY #1432400 bytes=525312 total=1346413315584
GGML_VK_HOST_COPY #1432500 bytes=1050112 total=1346502582272
GGML_VK_HOST_COPY #1432600 bytes=461312 total=1346583784960
GGML_VK_HOST_COPY #1432700 bytes=2099712 total=1346665051648
GGML_VK_HOST_COPY #1432800 bytes=525312 total=1346745397248
GGML_VK_HOST_COPY #1432900 bytes=525312 total=1346830466048
GGML_VK_HOST_COPY #1433000 bytes=461312 total=1346903861248
GGML_VK_HOST_COPY #1433100 bytes=1267712 total=1346973493248
GGML_VK_HOST_COPY #1433200 bytes=845312 total=1347048731648
GGML_VK_HOST_COPY #1433300 bytes=422912 total=1347126504448
GGML_VK_HOST_COPY #1433400 bytes=1843712 total=1347211726848
GGML_VK_HOST_COPY #1433500 bytes=1574912 total=1347299125248
GGML_VK_HOST_COPY #1433600 bytes=525312 total=1347394165248
GGML_VK_HOST_COPY #1433700 bytes=461312 total=1347487438848
GGML_VK_HOST_COPY #1433800 bytes=1050112 total=1347574619648
GGML_VK_HOST_COPY #1433900 bytes=1050112 total=1347673858048
GGML_VK_HOST_COPY #1434000 bytes=525312 total=1347769947648
GGML_VK_HOST_COPY #1434100 bytes=461312 total=1347862786048
GGML_VK_HOST_COPY #1434200 bytes=525312 total=1347943746048
GGML_VK_HOST_COPY #1434300 bytes=2624512 total=1348042459648
GGML_VK_HOST_COPY #1434400 bytes=1050112 total=1348139598848
GGML_VK_HOST_COPY #1434500 bytes=461312 total=1348230478848
GGML_VK_HOST_COPY #1434600 bytes=717312 total=1348311221248
GGML_VK_HOST_COPY #1434700 bytes=358912 total=1348383668736
GGML_VK_HOST_COPY #1434800 bytes=717312 total=1348452891136
GGML_VK_HOST_COPY #1434900 bytes=2304512 total=1348538906624
GGML_VK_HOST_COPY #1435000 bytes=1267712 total=1348630886912
GGML_VK_HOST_COPY #1435100 bytes=422912 total=1348719219200
GGML_VK_HOST_COPY #1435200 bytes=922112 total=1348813618688
GGML_VK_HOST_COPY #1435300 bytes=1382912 total=1348909516288
GGML_VK_HOST_COPY #1435400 bytes=845312 total=1348995698176
GGML_VK_HOST_COPY #1435500 bytes=845312 total=1349083186176
GGML_VK_HOST_COPY #1435600 bytes=461312 total=1349166872576
GGML_VK_HOST_COPY #1435700 bytes=461312 total=1349255858176
GGML_VK_HOST_COPY #1435800 bytes=845312 total=1349359090176
GGML_VK_HOST_COPY #1435900 bytes=4224512 total=1349467697664
GGML_VK_HOST_COPY #1436000 bytes=1382912 total=1349577725952
GGML_VK_HOST_COPY #1436100 bytes=4198912 total=1349706160640
GGML_VK_HOST_COPY #1436200 bytes=2099712 total=1349853155328
GGML_VK_HOST_COPY #1436300 bytes=525312 total=1350006972928
GGML_VK_HOST_COPY #1436400 bytes=2765312 total=1350131631616
GGML_VK_HOST_COPY #1436500 bytes=1434112 total=1350221947904
GGML_VK_HOST_COPY #1436600 bytes=1434112 total=1350309806592
GGML_VK_HOST_COPY #1436700 bytes=2304512 total=1350405242880
GGML_VK_HOST_COPY #1436800 bytes=461312 total=1350517268480
GGML_VK_HOST_COPY #1436900 bytes=1690112 total=1350632480768
GGML_VK_HOST_COPY #1437000 bytes=422912 total=1350752915968
GGML_VK_HOST_COPY #1437100 bytes=1843712 total=1350874771968
GGML_VK_HOST_COPY #1437200 bytes=525312 total=1350995168768
GGML_VK_HOST_COPY #1437300 bytes=1050112 total=1351154234368
GGML_VK_HOST_COPY #1437400 bytes=525312 total=1351311200768
GGML_VK_HOST_COPY #1437500 bytes=3686912 total=1351445344768
GGML_SCHED_UPLOAD_STATS layers=48 copies=6003 bytes=5813776384 branch_ms=54.26 id_ms=49.16 wait_ms=1171.63
12.18.390.817 I slot print_timing: id  0 | task 8 | prompt processing, n_tokens = 114688, progress = 0.90, t = 654.50 s / 175.23 tokens per second
GGML_VK_HOST_COPY #1437600 bytes=525312 total=1351550222336
GGML_VK_HOST_COPY #1437700 bytes=1574912 total=1351645786624
GGML_VK_HOST_COPY #1437800 bytes=461312 total=1351737178112
GGML_VK_HOST_COPY #1437900 bytes=1382912 total=1351826624512
GGML_VK_HOST_COPY #1438000 bytes=422912 total=1351903879168
GGML_VK_HOST_COPY #1438100 bytes=422912 total=1351978695168
GGML_VK_HOST_COPY #1438200 bytes=922112 total=1352061037568
GGML_VK_HOST_COPY #1438300 bytes=461312 total=1352146797568
GGML_VK_HOST_COPY #1438400 bytes=525312 total=1352232915968
GGML_VK_HOST_COPY #1438500 bytes=525312 total=1352322182656
GGML_VK_HOST_COPY #1438600 bytes=922112 total=1352405279744
GGML_VK_HOST_COPY #1438700 bytes=525312 total=1352485112832
GGML_VK_HOST_COPY #1438800 bytes=1050112 total=1352567557632
GGML_VK_HOST_COPY #1438900 bytes=1574912 total=1352652626432
GGML_VK_HOST_COPY #1439000 bytes=461312 total=1352725023232
GGML_VK_HOST_COPY #1439100 bytes=1267712 total=1352794616832
GGML_VK_HOST_COPY #1439200 bytes=422912 total=1352869432832
GGML_VK_HOST_COPY #1439300 bytes=422912 total=1352945093632
GGML_VK_HOST_COPY #1439400 bytes=922112 total=1353026130432
GGML_VK_HOST_COPY #1439500 bytes=525312 total=1353112312832
GGML_VK_HOST_COPY #1439600 bytes=525312 total=1353211551232
GGML_VK_HOST_COPY #1439700 bytes=461312 total=1353305605632
GGML_VK_HOST_COPY #1439800 bytes=1050112 total=1353391148032
GGML_VK_HOST_COPY #1439900 bytes=1050112 total=1353492485632
GGML_VK_HOST_COPY #1440000 bytes=1050112 total=1353591199232
GGML_VK_HOST_COPY #1440100 bytes=1382912 total=1353684178432
GGML_VK_HOST_COPY #1440200 bytes=1050112 total=1353764997632
GGML_VK_HOST_COPY #1440300 bytes=1050112 total=1353864760832
GGML_VK_HOST_COPY #1440400 bytes=2099712 total=1353958226432
GGML_VK_HOST_COPY #1440500 bytes=461312 total=1354048799232
GGML_VK_HOST_COPY #1440600 bytes=1434112 total=1354129029632
GGML_VK_HOST_COPY #1440700 bytes=1075712 total=1354199685120
GGML_VK_HOST_COPY #1440800 bytes=717312 total=1354274283520
GGML_VK_HOST_COPY #1440900 bytes=461312 total=1354362398208
GGML_VK_HOST_COPY #1441000 bytes=422912 total=1354454032896
GGML_VK_HOST_COPY #1441100 bytes=1267712 total=1354550390784
GGML_VK_HOST_COPY #1441200 bytes=922112 total=1354646479872
GGML_VK_HOST_COPY #1441300 bytes=1382912 total=1354747907072
GGML_VK_HOST_COPY #1441400 bytes=845312 total=1354828712960
GGML_VK_HOST_COPY #1441500 bytes=845312 total=1354909864960
GGML_VK_HOST_COPY #1441600 bytes=461312 total=1354995048960
GGML_VK_HOST_COPY #1441700 bytes=461312 total=1355079887360
GGML_VK_HOST_COPY #1441800 bytes=422912 total=1355190876160
GGML_VK_HOST_COPY #1441900 bytes=422912 total=1355298216448
GGML_VK_HOST_COPY #1442000 bytes=461312 total=1355410587136
GGML_VK_HOST_COPY #1442100 bytes=1574912 total=1355542977024
GGML_VK_HOST_COPY #1442200 bytes=1050112 total=1355684723712
GGML_VK_HOST_COPY #1442300 bytes=922112 total=1355827865600
GGML_VK_HOST_COPY #1442400 bytes=461312 total=1355958323200
GGML_VK_HOST_COPY #1442500 bytes=2150912 total=1356044645888
GGML_VK_HOST_COPY #1442600 bytes=1434112 total=1356122469888
GGML_VK_HOST_COPY #1442700 bytes=922112 total=1356205874688
GGML_VK_HOST_COPY #1442800 bytes=922112 total=1356309145088
GGML_VK_HOST_COPY #1442900 bytes=1690112 total=1356419980288
GGML_VK_HOST_COPY #1443000 bytes=845312 total=1356532389888
GGML_VK_HOST_COPY #1443100 bytes=461312 total=1356645913088
GGML_VK_HOST_COPY #1443200 bytes=1574912 total=1356763365888
GGML_VK_HOST_COPY #1443300 bytes=525312 total=1356920857088
GGML_VK_HOST_COPY #1443400 bytes=1574912 total=1357066802688
GGML_VK_HOST_COPY #1443500 bytes=461312 total=1357195340288
GGML_SCHED_UPLOAD_STATS layers=48 copies=6024 bytes=5787907072 branch_ms=54.55 id_ms=49.47 wait_ms=1166.69
GGML_VK_HOST_COPY #1443600 bytes=525312 total=1357322886656
GGML_VK_HOST_COPY #1443700 bytes=4198912 total=1357416876544
GGML_VK_HOST_COPY #1443800 bytes=525312 total=1357515065344
GGML_VK_HOST_COPY #1443900 bytes=461312 total=1357595256832
GGML_VK_HOST_COPY #1444000 bytes=422912 total=1357676850688
GGML_VK_HOST_COPY #1444100 bytes=422912 total=1357756735488
GGML_VK_HOST_COPY #1444200 bytes=1690112 total=1357835775488
GGML_VK_HOST_COPY #1444300 bytes=461312 total=1357917273088
GGML_VK_HOST_COPY #1444400 bytes=1050112 total=1358006233088
GGML_VK_HOST_COPY #1444500 bytes=525312 total=1358093925376
GGML_VK_HOST_COPY #1444600 bytes=461312 total=1358180363264
GGML_VK_HOST_COPY #1444700 bytes=461312 total=1358260593664
GGML_VK_HOST_COPY #1444800 bytes=525312 total=1358342449152
GGML_VK_HOST_COPY #1444900 bytes=525312 total=1358423319552
GGML_VK_HOST_COPY #1445000 bytes=461312 total=1358499057152
GGML_VK_HOST_COPY #1445100 bytes=1382912 total=1358570071552
GGML_VK_HOST_COPY #1445200 bytes=2957312 total=1358644695552
GGML_VK_HOST_COPY #1445300 bytes=422912 total=1358719089152
GGML_VK_HOST_COPY #1445400 bytes=461312 total=1358802314752
GGML_VK_HOST_COPY #1445500 bytes=525312 total=1358890404352
GGML_VK_HOST_COPY #1445600 bytes=2624512 total=1358988068352
GGML_VK_HOST_COPY #1445700 bytes=1574912 total=1359084157952
GGML_VK_HOST_COPY #1445800 bytes=461312 total=1359165962752
GGML_VK_HOST_COPY #1445900 bytes=1050112 total=1359264676352
GGML_VK_HOST_COPY #1446000 bytes=1050112 total=1359364439552
GGML_VK_HOST_COPY #1446100 bytes=2304512 total=1359455217152
GGML_VK_HOST_COPY #1446200 bytes=461312 total=1359540055552
GGML_VK_HOST_COPY #1446300 bytes=1050112 total=1359630065152
GGML_VK_HOST_COPY #1446400 bytes=525312 total=1359728778752
GGML_VK_HOST_COPY #1446500 bytes=461312 total=1359824701952
GGML_VK_HOST_COPY #1446600 bytes=717312 total=1359912253952
GGML_VK_HOST_COPY #1446700 bytes=717312 total=1359983985152
GGML_VK_HOST_COPY #1446800 bytes=717312 total=1360054999040
GGML_VK_HOST_COPY #1446900 bytes=922112 total=1360136099328
GGML_VK_HOST_COPY #1447000 bytes=1267712 total=1360231458816
GGML_VK_HOST_COPY #1447100 bytes=422912 total=1360325704704
GGML_VK_HOST_COPY #1447200 bytes=845312 total=1360416994304
GGML_VK_HOST_COPY #1447300 bytes=1843712 total=1360512238592
GGML_VK_HOST_COPY #1447400 bytes=422912 total=1360605370880
GGML_VK_HOST_COPY #1447500 bytes=422912 total=1360691169280
GGML_VK_HOST_COPY #1447600 bytes=461312 total=1360773050880
GGML_VK_HOST_COPY #1447700 bytes=1382912 total=1360862036480
GGML_VK_HOST_COPY #1447800 bytes=422912 total=1360961466880
GGML_VK_HOST_COPY #1447900 bytes=1267712 total=1361066695168
GGML_VK_HOST_COPY #1448000 bytes=461312 total=1361178528256
GGML_VK_HOST_COPY #1448100 bytes=1050112 total=1361297862144
GGML_VK_HOST_COPY #1448200 bytes=525312 total=1361447480832
GGML_VK_HOST_COPY #1448300 bytes=525312 total=1361596050432
GGML_VK_HOST_COPY #1448400 bytes=1843712 total=1361720197120
GGML_VK_HOST_COPY #1448500 bytes=717312 total=1361814404608
GGML_VK_HOST_COPY #1448600 bytes=358912 total=1361898321408
GGML_VK_HOST_COPY #1448700 bytes=358912 total=1361979012608
GGML_VK_HOST_COPY #1448800 bytes=461312 total=1362080286208
GGML_VK_HOST_COPY #1448900 bytes=2957312 total=1362193425408
GGML_VK_HOST_COPY #1449000 bytes=845312 total=1362306679808
GGML_VK_HOST_COPY #1449100 bytes=2765312 total=1362430801408
GGML_VK_HOST_COPY #1449200 bytes=922112 total=1362546974208
GGML_VK_HOST_COPY #1449300 bytes=1050112 total=1362687671808
GGML_VK_HOST_COPY #1449400 bytes=1050112 total=1362838865408
GGML_VK_HOST_COPY #1449500 bytes=1382912 total=1362979639808
GGML_SCHED_UPLOAD_STATS layers=48 copies=6018 bytes=5801011200 branch_ms=55.37 id_ms=50.18 wait_ms=1176.30
GGML_VK_HOST_COPY #1449600 bytes=1050112 total=1363116005376
GGML_VK_HOST_COPY #1449700 bytes=525312 total=1363209470464
GGML_VK_HOST_COPY #1449800 bytes=525312 total=1363306084864
GGML_VK_HOST_COPY #1449900 bytes=1382912 total=1363391076352
GGML_VK_HOST_COPY #1450000 bytes=422912 total=1363475243008
GGML_VK_HOST_COPY #1450100 bytes=2112512 total=1363554705408
GGML_VK_HOST_COPY #1450200 bytes=1267712 total=1363629099008
GGML_VK_HOST_COPY #1450300 bytes=3226112 total=1363716779008
GGML_VK_HOST_COPY #1450400 bytes=525312 total=1363797777408
GGML_VK_HOST_COPY #1450500 bytes=525312 total=1363885994496
GGML_VK_HOST_COPY #1450600 bytes=1382912 total=1363977565184
GGML_VK_HOST_COPY #1450700 bytes=461312 total=1364051344384
GGML_VK_HOST_COPY #1450800 bytes=525312 total=1364138191872
GGML_VK_HOST_COPY #1450900 bytes=525312 total=1364213814272
GGML_VK_HOST_COPY #1451000 bytes=525312 total=1364296259072
GGML_VK_HOST_COPY #1451100 bytes=922112 total=1364370499072
GGML_VK_HOST_COPY #1451200 bytes=1267712 total=1364439708672
GGML_VK_HOST_COPY #1451300 bytes=422912 total=1364519171072
GGML_VK_HOST_COPY #1451400 bytes=461312 total=1364601436672
GGML_VK_HOST_COPY #1451500 bytes=1050112 total=1364681692672
GGML_VK_HOST_COPY #1451600 bytes=1574912 total=1364780406272
GGML_VK_HOST_COPY #1451700 bytes=1050112 total=1364873871872
GGML_VK_HOST_COPY #1451800 bytes=461312 total=1364961603072
GGML_VK_HOST_COPY #1451900 bytes=2624512 total=1365058191872
GGML_VK_HOST_COPY #1452000 bytes=2099712 total=1365151657472
GGML_VK_HOST_COPY #1452100 bytes=922112 total=1365244943872
GGML_VK_HOST_COPY #1452200 bytes=461312 total=1365332086272
GGML_VK_HOST_COPY #1452300 bytes=1050112 total=1365415900672
GGML_VK_HOST_COPY #1452400 bytes=525312 total=1365511465472
GGML_VK_HOST_COPY #1452500 bytes=922112 total=1365610691072
GGML_VK_HOST_COPY #1452600 bytes=2304512 total=1365697833472
GGML_VK_HOST_COPY #1452700 bytes=717312 total=1365768745472
GGML_VK_HOST_COPY #1452800 bytes=1434112 total=1365836175360
GGML_VK_HOST_COPY #1452900 bytes=461312 total=1365916456448
GGML_VK_HOST_COPY #1453000 bytes=845312 total=1366009857536
GGML_VK_HOST_COPY #1453100 bytes=845312 total=1366095655936
GGML_VK_HOST_COPY #1453200 bytes=845312 total=1366181453824
GGML_VK_HOST_COPY #1453300 bytes=1382912 total=1366274854912
GGML_VK_HOST_COPY #1453400 bytes=1690112 total=1366370329600
GGML_VK_HOST_COPY #1453500 bytes=422912 total=1366448102400
GGML_VK_HOST_COPY #1453600 bytes=422912 total=1366524185600
GGML_VK_HOST_COPY #1453700 bytes=461312 total=1366606988800
GGML_VK_HOST_COPY #1453800 bytes=845312 total=1366698816000
GGML_VK_HOST_COPY #1453900 bytes=422912 total=1366811225088
GGML_VK_HOST_COPY #1454000 bytes=2112512 total=1366924479488
GGML_VK_HOST_COPY #1454100 bytes=461312 total=1367041496576
GGML_VK_HOST_COPY #1454200 bytes=525312 total=1367176792064
GGML_VK_HOST_COPY #1454300 bytes=3674112 total=1367314865152
GGML_VK_HOST_COPY #1454400 bytes=461312 total=1367448970240
GGML_VK_HOST_COPY #1454500 bytes=1075712 total=1367571235328
GGML_VK_HOST_COPY #1454600 bytes=1434112 total=1367652643328
GGML_VK_HOST_COPY #1454700 bytes=358912 total=1367735126528
GGML_VK_HOST_COPY #1454800 bytes=461312 total=1367831433728
GGML_VK_HOST_COPY #1454900 bytes=1690112 total=1367948912128
GGML_VK_HOST_COPY #1455000 bytes=422912 total=1368064278528
GGML_VK_HOST_COPY #1455100 bytes=422912 total=1368172464128
GGML_VK_HOST_COPY #1455200 bytes=1382912 total=1368299120128
GGML_VK_HOST_COPY #1455300 bytes=2624512 total=1368428553728
GGML_VK_HOST_COPY #1455400 bytes=525312 total=1368593392128
GGML_VK_HOST_COPY #1455500 bytes=461312 total=1368751548928
GGML_SCHED_UPLOAD_STATS layers=48 copies=6012 bytes=5787235328 branch_ms=54.51 id_ms=49.39 wait_ms=1173.58
GGML_VK_HOST_COPY #1455600 bytes=525312 total=1368900599296
GGML_VK_HOST_COPY #1455700 bytes=1050112 total=1368998263296
GGML_VK_HOST_COPY #1455800 bytes=1050112 total=1369088579584
GGML_VK_HOST_COPY #1455900 bytes=1843712 total=1369178191872
GGML_VK_HOST_COPY #1456000 bytes=845312 total=1369261552128
GGML_VK_HOST_COPY #1456100 bytes=1267712 total=1369339747328
GGML_VK_HOST_COPY #1456200 bytes=422912 total=1369417942528
GGML_VK_HOST_COPY #1456300 bytes=1382912 total=1369499747328
GGML_VK_HOST_COPY #1456400 bytes=525312 total=1369583420928
GGML_VK_HOST_COPY #1456500 bytes=1050112 total=1369674786816
GGML_VK_HOST_COPY #1456600 bytes=525312 total=1369760905216
GGML_VK_HOST_COPY #1456700 bytes=922112 total=1369841685504
GGML_VK_HOST_COPY #1456800 bytes=1574912 total=1369924884992
GGML_VK_HOST_COPY #1456900 bytes=525312 total=1370001556992
GGML_VK_HOST_COPY #1457000 bytes=525312 total=1370082427392
GGML_VK_HOST_COPY #1457100 bytes=461312 total=1370156360192
GGML_VK_HOST_COPY #1457200 bytes=1267712 total=1370226683392
GGML_VK_HOST_COPY #1457300 bytes=422912 total=1370305723392
GGML_VK_HOST_COPY #1457400 bytes=1382912 total=1370380616192
GGML_VK_HOST_COPY #1457500 bytes=461312 total=1370463611392
GGML_VK_HOST_COPY #1457600 bytes=525312 total=1370558881792
GGML_VK_HOST_COPY #1457700 bytes=525312 total=1370651297792
GGML_VK_HOST_COPY #1457800 bytes=922112 total=1370741371392
GGML_VK_HOST_COPY #1457900 bytes=2099712 total=1370837652992
GGML_VK_HOST_COPY #1458000 bytes=525312 total=1370929544192
GGML_VK_HOST_COPY #1458100 bytes=525312 total=1371027208192
GGML_VK_HOST_COPY #1458200 bytes=461312 total=1371111726592
GGML_VK_HOST_COPY #1458300 bytes=525312 total=1371192276992
GGML_VK_HOST_COPY #1458400 bytes=525312 total=1371292040192
GGML_VK_HOST_COPY #1458500 bytes=2624512 total=1371388654592
GGML_VK_HOST_COPY #1458600 bytes=1843712 total=1371472993792
GGML_VK_HOST_COPY #1458700 bytes=717312 total=1371549384192
GGML_VK_HOST_COPY #1458800 bytes=1434112 total=1371621114880
GGML_VK_HOST_COPY #1458900 bytes=1382912 total=1371693869568
GGML_VK_HOST_COPY #1459000 bytes=922112 total=1371787923968
GGML_VK_HOST_COPY #1459100 bytes=422912 total=1371872608256
GGML_VK_HOST_COPY #1459200 bytes=1267712 total=1371960518144
GGML_VK_HOST_COPY #1459300 bytes=461312 total=1372053036032
GGML_VK_HOST_COPY #1459400 bytes=461312 total=1372152620032
GGML_VK_HOST_COPY #1459500 bytes=845312 total=1372234424320
GGML_VK_HOST_COPY #1459600 bytes=845312 total=1372315576320
GGML_VK_HOST_COPY #1459700 bytes=461312 total=1372402910720
GGML_VK_HOST_COPY #1459800 bytes=922112 total=1372489131520
GGML_VK_HOST_COPY #1459900 bytes=422912 total=1372600235520
GGML_VK_HOST_COPY #1460000 bytes=422912 total=1372704196608
GGML_VK_HOST_COPY #1460100 bytes=1382912 total=1372815837696
GGML_VK_HOST_COPY #1460200 bytes=1574912 total=1372939625984
GGML_VK_HOST_COPY #1460300 bytes=525312 total=1373081897472
GGML_VK_HOST_COPY #1460400 bytes=1049600 total=1373227842560
GGML_VK_HOST_COPY #1460500 bytes=461312 total=1373350927360
GGML_VK_HOST_COPY #1460600 bytes=717312 total=1373441653248
GGML_VK_HOST_COPY #1460700 bytes=358912 total=1373524853248
GGML_VK_HOST_COPY #1460800 bytes=1382912 total=1373615016448
GGML_VK_HOST_COPY #1460900 bytes=2304512 total=1373722894848
GGML_VK_HOST_COPY #1461000 bytes=1267712 total=1373839682048
GGML_VK_HOST_COPY #1461100 bytes=422912 total=1373960116736
GGML_VK_HOST_COPY #1461200 bytes=922112 total=1374087770624
GGML_VK_HOST_COPY #1461300 bytes=2099712 total=1374216333312
GGML_VK_HOST_COPY #1461400 bytes=525312 total=1374384845312
GGML_VK_HOST_COPY #1461500 bytes=2304512 total=1374555046912
GGML_SCHED_UPLOAD_STATS layers=48 copies=6018 bytes=5814680064 branch_ms=54.65 id_ms=49.44 wait_ms=1184.01
12.32.811.581 I slot print_timing: id  0 | task 8 | prompt processing, n_tokens = 116736, progress = 0.91, t = 668.93 s / 174.51 tokens per second
GGML_VK_HOST_COPY #1461600 bytes=1050112 total=1374707386880
GGML_VK_HOST_COPY #1461700 bytes=2624512 total=1374805575680
GGML_VK_HOST_COPY #1461800 bytes=1050112 total=1374895367168
GGML_VK_HOST_COPY #1461900 bytes=461312 total=1374985043456
GGML_VK_HOST_COPY #1462000 bytes=461312 total=1375071725056
GGML_VK_HOST_COPY #1462100 bytes=422912 total=1375150784512
GGML_VK_HOST_COPY #1462200 bytes=845312 total=1375227712512
GGML_VK_HOST_COPY #1462300 bytes=1382912 total=1375307520512
GGML_VK_HOST_COPY #1462400 bytes=1050112 total=1375394342912
GGML_VK_HOST_COPY #1462500 bytes=1050112 total=1375482560512
GGML_VK_HOST_COPY #1462600 bytes=525312 total=1375570777600
GGML_VK_HOST_COPY #1462700 bytes=461312 total=1375651429888
GGML_VK_HOST_COPY #1462800 bytes=525312 total=1375731019776
GGML_VK_HOST_COPY #1462900 bytes=525312 total=1375812414976
GGML_VK_HOST_COPY #1463000 bytes=1050112 total=1375895909376
GGML_VK_HOST_COPY #1463100 bytes=461312 total=1375967947776
GGML_VK_HOST_COPY #1463200 bytes=2112512 total=1376041342976
GGML_VK_HOST_COPY #1463300 bytes=422912 total=1376116158976
GGML_VK_HOST_COPY #1463400 bytes=422912 total=1376193509376
GGML_VK_HOST_COPY #1463500 bytes=461312 total=1376277502976
GGML_VK_HOST_COPY #1463600 bytes=525312 total=1376366590976
GGML_VK_HOST_COPY #1463700 bytes=1050112 total=1376462680576
GGML_VK_HOST_COPY #1463800 bytes=461312 total=1376558027776
GGML_VK_HOST_COPY #1463900 bytes=1050112 total=1376647461376
GGML_VK_HOST_COPY #1464000 bytes=1574912 total=1376745125376
GGML_VK_HOST_COPY #1464100 bytes=1574912 total=1376841739776
GGML_VK_HOST_COPY #1464200 bytes=2304512 total=1376932325376
GGML_VK_HOST_COPY #1464300 bytes=525312 total=1377012453376
GGML_VK_HOST_COPY #1464400 bytes=2099712 total=1377116939776
GGML_VK_HOST_COPY #1464500 bytes=525312 total=1377211979776
GGML_VK_HOST_COPY #1464600 bytes=461312 total=1377301093376
GGML_VK_HOST_COPY #1464700 bytes=358912 total=1377375640576
GGML_VK_HOST_COPY #1464800 bytes=717312 total=1377446296064
GGML_VK_HOST_COPY #1464900 bytes=358400 total=1377517668352
GGML_VK_HOST_COPY #1465000 bytes=461312 total=1377601585152
GGML_VK_HOST_COPY #1465100 bytes=422912 total=1377691107840
GGML_VK_HOST_COPY #1465200 bytes=422912 total=1377785353728
GGML_VK_HOST_COPY #1465300 bytes=461312 total=1377877065216
GGML_VK_HOST_COPY #1465400 bytes=461312 total=1377973423616
GGML_VK_HOST_COPY #1465500 bytes=1267712 total=1378054306304
GGML_VK_HOST_COPY #1465600 bytes=1267712 total=1378140104704
GGML_VK_HOST_COPY #1465700 bytes=2765312 total=1378226248704
GGML_VK_HOST_COPY #1465800 bytes=461312 total=1378308322304
GGML_VK_HOST_COPY #1465900 bytes=422912 total=1378409019904
GGML_VK_HOST_COPY #1466000 bytes=845312 total=1378509601792
GGML_VK_HOST_COPY #1466100 bytes=922112 total=1378620897280
GGML_VK_HOST_COPY #1466200 bytes=1050112 total=1378737568768
GGML_VK_HOST_COPY #1466300 bytes=1050112 total=1378876691968
GGML_VK_HOST_COPY #1466400 bytes=1574912 total=1379002169856
GGML_VK_HOST_COPY #1466500 bytes=1843712 total=1379123551744
GGML_VK_HOST_COPY #1466600 bytes=358912 total=1379234040832
GGML_VK_HOST_COPY #1466700 bytes=717312 total=1379316881920
GGML_VK_HOST_COPY #1466800 bytes=1075712 total=1379399006720
GGML_VK_HOST_COPY #1466900 bytes=922112 total=1379497822208
GGML_VK_HOST_COPY #1467000 bytes=845312 total=1379609578496
GGML_VK_HOST_COPY #1467100 bytes=2112512 total=1379724944384
GGML_VK_HOST_COPY #1467200 bytes=1690112 total=1379829750784
GGML_VK_HOST_COPY #1467300 bytes=922112 total=1379948687872
GGML_VK_HOST_COPY #1467400 bytes=525312 total=1380080565760
GGML_VK_HOST_COPY #1467500 bytes=2099712 total=1380235957760
GGML_VK_HOST_COPY #1467600 bytes=461312 total=1380388853760
GGML_SCHED_UPLOAD_STATS layers=48 copies=6084 bytes=5799352320 branch_ms=55.03 id_ms=49.69 wait_ms=1177.01
GGML_VK_HOST_COPY #1467700 bytes=525312 total=1380526678528
GGML_VK_HOST_COPY #1467800 bytes=525312 total=1380629065728
GGML_VK_HOST_COPY #1467900 bytes=1574912 total=1380718857216
GGML_VK_HOST_COPY #1468000 bytes=461312 total=1380806741504
GGML_VK_HOST_COPY #1468100 bytes=845312 total=1380893173760
GGML_VK_HOST_COPY #1468200 bytes=845312 total=1380968834560
GGML_VK_HOST_COPY #1468300 bytes=422912 total=1381049564160
GGML_VK_HOST_COPY #1468400 bytes=461312 total=1381128296960
GGML_VK_HOST_COPY #1468500 bytes=2624512 total=1381213173760
GGML_VK_HOST_COPY #1468600 bytes=525312 total=1381303490048
GGML_VK_HOST_COPY #1468700 bytes=525312 total=1381390133248
GGML_VK_HOST_COPY #1468800 bytes=461312 total=1381470363136
GGML_VK_HOST_COPY #1468900 bytes=525312 total=1381554049024
GGML_VK_HOST_COPY #1469000 bytes=525312 total=1381630196224
GGML_VK_HOST_COPY #1469100 bytes=525312 total=1381713165824
GGML_VK_HOST_COPY #1469200 bytes=461312 total=1381785037824
GGML_VK_HOST_COPY #1469300 bytes=845312 total=1381858548224
GGML_VK_HOST_COPY #1469400 bytes=1690112 total=1381935898624
GGML_VK_HOST_COPY #1469500 bytes=461312 total=1382011290624
GGML_VK_HOST_COPY #1469600 bytes=922112 total=1382095668224
GGML_VK_HOST_COPY #1469700 bytes=525312 total=1382190682624
GGML_VK_HOST_COPY #1469800 bytes=1050112 total=1382282573824
GGML_VK_HOST_COPY #1469900 bytes=1843712 total=1382371789824
GGML_VK_HOST_COPY #1470000 bytes=2099712 total=1382468007424
GGML_VK_HOST_COPY #1470100 bytes=1050112 total=1382560948224
GGML_VK_HOST_COPY #1470200 bytes=3674112 total=1382661236224
GGML_VK_HOST_COPY #1470300 bytes=461312 total=1382743860224
GGML_VK_HOST_COPY #1470400 bytes=525312 total=1382825319424
GGML_VK_HOST_COPY #1470500 bytes=525312 total=1382926132224
GGML_VK_HOST_COPY #1470600 bytes=1382912 total=1383028199424
GGML_VK_HOST_COPY #1470700 bytes=461312 total=1383109812224
GGML_VK_HOST_COPY #1470800 bytes=358912 total=1383179956224
GGML_VK_HOST_COPY #1470900 bytes=717312 total=1383249536512
GGML_VK_HOST_COPY #1471000 bytes=461312 total=1383319219200
GGML_VK_HOST_COPY #1471100 bytes=2765312 total=1383407744000
GGML_VK_HOST_COPY #1471200 bytes=422912 total=1383501913088
GGML_VK_HOST_COPY #1471300 bytes=2112512 total=1383596158976
GGML_VK_HOST_COPY #1471400 bytes=922112 total=1383692286464
GGML_VK_HOST_COPY #1471500 bytes=845312 total=1383792484352
GGML_VK_HOST_COPY #1471600 bytes=2112512 total=1383872369152
GGML_VK_HOST_COPY #1471700 bytes=422912 total=1383947185152
GGML_VK_HOST_COPY #1471800 bytes=461312 total=1384034711552
GGML_VK_HOST_COPY #1471900 bytes=1690112 total=1384121124352
GGML_VK_HOST_COPY #1472000 bytes=422912 total=1384229732352
GGML_VK_HOST_COPY #1472100 bytes=422912 total=1384342141440
GGML_VK_HOST_COPY #1472200 bytes=1382912 total=1384449481728
GGML_VK_HOST_COPY #1472300 bytes=2624512 total=1384579452416
GGML_VK_HOST_COPY #1472400 bytes=2624512 total=1384714901504
GGML_VK_HOST_COPY #1472500 bytes=461312 total=1384850120192
GGML_VK_HOST_COPY #1472600 bytes=461312 total=1384976430592
GGML_VK_HOST_COPY #1472700 bytes=358912 total=1385056250880
GGML_VK_HOST_COPY #1472800 bytes=1075712 total=1385142317568
GGML_VK_HOST_COPY #1472900 bytes=1843712 total=1385237446656
GGML_VK_HOST_COPY #1473000 bytes=922112 total=1385345325056
GGML_VK_HOST_COPY #1473100 bytes=5069312 total=1385460383744
GGML_VK_HOST_COPY #1473200 bytes=422912 total=1385577439744
GGML_VK_HOST_COPY #1473300 bytes=922112 total=1385694226944
GGML_VK_HOST_COPY #1473400 bytes=1050112 total=1385810514944
GGML_VK_HOST_COPY #1473500 bytes=525312 total=1385972204544
GGML_VK_HOST_COPY #1473600 bytes=1050112 total=1386127071744
GGML_VK_HOST_COPY #1473700 bytes=1843712 total=1386261753344
GGML_SCHED_UPLOAD_STATS layers=48 copies=6042 bytes=5780823552 branch_ms=53.96 id_ms=48.92 wait_ms=1182.82
GGML_VK_HOST_COPY #1473800 bytes=525312 total=1386373120512
GGML_VK_HOST_COPY #1473900 bytes=1050112 total=1386468684800
GGML_VK_HOST_COPY #1474000 bytes=524800 total=1386562674688
GGML_VK_HOST_COPY #1474100 bytes=922112 total=1386647973888
GGML_VK_HOST_COPY #1474200 bytes=845312 total=1386728262144
GGML_VK_HOST_COPY #1474300 bytes=422912 total=1386804345344
GGML_VK_HOST_COPY #1474400 bytes=1382912 total=1386886073344
GGML_VK_HOST_COPY #1474500 bytes=461312 total=1386969068544
GGML_VK_HOST_COPY #1474600 bytes=525312 total=1387056927744
GGML_VK_HOST_COPY #1474700 bytes=525312 total=1387145144832
GGML_VK_HOST_COPY #1474800 bytes=922112 total=1387228139520
GGML_VK_HOST_COPY #1474900 bytes=525312 total=1387309060608
GGML_VK_HOST_COPY #1475000 bytes=525312 total=1387393079808
GGML_VK_HOST_COPY #1475100 bytes=1050112 total=1387472900608
GGML_VK_HOST_COPY #1475200 bytes=461312 total=1387548599808
GGML_VK_HOST_COPY #1475300 bytes=461312 total=1387619614208
GGML_VK_HOST_COPY #1475400 bytes=845312 total=1387695812608
GGML_VK_HOST_COPY #1475500 bytes=422912 total=1387772318208
GGML_VK_HOST_COPY #1475600 bytes=461312 total=1387852779008
GGML_VK_HOST_COPY #1475700 bytes=1574912 total=1387942417408
GGML_VK_HOST_COPY #1475800 bytes=525312 total=1388036932608
GGML_VK_HOST_COPY #1475900 bytes=461312 total=1388129617408
GGML_VK_HOST_COPY #1476000 bytes=2765312 total=1388212151808
GGML_VK_HOST_COPY #1476100 bytes=1574912 total=1388308881408
GGML_VK_HOST_COPY #1476200 bytes=525312 total=1388404446208
GGML_VK_HOST_COPY #1476300 bytes=2304512 total=1388493649408
GGML_VK_HOST_COPY #1476400 bytes=461312 total=1388577105408
GGML_VK_HOST_COPY #1476500 bytes=525312 total=1388665540608
GGML_VK_HOST_COPY #1476600 bytes=2099712 total=1388762155008
GGML_VK_HOST_COPY #1476700 bytes=922112 total=1388850846208
GGML_VK_HOST_COPY #1476800 bytes=358912 total=1388937732608
GGML_VK_HOST_COPY #1476900 bytes=717312 total=1389006596608
GGML_VK_HOST_COPY #1477000 bytes=2867712 total=1389076176896
GGML_VK_HOST_COPY #1477100 bytes=461312 total=1389152771584
GGML_VK_HOST_COPY #1477200 bytes=845312 total=1389244790272
GGML_VK_HOST_COPY #1477300 bytes=1267712 total=1389335235072
GGML_VK_HOST_COPY #1477400 bytes=845312 total=1389427791360
GGML_VK_HOST_COPY #1477500 bytes=461312 total=1389527298048
GGML_VK_HOST_COPY #1477600 bytes=845312 total=1389624923136
GGML_VK_HOST_COPY #1477700 bytes=422912 total=1389706497536
GGML_VK_HOST_COPY #1477800 bytes=1690112 total=1389787649536
GGML_VK_HOST_COPY #1477900 bytes=922112 total=1389871489536
GGML_VK_HOST_COPY #1478000 bytes=422912 total=1389969230336
GGML_VK_HOST_COPY #1478100 bytes=845312 total=1390084596224
GGML_VK_HOST_COPY #1478200 bytes=1843712 total=1390200576512
GGML_VK_HOST_COPY #1478300 bytes=1050112 total=1390320563200
GGML_VK_HOST_COPY #1478400 bytes=3149312 total=1390457062400
GGML_VK_HOST_COPY #1478500 bytes=525312 total=1390586213888
GGML_VK_HOST_COPY #1478600 bytes=922112 total=1390711525376
GGML_VK_HOST_COPY #1478700 bytes=358912 total=1390821707264
GGML_VK_HOST_COPY #1478800 bytes=358912 total=1390902397952
GGML_VK_HOST_COPY #1478900 bytes=717312 total=1390983089152
GGML_VK_HOST_COPY #1479000 bytes=461312 total=1391079293440
GGML_VK_HOST_COPY #1479100 bytes=845312 total=1391197462528
GGML_VK_HOST_COPY #1479200 bytes=422912 total=1391311138816
GGML_VK_HOST_COPY #1479300 bytes=422912 total=1391415945216
GGML_VK_HOST_COPY #1479400 bytes=922112 total=1391540680704
GGML_VK_HOST_COPY #1479500 bytes=1050112 total=1391668283392
GGML_VK_HOST_COPY #1479600 bytes=1050112 total=1391818427392
GGML_VK_HOST_COPY #1479700 bytes=461312 total=1391975624192
GGML_SCHED_UPLOAD_STATS layers=48 copies=6060 bytes=5796037632 branch_ms=54.43 id_ms=49.33 wait_ms=1175.53
GGML_VK_HOST_COPY #1479800 bytes=525312 total=1392120309760
GGML_VK_HOST_COPY #1479900 bytes=1050112 total=1392222172160
GGML_VK_HOST_COPY #1480000 bytes=525312 total=1392309339648
GGML_VK_HOST_COPY #1480100 bytes=922112 total=1392401012736
GGML_VK_HOST_COPY #1480200 bytes=5242880 total=1392487867392
GGML_VK_HOST_COPY #1480300 bytes=422912 total=1392563105792
GGML_VK_HOST_COPY #1480400 bytes=845312 total=1392643412992
GGML_VK_HOST_COPY #1480500 bytes=461312 total=1392722568192
GGML_VK_HOST_COPY #1480600 bytes=525312 total=1392807265792
GGML_VK_HOST_COPY #1480700 bytes=1574912 total=1392899681280
GGML_VK_HOST_COPY #1480800 bytes=525312 total=1392984225280
GGML_VK_HOST_COPY #1480900 bytes=461312 total=1393065555968
GGML_VK_HOST_COPY #1481000 bytes=1050112 total=1393149190656
GGML_VK_HOST_COPY #1481100 bytes=525312 total=1393225337856
GGML_VK_HOST_COPY #1481200 bytes=525312 total=1393308832256
GGML_VK_HOST_COPY #1481300 bytes=1382912 total=1393380358656
GGML_VK_HOST_COPY #1481400 bytes=422912 total=1393452217856
GGML_VK_HOST_COPY #1481500 bytes=422912 total=1393527878656
GGML_VK_HOST_COPY #1481600 bytes=845312 total=1393604806656
GGML_VK_HOST_COPY #1481700 bytes=922112 total=1393689990656
GGML_VK_HOST_COPY #1481800 bytes=2099712 total=1393780243456
GGML_VK_HOST_COPY #1481900 bytes=3149312 total=1393875283456
GGML_VK_HOST_COPY #1482000 bytes=461312 total=1393967289856
GGML_VK_HOST_COPY #1482100 bytes=525312 total=1394056390656
GGML_VK_HOST_COPY #1482200 bytes=1574912 total=1394151955456
GGML_VK_HOST_COPY #1482300 bytes=525312 total=1394245421056
GGML_VK_HOST_COPY #1482400 bytes=461312 total=1394334419456
GGML_VK_HOST_COPY #1482500 bytes=525312 total=1394412589056
GGML_VK_HOST_COPY #1482600 bytes=525312 total=1394512877056
GGML_VK_HOST_COPY #1482700 bytes=525312 total=1394603718656
GGML_VK_HOST_COPY #1482800 bytes=1382912 total=1394691821056
GGML_VK_HOST_COPY #1482900 bytes=358912 total=1394768569856
GGML_VK_HOST_COPY #1483000 bytes=717312 total=1394837433344
GGML_VK_HOST_COPY #1483100 bytes=717312 total=1394908089344
GGML_VK_HOST_COPY #1483200 bytes=461312 total=1394992773632
GGML_VK_HOST_COPY #1483300 bytes=422912 total=1395084792320
GGML_VK_HOST_COPY #1483400 bytes=422912 total=1395183262208
GGML_VK_HOST_COPY #1483500 bytes=461312 total=1395279850496
GGML_VK_HOST_COPY #1483600 bytes=922112 total=1395377130496
GGML_VK_HOST_COPY #1483700 bytes=845312 total=1395465270784
GGML_VK_HOST_COPY #1483800 bytes=422912 total=1395548957184
GGML_VK_HOST_COPY #1483900 bytes=461312 total=1395642857984
GGML_VK_HOST_COPY #1484000 bytes=1267712 total=1395735453184
GGML_VK_HOST_COPY #1484100 bytes=1690112 total=1395835613184
GGML_VK_HOST_COPY #1484200 bytes=422912 total=1395935350272
GGML_VK_HOST_COPY #1484300 bytes=2765312 total=1396044034560
GGML_VK_HOST_COPY #1484400 bytes=2099712 total=1396161755648
GGML_VK_HOST_COPY #1484500 bytes=1050112 total=1396298779136
GGML_VK_HOST_COPY #1484600 bytes=922112 total=1396443546624
GGML_VK_HOST_COPY #1484700 bytes=2765312 total=1396563405824
GGML_VK_HOST_COPY #1484800 bytes=1075712 total=1396653158912
GGML_VK_HOST_COPY #1484900 bytes=1792512 total=1396736000000
GGML_VK_HOST_COPY #1485000 bytes=922112 total=1396823090688
GGML_VK_HOST_COPY #1485100 bytes=922112 total=1396932351488
GGML_VK_HOST_COPY #1485200 bytes=422912 total=1397042149376
GGML_VK_HOST_COPY #1485300 bytes=845312 total=1397157515264
GGML_VK_HOST_COPY #1485400 bytes=461312 total=1397270961152
GGML_VK_HOST_COPY #1485500 bytes=525312 total=1397387235840
GGML_VK_HOST_COPY #1485600 bytes=1574912 total=1397535805440
GGML_VK_HOST_COPY #1485700 bytes=3149312 total=1397681751040
GGML_VK_HOST_COPY #1485800 bytes=461312 total=1397808765440
GGML_SCHED_UPLOAD_STATS layers=48 copies=6060 bytes=5761349632 branch_ms=54.69 id_ms=49.51 wait_ms=1187.94
12.47.324.741 I slot print_timing: id  0 | task 8 | prompt processing, n_tokens = 118784, progress = 0.93, t = 683.44 s / 173.80 tokens per second
GGML_VK_HOST_COPY #1485900 bytes=2099712 total=1397932049408
GGML_VK_HOST_COPY #1486000 bytes=525312 total=1398021840896
GGML_VK_HOST_COPY #1486100 bytes=525312 total=1398123703296
GGML_VK_HOST_COPY #1486200 bytes=1843712 total=1398203741184
GGML_VK_HOST_COPY #1486300 bytes=422912 total=1398286333440
GGML_VK_HOST_COPY #1486400 bytes=1267712 total=1398367063040
GGML_VK_HOST_COPY #1486500 bytes=422912 total=1398443146240
GGML_VK_HOST_COPY #1486600 bytes=1382912 total=1398528522240
GGML_VK_HOST_COPY #1486700 bytes=1050112 total=1398614282240
GGML_VK_HOST_COPY #1486800 bytes=525312 total=1398700924928
GGML_VK_HOST_COPY #1486900 bytes=922112 total=1398790358016
GGML_VK_HOST_COPY #1487000 bytes=461312 total=1398865980416
GGML_VK_HOST_COPY #1487100 bytes=1574912 total=1398951483904
GGML_VK_HOST_COPY #1487200 bytes=3149312 total=1399029730304
GGML_VK_HOST_COPY #1487300 bytes=461312 total=1399107003904
GGML_VK_HOST_COPY #1487400 bytes=922112 total=1399178939904
GGML_VK_HOST_COPY #1487500 bytes=845312 total=1399248571904
GGML_VK_HOST_COPY #1487600 bytes=422912 total=1399328879104
GGML_VK_HOST_COPY #1487700 bytes=461312 total=1399412949504
GGML_VK_HOST_COPY #1487800 bytes=2624512 total=1399496943104
GGML_VK_HOST_COPY #1487900 bytes=2624512 total=1399590933504
GGML_VK_HOST_COPY #1488000 bytes=1574912 total=1399683349504
GGML_VK_HOST_COPY #1488100 bytes=922112 total=1399765999104
GGML_VK_HOST_COPY #1488200 bytes=1050112 total=1399865442304
GGML_VK_HOST_COPY #1488300 bytes=525312 total=1399957333504
GGML_VK_HOST_COPY #1488400 bytes=525312 total=1400052373504
GGML_VK_HOST_COPY #1488500 bytes=1382912 total=1400137992704
GGML_VK_HOST_COPY #1488600 bytes=3674112 total=1400227285504
GGML_VK_HOST_COPY #1488700 bytes=525312 total=1400317077504
GGML_VK_HOST_COPY #1488800 bytes=461312 total=1400419106304
GGML_VK_HOST_COPY #1488900 bytes=461312 total=1400501179904
GGML_VK_HOST_COPY #1489000 bytes=717312 total=1400574856704
GGML_VK_HOST_COPY #1489100 bytes=1075712 total=1400640494592
GGML_VK_HOST_COPY #1489200 bytes=461312 total=1400717191680
GGML_VK_HOST_COPY #1489300 bytes=2765312 total=1400808942080
GGML_VK_HOST_COPY #1489400 bytes=422912 total=1400898387968
GGML_VK_HOST_COPY #1489500 bytes=422912 total=1400995590656
GGML_VK_HOST_COPY #1489600 bytes=461312 total=1401097862144
GGML_VK_HOST_COPY #1489700 bytes=422912 total=1401208082432
GGML_VK_HOST_COPY #1489800 bytes=845312 total=1401288389632
GGML_VK_HOST_COPY #1489900 bytes=422912 total=1401368274432
GGML_VK_HOST_COPY #1490000 bytes=922112 total=1401456568832
GGML_VK_HOST_COPY #1490100 bytes=845312 total=1401548511232
GGML_VK_HOST_COPY #1490200 bytes=1690112 total=1401663454720
GGML_VK_HOST_COPY #1490300 bytes=1267712 total=1401781355520
GGML_VK_HOST_COPY #1490400 bytes=461312 total=1401903441408
GGML_VK_HOST_COPY #1490500 bytes=1574912 total=1402040605696
GGML_VK_HOST_COPY #1490600 bytes=1050112 total=1402185501184
GGML_VK_HOST_COPY #1490700 bytes=461312 total=1402318595072
GGML_VK_HOST_COPY #1490800 bytes=1434112 total=1402433640960
GGML_VK_HOST_COPY #1490900 bytes=358912 total=1402512181760
GGML_VK_HOST_COPY #1491000 bytes=1075712 total=1402587496448
GGML_VK_HOST_COPY #1491100 bytes=922112 total=1402676532736
GGML_VK_HOST_COPY #1491200 bytes=422912 total=1402785255424
GGML_VK_HOST_COPY #1491300 bytes=2112512 total=1402898932224
GGML_VK_HOST_COPY #1491400 bytes=422912 total=1403005428224
GGML_VK_HOST_COPY #1491500 bytes=461312 total=1403129089024
GGML_VK_HOST_COPY #1491600 bytes=2099712 total=1403247130624
GGML_VK_HOST_COPY #1491700 bytes=1050112 total=1403414068224
GGML_VK_HOST_COPY #1491800 bytes=461312 total=1403576090624
GGML_SCHED_UPLOAD_STATS layers=48 copies=6042 bytes=5825060352 branch_ms=54.72 id_ms=49.52 wait_ms=1170.53
GGML_VK_HOST_COPY #1491900 bytes=525312 total=1403723489792
GGML_VK_HOST_COPY #1492000 bytes=1050112 total=1403822203392
GGML_VK_HOST_COPY #1492100 bytes=1050112 total=1403912519680
GGML_VK_HOST_COPY #1492200 bytes=461312 total=1404002400768
GGML_VK_HOST_COPY #1492300 bytes=461312 total=1404087699968
GGML_VK_HOST_COPY #1492400 bytes=422912 total=1404166682624
GGML_VK_HOST_COPY #1492500 bytes=422912 total=1404244455424
GGML_VK_HOST_COPY #1492600 bytes=461312 total=1404323495424
GGML_VK_HOST_COPY #1492700 bytes=525312 total=1404410445824
GGML_VK_HOST_COPY #1492800 bytes=525312 total=1404502337024
GGML_VK_HOST_COPY #1492900 bytes=1050112 total=1404588454912
GGML_VK_HOST_COPY #1493000 bytes=922112 total=1404669120000
GGML_VK_HOST_COPY #1493100 bytes=525312 total=1404751385088
GGML_VK_HOST_COPY #1493200 bytes=525312 total=1404830681088
GGML_VK_HOST_COPY #1493300 bytes=525312 total=1404914700288
GGML_VK_HOST_COPY #1493400 bytes=461312 total=1404986226688
GGML_VK_HOST_COPY #1493500 bytes=422912 total=1405061887488
GGML_VK_HOST_COPY #1493600 bytes=1267712 total=1405136281088
GGML_VK_HOST_COPY #1493700 bytes=1267712 total=1405211941888
GGML_VK_HOST_COPY #1493800 bytes=1843712 total=1405297778688
GGML_VK_HOST_COPY #1493900 bytes=2099712 total=1405385855488
GGML_VK_HOST_COPY #1494000 bytes=1050112 total=1405477746688
GGML_VK_HOST_COPY #1494100 bytes=922112 total=1405572364288
GGML_VK_HOST_COPY #1494200 bytes=525312 total=1405657023488
GGML_VK_HOST_COPY #1494300 bytes=525312 total=1405755737088
GGML_VK_HOST_COPY #1494400 bytes=525312 total=1405848153088
GGML_VK_HOST_COPY #1494500 bytes=1382912 total=1405937061888
GGML_VK_HOST_COPY #1494600 bytes=1050112 total=1406015909888
GGML_VK_HOST_COPY #1494700 bytes=2624512 total=1406115148288
GGML_VK_HOST_COPY #1494800 bytes=525312 total=1406210713088
GGML_VK_HOST_COPY #1494900 bytes=3226112 total=1406303193088
GGML_VK_HOST_COPY #1495000 bytes=358912 total=1406381785088
GGML_VK_HOST_COPY #1495100 bytes=358912 total=1406452082176
GGML_VK_HOST_COPY #1495200 bytes=358912 total=1406522738176
GGML_VK_HOST_COPY #1495300 bytes=922112 total=1406612900864
GGML_VK_HOST_COPY #1495400 bytes=845312 total=1406700657152
GGML_VK_HOST_COPY #1495500 bytes=422912 total=1406794480640
GGML_VK_HOST_COPY #1495600 bytes=922112 total=1406881852928
GGML_VK_HOST_COPY #1495700 bytes=2304512 total=1406979132928
GGML_VK_HOST_COPY #1495800 bytes=1267712 total=1407060284416
GGML_VK_HOST_COPY #1495900 bytes=845312 total=1407146505216
GGML_VK_HOST_COPY #1496000 bytes=461312 total=1407231727616
GGML_VK_HOST_COPY #1496100 bytes=2304512 total=1407320252416
GGML_VK_HOST_COPY #1496200 bytes=845312 total=1407433238016
GGML_VK_HOST_COPY #1496300 bytes=422912 total=1407546069504
GGML_VK_HOST_COPY #1496400 bytes=1382912 total=1407667156992
GGML_VK_HOST_COPY #1496500 bytes=525312 total=1407795873280
GGML_VK_HOST_COPY #1496600 bytes=1050112 total=1407920826368
GGML_VK_HOST_COPY #1496700 bytes=461312 total=1408059168256
GGML_VK_HOST_COPY #1496800 bytes=461312 total=1408179488256
GGML_VK_HOST_COPY #1496900 bytes=358912 total=1408264530944
GGML_VK_HOST_COPY #1497000 bytes=358912 total=1408347013632
GGML_VK_HOST_COPY #1497100 bytes=461312 total=1408433438720
GGML_VK_HOST_COPY #1497200 bytes=922112 total=1408543160320
GGML_VK_HOST_COPY #1497300 bytes=845312 total=1408654609408
GGML_VK_HOST_COPY #1497400 bytes=845312 total=1408767441408
GGML_VK_HOST_COPY #1497500 bytes=1843712 total=1408882308608
GGML_VK_HOST_COPY #1497600 bytes=525312 total=1409000823808
GGML_VK_HOST_COPY #1497700 bytes=1050112 total=1409149918208
GGML_VK_HOST_COPY #1497800 bytes=525312 total=1409297438208
GGML_VK_HOST_COPY #1497900 bytes=461312 total=1409432401408
GGML_SCHED_UPLOAD_STATS layers=48 copies=6051 bytes=5777141760 branch_ms=54.62 id_ms=49.54 wait_ms=1181.02
GGML_VK_HOST_COPY #1498000 bytes=1574912 total=1409557848576
GGML_VK_HOST_COPY #1498100 bytes=525312 total=1409647115264
GGML_VK_HOST_COPY #1498200 bytes=1050112 total=1409750027264
GGML_VK_HOST_COPY #1498300 bytes=1843712 total=1409830602752
GGML_VK_HOST_COPY #1498400 bytes=1267712 total=1409912043008
GGML_VK_HOST_COPY #1498500 bytes=422912 total=1409991505408
GGML_VK_HOST_COPY #1498600 bytes=422912 total=1410067588608
GGML_VK_HOST_COPY #1498700 bytes=461312 total=1410153079808
GGML_VK_HOST_COPY #1498800 bytes=525312 total=1410239556608
GGML_VK_HOST_COPY #1498900 bytes=1050112 total=1410326724096
GGML_VK_HOST_COPY #1499000 bytes=922112 total=1410415709184
GGML_VK_HOST_COPY #1499100 bytes=922112 total=1410493635584
GGML_VK_HOST_COPY #1499200 bytes=525312 total=1410577871872
GGML_VK_HOST_COPY #1499300 bytes=1050112 total=1410657692672
GGML_VK_HOST_COPY #1499400 bytes=461312 total=1410732815872
GGML_VK_HOST_COPY #1499500 bytes=461312 total=1410805212672
GGML_VK_HOST_COPY #1499600 bytes=845312 total=1410876572672
GGML_VK_HOST_COPY #1499700 bytes=422912 total=1410953078272
GGML_VK_HOST_COPY #1499800 bytes=461312 total=1411036918272
GGML_VK_HOST_COPY #1499900 bytes=525312 total=1411121231872
GGML_VK_HOST_COPY #1500000 bytes=525312 total=1411216271872
GGML_VK_HOST_COPY #1500100 bytes=1050112 total=1411308687872
GGML_VK_HOST_COPY #1500200 bytes=922112 total=1411396879872
GGML_VK_HOST_COPY #1500300 bytes=525312 total=1411490780672
GGML_VK_HOST_COPY #1500400 bytes=1050112 total=1411583721472
GGML_VK_HOST_COPY #1500500 bytes=922112 total=1411676534272
GGML_VK_HOST_COPY #1500600 bytes=1382912 total=1411761833472
GGML_VK_HOST_COPY #1500700 bytes=1050112 total=1411849014272
GGML_VK_HOST_COPY #1500800 bytes=1050112 total=1411945103872
GGML_VK_HOST_COPY #1500900 bytes=922112 total=1412047145472
GGML_VK_HOST_COPY #1501000 bytes=3226112 total=1412132444672
GGML_VK_HOST_COPY #1501100 bytes=717312 total=1412206787072
GGML_VK_HOST_COPY #1501200 bytes=1434112 total=1412276367360
GGML_VK_HOST_COPY #1501300 bytes=461312 total=1412358747648
GGML_VK_HOST_COPY #1501400 bytes=422912 total=1412453415936
GGML_VK_HOST_COPY #1501500 bytes=845312 total=1412542593536
GGML_VK_HOST_COPY #1501600 bytes=422912 total=1412629236224
GGML_VK_HOST_COPY #1501700 bytes=922112 total=1412725901312
GGML_VK_HOST_COPY #1501800 bytes=422912 total=1412820646400
GGML_VK_HOST_COPY #1501900 bytes=422912 total=1412902643200
GGML_VK_HOST_COPY #1502000 bytes=422912 total=1412985062400
GGML_VK_HOST_COPY #1502100 bytes=461312 total=1413069401600
GGML_VK_HOST_COPY #1502200 bytes=2112512 total=1413172249600
GGML_VK_HOST_COPY #1502300 bytes=845312 total=1413288460288
GGML_VK_HOST_COPY #1502400 bytes=2304512 total=1413407090176
GGML_VK_HOST_COPY #1502500 bytes=1050112 total=1413534449664
GGML_VK_HOST_COPY #1502600 bytes=525312 total=1413673572864
GGML_VK_HOST_COPY #1502700 bytes=1574912 total=1413810596352
GGML_VK_HOST_COPY #1502800 bytes=1843712 total=1413940208640
GGML_VK_HOST_COPY #1502900 bytes=717312 total=1414044860928
GGML_VK_HOST_COPY #1503000 bytes=1075712 total=1414134870528
GGML_VK_HOST_COPY #1503100 bytes=358912 total=1414224163328
GGML_VK_HOST_COPY #1503200 bytes=461312 total=1414325590528
GGML_VK_HOST_COPY #1503300 bytes=422912 total=1414450825728
GGML_VK_HOST_COPY #1503400 bytes=2534912 total=1414575907328
GGML_VK_HOST_COPY #1503500 bytes=461312 total=1414699529728
GGML_VK_HOST_COPY #1503600 bytes=3149312 total=1414829347328
GGML_VK_HOST_COPY #1503700 bytes=2099712 total=1414993660928
GGML_VK_HOST_COPY #1503800 bytes=1050112 total=1415157449728
GGML_VK_HOST_COPY #1503900 bytes=1382912 total=1415299030528
GGML_SCHED_UPLOAD_STATS layers=48 copies=5976 bytes=5824336896 branch_ms=54.79 id_ms=49.63 wait_ms=1182.07
GGML_VK_HOST_COPY #1504000 bytes=525312 total=1415410000896
GGML_VK_HOST_COPY #1504100 bytes=1050112 total=1415505565184
GGML_VK_HOST_COPY #1504200 bytes=525312 total=1415599555584
GGML_VK_HOST_COPY #1504300 bytes=1382912 total=1415683996672
GGML_VK_HOST_COPY #1504400 bytes=422912 total=1415764438528
GGML_VK_HOST_COPY #1504500 bytes=422912 total=1415841366528
GGML_VK_HOST_COPY #1504600 bytes=922112 total=1415920713728
GGML_VK_HOST_COPY #1504700 bytes=1382912 total=1416006012928
GGML_VK_HOST_COPY #1504800 bytes=525312 total=1416093744128
GGML_VK_HOST_COPY #1504900 bytes=525312 total=1416181961216
GGML_VK_HOST_COPY #1505000 bytes=1382912 total=1416265877504
GGML_VK_HOST_COPY #1505100 bytes=525312 total=1416345940992
GGML_VK_HOST_COPY #1505200 bytes=525312 total=1416428385792
GGML_VK_HOST_COPY #1505300 bytes=1050112 total=1416507681792
GGML_VK_HOST_COPY #1505400 bytes=461312 total=1416580680192
GGML_VK_HOST_COPY #1505500 bytes=461312 total=1416652155392
GGML_VK_HOST_COPY #1505600 bytes=422912 total=1416727700992
GGML_VK_HOST_COPY #1505700 bytes=422912 total=1416804628992
GGML_VK_HOST_COPY #1505800 bytes=461312 total=1416884398592
GGML_VK_HOST_COPY #1505900 bytes=1574912 total=1416974113792
GGML_VK_HOST_COPY #1506000 bytes=525312 total=1417067054592
GGML_VK_HOST_COPY #1506100 bytes=525312 total=1417161569792
GGML_VK_HOST_COPY #1506200 bytes=461312 total=1417241928192
GGML_VK_HOST_COPY #1506300 bytes=1050112 total=1417339003392
GGML_VK_HOST_COPY #1506400 bytes=1050112 total=1417435092992
GGML_VK_HOST_COPY #1506500 bytes=922112 total=1417524014592
GGML_VK_HOST_COPY #1506600 bytes=461312 total=1417610696192
GGML_VK_HOST_COPY #1506700 bytes=525312 total=1417698222592
GGML_VK_HOST_COPY #1506800 bytes=525312 total=1417797985792
GGML_VK_HOST_COPY #1506900 bytes=461312 total=1417893704192
GGML_VK_HOST_COPY #1507000 bytes=358912 total=1417982280192
GGML_VK_HOST_COPY #1507100 bytes=717312 total=1418052219392
GGML_VK_HOST_COPY #1507200 bytes=1075712 total=1418124308480
GGML_VK_HOST_COPY #1507300 bytes=922112 total=1418205459968
GGML_VK_HOST_COPY #1507400 bytes=845312 total=1418302662656
GGML_VK_HOST_COPY #1507500 bytes=422912 total=1418390994944
GGML_VK_HOST_COPY #1507600 bytes=422912 total=1418483551744
GGML_VK_HOST_COPY #1507700 bytes=461312 total=1418581522432
GGML_VK_HOST_COPY #1507800 bytes=845312 total=1418671083520
GGML_VK_HOST_COPY #1507900 bytes=422912 total=1418754347520
GGML_VK_HOST_COPY #1508000 bytes=461312 total=1418834577920
GGML_VK_HOST_COPY #1508100 bytes=1382912 total=1418923563520
GGML_VK_HOST_COPY #1508200 bytes=1267712 total=1419030942720
GGML_VK_HOST_COPY #1508300 bytes=1690112 total=1419139972608
GGML_VK_HOST_COPY #1508400 bytes=1382912 total=1419251575296
GGML_VK_HOST_COPY #1508500 bytes=1050112 total=1419369449984
GGML_VK_HOST_COPY #1508600 bytes=525312 total=1419513295872
GGML_VK_HOST_COPY #1508700 bytes=1574912 total=1419654518272
GGML_VK_HOST_COPY #1508800 bytes=3686912 total=1419778805760
GGML_VK_HOST_COPY #1508900 bytes=1434112 total=1419868661248
GGML_VK_HOST_COPY #1509000 bytes=358912 total=1419953652736
GGML_VK_HOST_COPY #1509100 bytes=922112 total=1420039412224
GGML_VK_HOST_COPY #1509200 bytes=1843712 total=1420142221824
GGML_VK_HOST_COPY #1509300 bytes=422912 total=1420258125312
GGML_VK_HOST_COPY #1509400 bytes=2957312 total=1420376026112
GGML_VK_HOST_COPY #1509500 bytes=1843712 total=1420495347712
GGML_VK_HOST_COPY #1509600 bytes=2624512 total=1420620813312
GGML_VK_HOST_COPY #1509700 bytes=525312 total=1420775155712
GGML_VK_HOST_COPY #1509800 bytes=1050112 total=1420924774912
GGML_VK_HOST_COPY #1509900 bytes=2304512 total=1421066227712
GGML_SCHED_UPLOAD_STATS layers=48 copies=6006 bytes=5772843520 branch_ms=54.26 id_ms=49.13 wait_ms=1187.62
13.01.882.510 I slot print_timing: id  0 | task 8 | prompt processing, n_tokens = 120832, progress = 0.94, t = 698.00 s / 173.11 tokens per second
GGML_VK_HOST_COPY #1510000 bytes=1050112 total=1421187553280
GGML_VK_HOST_COPY #1510100 bytes=525312 total=1421280493568
GGML_VK_HOST_COPY #1510200 bytes=525312 total=1421378682368
GGML_VK_HOST_COPY #1510300 bytes=461312 total=1421457645056
GGML_VK_HOST_COPY #1510400 bytes=422912 total=1421541005312
GGML_VK_HOST_COPY #1510500 bytes=422912 total=1421619200512
GGML_VK_HOST_COPY #1510600 bytes=461312 total=1421698970112
GGML_VK_HOST_COPY #1510700 bytes=1382912 total=1421781043712
GGML_VK_HOST_COPY #1510800 bytes=525312 total=1421868672512
GGML_VK_HOST_COPY #1510900 bytes=525312 total=1421956364800
GGML_VK_HOST_COPY #1511000 bytes=461312 total=1422041957888
GGML_VK_HOST_COPY #1511100 bytes=525312 total=1422122904576
GGML_VK_HOST_COPY #1511200 bytes=1050112 total=1422204824576
GGML_VK_HOST_COPY #1511300 bytes=525312 total=1422284645376
GGML_VK_HOST_COPY #1511400 bytes=461312 total=1422360318976
GGML_VK_HOST_COPY #1511500 bytes=1382912 total=1422431333376
GGML_VK_HOST_COPY #1511600 bytes=422912 total=1422501733376
GGML_VK_HOST_COPY #1511700 bytes=1267712 total=1422578238976
GGML_VK_HOST_COPY #1511800 bytes=922112 total=1422660043776
GGML_VK_HOST_COPY #1511900 bytes=1050112 total=1422742757376
GGML_VK_HOST_COPY #1512000 bytes=525312 total=1422837272576
GGML_VK_HOST_COPY #1512100 bytes=525312 total=1422930213376
GGML_VK_HOST_COPY #1512200 bytes=1382912 total=1423016318976
GGML_VK_HOST_COPY #1512300 bytes=1574912 total=1423111256576
GGML_VK_HOST_COPY #1512400 bytes=525312 total=1423204197376
GGML_VK_HOST_COPY #1512500 bytes=922112 total=1423297227776
GGML_VK_HOST_COPY #1512600 bytes=461312 total=1423382987776
GGML_VK_HOST_COPY #1512700 bytes=1574912 total=1423469029376
GGML_VK_HOST_COPY #1512800 bytes=1050112 total=1423563019776
GGML_VK_HOST_COPY #1512900 bytes=922112 total=1423661003776
GGML_VK_HOST_COPY #1513000 bytes=922112 total=1423748146176
GGML_VK_HOST_COPY #1513100 bytes=358912 total=1423816856576
GGML_VK_HOST_COPY #1513200 bytes=358912 total=1423882494464
GGML_VK_HOST_COPY #1513300 bytes=1382912 total=1423961444352
GGML_VK_HOST_COPY #1513400 bytes=1690112 total=1424054192640
GGML_VK_HOST_COPY #1513500 bytes=422912 total=1424142525440
GGML_VK_HOST_COPY #1513600 bytes=422912 total=1424233392128
GGML_VK_HOST_COPY #1513700 bytes=1843712 total=1424329673216
GGML_VK_HOST_COPY #1513800 bytes=422912 total=1424424725504
GGML_VK_HOST_COPY #1513900 bytes=422912 total=1424508411904
GGML_VK_HOST_COPY #1514000 bytes=422912 total=1424589563904
GGML_VK_HOST_COPY #1514100 bytes=1843712 total=1424676552704
GGML_VK_HOST_COPY #1514200 bytes=1267712 total=1424779631104
GGML_VK_HOST_COPY #1514300 bytes=845312 total=1424889928192
GGML_VK_HOST_COPY #1514400 bytes=1843712 total=1424998036480
GGML_VK_HOST_COPY #1514500 bytes=2304512 total=1425121121280
GGML_VK_HOST_COPY #1514600 bytes=1574912 total=1425255802368
GGML_VK_HOST_COPY #1514700 bytes=1050112 total=1425392825856
GGML_VK_HOST_COPY #1514800 bytes=461312 total=1425517074944
GGML_VK_HOST_COPY #1514900 bytes=358912 total=1425632940032
GGML_VK_HOST_COPY #1515000 bytes=358912 total=1425716497920
GGML_VK_HOST_COPY #1515100 bytes=1075712 total=1425798981120
GGML_VK_HOST_COPY #1515200 bytes=1843712 total=1425896260608
GGML_VK_HOST_COPY #1515300 bytes=845312 total=1426014314496
GGML_VK_HOST_COPY #1515400 bytes=422912 total=1426133060096
GGML_VK_HOST_COPY #1515500 bytes=1382912 total=1426247005696
GGML_VK_HOST_COPY #1515600 bytes=461312 total=1426372394496
GGML_VK_HOST_COPY #1515700 bytes=4198912 total=1426518340096
GGML_VK_HOST_COPY #1515800 bytes=525312 total=1426670058496
GGML_VK_HOST_COPY #1515900 bytes=1382912 total=1426815607296
GGML_SCHED_UPLOAD_STATS layers=48 copies=6018 bytes=5765169664 branch_ms=54.35 id_ms=49.28 wait_ms=1184.81
GGML_VK_HOST_COPY #1516000 bytes=1574912 total=1426945355264
GGML_VK_HOST_COPY #1516100 bytes=525312 total=1427037245952
GGML_VK_HOST_COPY #1516200 bytes=525312 total=1427137009152
GGML_VK_HOST_COPY #1516300 bytes=1382912 total=1427218083840
GGML_VK_HOST_COPY #1516400 bytes=1267712 total=1427301444096
GGML_VK_HOST_COPY #1516500 bytes=422912 total=1427380061696
GGML_VK_HOST_COPY #1516600 bytes=422912 total=1427456144896
GGML_VK_HOST_COPY #1516700 bytes=461312 total=1427542404096
GGML_VK_HOST_COPY #1516800 bytes=4723712 total=1427627524096
GGML_VK_HOST_COPY #1516900 bytes=525312 total=1427714166784
GGML_VK_HOST_COPY #1517000 bytes=922112 total=1427803983872
GGML_VK_HOST_COPY #1517100 bytes=461312 total=1427878684672
GGML_VK_HOST_COPY #1517200 bytes=525312 total=1427964328960
GGML_VK_HOST_COPY #1517300 bytes=525312 total=1428039951360
GGML_VK_HOST_COPY #1517400 bytes=1382912 total=1428120629760
GGML_VK_HOST_COPY #1517500 bytes=461312 total=1428191644160
GGML_VK_HOST_COPY #1517600 bytes=422912 total=1428261928960
GGML_VK_HOST_COPY #1517700 bytes=422912 total=1428341391360
GGML_VK_HOST_COPY #1517800 bytes=461312 total=1428423119360
GGML_VK_HOST_COPY #1517900 bytes=525312 total=1428502197760
GGML_VK_HOST_COPY #1518000 bytes=525312 total=1428593039360
GGML_VK_HOST_COPY #1518100 bytes=1050112 total=1428689653760
GGML_VK_HOST_COPY #1518200 bytes=461312 total=1428772610560
GGML_VK_HOST_COPY #1518300 bytes=1574912 total=1428871682560
GGML_VK_HOST_COPY #1518400 bytes=1050112 total=1428960424960
GGML_VK_HOST_COPY #1518500 bytes=525312 total=1429060712960
GGML_VK_HOST_COPY #1518600 bytes=461312 total=1429146908160
GGML_VK_HOST_COPY #1518700 bytes=525312 total=1429232476160
GGML_VK_HOST_COPY #1518800 bytes=525312 total=1429332764160
GGML_VK_HOST_COPY #1518900 bytes=461312 total=1429438466560
GGML_VK_HOST_COPY #1519000 bytes=461312 total=1429523304960
GGML_VK_HOST_COPY #1519100 bytes=717312 total=1429597698560
GGML_VK_HOST_COPY #1519200 bytes=358912 total=1429666562048
GGML_VK_HOST_COPY #1519300 bytes=922112 total=1429744948736
GGML_VK_HOST_COPY #1519400 bytes=422912 total=1429837274624
GGML_VK_HOST_COPY #1519500 bytes=422912 total=1429924762624
GGML_VK_HOST_COPY #1519600 bytes=422912 total=1430010982912
GGML_VK_HOST_COPY #1519700 bytes=461312 total=1430104652800
GGML_VK_HOST_COPY #1519800 bytes=1267712 total=1430205810688
GGML_VK_HOST_COPY #1519900 bytes=1267712 total=1430285273088
GGML_VK_HOST_COPY #1520000 bytes=845312 total=1430368537088
GGML_VK_HOST_COPY #1520100 bytes=922112 total=1430455909888
GGML_VK_HOST_COPY #1520200 bytes=2957312 total=1430553228288
GGML_VK_HOST_COPY #1520300 bytes=845312 total=1430663947776
GGML_VK_HOST_COPY #1520400 bytes=1267712 total=1430775934976
GGML_VK_HOST_COPY #1520500 bytes=461312 total=1430892952064
GGML_VK_HOST_COPY #1520600 bytes=525312 total=1431021757952
GGML_VK_HOST_COPY #1520700 bytes=525312 total=1431149859840
GGML_VK_HOST_COPY #1520800 bytes=1382912 total=1431283401728
GGML_VK_HOST_COPY #1520900 bytes=1075712 total=1431400598016
GGML_VK_HOST_COPY #1521000 bytes=1075712 total=1431485590016
GGML_VK_HOST_COPY #1521100 bytes=358912 total=1431562697216
GGML_VK_HOST_COPY #1521200 bytes=461312 total=1431655881216
GGML_VK_HOST_COPY #1521300 bytes=422912 total=1431768214016
GGML_VK_HOST_COPY #1521400 bytes=1690112 total=1431869641216
GGML_VK_HOST_COPY #1521500 bytes=2112512 total=1431978671616
GGML_VK_HOST_COPY #1521600 bytes=922112 total=1432091926016
GGML_VK_HOST_COPY #1521700 bytes=1574912 total=1432204361216
GGML_VK_HOST_COPY #1521800 bytes=525312 total=1432356604416
GGML_VK_HOST_COPY #1521900 bytes=4198912 total=1432503599616
GGML_VK_HOST_COPY #1522000 bytes=3226112 total=1432625686016
GGML_SCHED_UPLOAD_STATS layers=48 copies=6084 bytes=5776545792 branch_ms=54.30 id_ms=49.10 wait_ms=1178.80
GGML_VK_HOST_COPY #1522100 bytes=1574912 total=1432744989184
GGML_VK_HOST_COPY #1522200 bytes=1050112 total=1432838979072
GGML_VK_HOST_COPY #1522300 bytes=525312 total=1432935593472
GGML_VK_HOST_COPY #1522400 bytes=461312 total=1433016181760
GGML_VK_HOST_COPY #1522500 bytes=422912 total=1433097775616
GGML_VK_HOST_COPY #1522600 bytes=422912 total=1433177660416
GGML_VK_HOST_COPY #1522700 bytes=1690112 total=1433256700416
GGML_VK_HOST_COPY #1522800 bytes=461312 total=1433338198016
GGML_VK_HOST_COPY #1522900 bytes=1050112 total=1433426633216
GGML_VK_HOST_COPY #1523000 bytes=525312 total=1433513800704
GGML_VK_HOST_COPY #1523100 bytes=461312 total=1433600238592
GGML_VK_HOST_COPY #1523200 bytes=461312 total=1433680008192
GGML_VK_HOST_COPY #1523300 bytes=525312 total=1433762388480
GGML_VK_HOST_COPY #1523400 bytes=1050112 total=1433843258880
GGML_VK_HOST_COPY #1523500 bytes=461312 total=1433917012480
GGML_VK_HOST_COPY #1523600 bytes=922112 total=1433990330880
GGML_VK_HOST_COPY #1523700 bytes=845312 total=1434062305280
GGML_VK_HOST_COPY #1523800 bytes=422912 total=1434137543680
GGML_VK_HOST_COPY #1523900 bytes=922112 total=1434222113280
GGML_VK_HOST_COPY #1524000 bytes=525312 total=1434305953280
GGML_VK_HOST_COPY #1524100 bytes=525312 total=1434402567680
GGML_VK_HOST_COPY #1524200 bytes=1050112 total=1434497607680
GGML_VK_HOST_COPY #1524300 bytes=461312 total=1434585300480
GGML_VK_HOST_COPY #1524400 bytes=1050112 total=1434682849280
GGML_VK_HOST_COPY #1524500 bytes=2624512 total=1434778938880
GGML_VK_HOST_COPY #1524600 bytes=461312 total=1434868513280
GGML_VK_HOST_COPY #1524700 bytes=461312 total=1434955655680
GGML_VK_HOST_COPY #1524800 bytes=525312 total=1435044820480
GGML_VK_HOST_COPY #1524900 bytes=1574912 total=1435137761280
GGML_VK_HOST_COPY #1525000 bytes=461312 total=1435233722880
GGML_VK_HOST_COPY #1525100 bytes=3226112 total=1435323630080
GGML_VK_HOST_COPY #1525200 bytes=358912 total=1435391060480
GGML_VK_HOST_COPY #1525300 bytes=717312 total=1435460282368
GGML_VK_HOST_COPY #1525400 bytes=461312 total=1435540256256
GGML_VK_HOST_COPY #1525500 bytes=422912 total=1435635308544
GGML_VK_HOST_COPY #1525600 bytes=3802112 total=1435731244544
GGML_VK_HOST_COPY #1525700 bytes=1267712 total=1435821688832
GGML_VK_HOST_COPY #1525800 bytes=1843712 total=1435923537920
GGML_VK_HOST_COPY #1525900 bytes=422912 total=1436020510208
GGML_VK_HOST_COPY #1526000 bytes=2957312 total=1436102084608
GGML_VK_HOST_COPY #1526100 bytes=422912 total=1436175633408
GGML_VK_HOST_COPY #1526200 bytes=1382912 total=1436257438208
GGML_VK_HOST_COPY #1526300 bytes=1690112 total=1436352222208
GGML_VK_HOST_COPY #1526400 bytes=422912 total=1436464631296
GGML_VK_HOST_COPY #1526500 bytes=844800 total=1436574928384
GGML_VK_HOST_COPY #1526600 bytes=461312 total=1436693865984
GGML_VK_HOST_COPY #1526700 bytes=525312 total=1436818383872
GGML_VK_HOST_COPY #1526800 bytes=1574912 total=1436946485760
GGML_VK_HOST_COPY #1526900 bytes=922112 total=1437067854848
GGML_VK_HOST_COPY #1527000 bytes=358912 total=1437185358336
GGML_VK_HOST_COPY #1527100 bytes=1075712 total=1437272142336
GGML_VK_HOST_COPY #1527200 bytes=1434112 total=1437360717824
GGML_VK_HOST_COPY #1527300 bytes=922112 total=1437465472512
GGML_VK_HOST_COPY #1527400 bytes=845312 total=1437586905600
GGML_VK_HOST_COPY #1527500 bytes=1690112 total=1437696780800
GGML_VK_HOST_COPY #1527600 bytes=4224512 total=1437812147200
GGML_VK_HOST_COPY #1527700 bytes=2304512 total=1437932160000
GGML_VK_HOST_COPY #1527800 bytes=525312 total=1438066432000
GGML_VK_HOST_COPY #1527900 bytes=525312 total=1438216051200
GGML_VK_HOST_COPY #1528000 bytes=922112 total=1438379212800
GGML_SCHED_UPLOAD_STATS layers=48 copies=6048 bytes=5819098624 branch_ms=54.53 id_ms=49.36 wait_ms=1181.38
GGML_VK_HOST_COPY #1528100 bytes=525312 total=1438525216768
GGML_VK_HOST_COPY #1528200 bytes=1574912 total=1438626554368
GGML_VK_HOST_COPY #1528300 bytes=525312 total=1438714246656
GGML_VK_HOST_COPY #1528400 bytes=922112 total=1438804268544
GGML_VK_HOST_COPY #1528500 bytes=461312 total=1438888185344
GGML_VK_HOST_COPY #1528600 bytes=422912 total=1438967091200
GGML_VK_HOST_COPY #1528700 bytes=422912 total=1439046131200
GGML_VK_HOST_COPY #1528800 bytes=461312 total=1439123980800
GGML_VK_HOST_COPY #1528900 bytes=525312 total=1439211584000
GGML_VK_HOST_COPY #1529000 bytes=525312 total=1439302425600
GGML_VK_HOST_COPY #1529100 bytes=525312 total=1439388018688
GGML_VK_HOST_COPY #1529200 bytes=922112 total=1439469016576
GGML_VK_HOST_COPY #1529300 bytes=1050112 total=1439552587264
GGML_VK_HOST_COPY #1529400 bytes=525312 total=1439629259264
GGML_VK_HOST_COPY #1529500 bytes=525312 total=1439713278464
GGML_VK_HOST_COPY #1529600 bytes=461312 total=1439784740864
GGML_VK_HOST_COPY #1529700 bytes=2957312 total=1439859096064
GGML_VK_HOST_COPY #1529800 bytes=422912 total=1439930110464
GGML_VK_HOST_COPY #1529900 bytes=1267712 total=1440004504064
GGML_VK_HOST_COPY #1530000 bytes=1382912 total=1440085924864
GGML_VK_HOST_COPY #1530100 bytes=1050112 total=1440172644864
GGML_VK_HOST_COPY #1530200 bytes=525312 total=1440266635264
GGML_VK_HOST_COPY #1530300 bytes=461312 total=1440361048064
GGML_VK_HOST_COPY #1530400 bytes=1574912 total=1440446104064
GGML_VK_HOST_COPY #1530500 bytes=525312 total=1440546392064
GGML_VK_HOST_COPY #1530600 bytes=2099712 total=1440641956864
GGML_VK_HOST_COPY #1530700 bytes=922112 total=1440731403264
GGML_VK_HOST_COPY #1530800 bytes=525312 total=1440810174464
GGML_VK_HOST_COPY #1530900 bytes=525312 total=1440909412864
GGML_VK_HOST_COPY #1531000 bytes=525312 total=1441004452864
GGML_VK_HOST_COPY #1531100 bytes=461312 total=1441094769664
GGML_VK_HOST_COPY #1531200 bytes=1075712 total=1441175768064
GGML_VK_HOST_COPY #1531300 bytes=358912 total=1441244631552
GGML_VK_HOST_COPY #1531400 bytes=2150912 total=1441320663552
GGML_VK_HOST_COPY #1531500 bytes=461312 total=1441410775040
GGML_VK_HOST_COPY #1531600 bytes=1267712 total=1441501219328
GGML_VK_HOST_COPY #1531700 bytes=845312 total=1441597577216
GGML_VK_HOST_COPY #1531800 bytes=1382912 total=1441689941504
GGML_VK_HOST_COPY #1531900 bytes=922112 total=1441791829504
GGML_VK_HOST_COPY #1532000 bytes=422912 total=1441867374592
GGML_VK_HOST_COPY #1532100 bytes=422912 total=1441951905792
GGML_VK_HOST_COPY #1532200 bytes=461312 total=1442035438592
GGML_VK_HOST_COPY #1532300 bytes=461312 total=1442118894592
GGML_VK_HOST_COPY #1532400 bytes=3802112 total=1442226926592
GGML_VK_HOST_COPY #1532500 bytes=1267712 total=1442332999680
GGML_VK_HOST_COPY #1532600 bytes=1382912 total=1442445370368
GGML_VK_HOST_COPY #1532700 bytes=1050112 total=1442577376256
GGML_VK_HOST_COPY #1532800 bytes=1050112 total=1442721222144
GGML_VK_HOST_COPY #1532900 bytes=922112 total=1442866130432
GGML_VK_HOST_COPY #1533000 bytes=461312 total=1442994284032
GGML_VK_HOST_COPY #1533100 bytes=2150912 total=1443084497920
GGML_VK_HOST_COPY #1533200 bytes=2150912 total=1443171998208
GGML_VK_HOST_COPY #1533300 bytes=1843712 total=1443268458496
GGML_VK_HOST_COPY #1533400 bytes=422912 total=1443387395584
GGML_VK_HOST_COPY #1533500 bytes=422912 total=1443491357184
GGML_VK_HOST_COPY #1533600 bytes=1690112 total=1443595318784
GGML_VK_HOST_COPY #1533700 bytes=922112 total=1443705885184
GGML_VK_HOST_COPY #1533800 bytes=1050112 total=1443827152384
GGML_VK_HOST_COPY #1533900 bytes=525312 total=1443985693184
GGML_VK_HOST_COPY #1534000 bytes=3149312 total=1444140560384
GGML_VK_HOST_COPY #1534100 bytes=1382912 total=1444275382784
GGML_SCHED_UPLOAD_STATS layers=48 copies=6033 bytes=5788882944 branch_ms=54.57 id_ms=49.41 wait_ms=1186.82
13.16.443.430 I slot print_timing: id  0 | task 8 | prompt processing, n_tokens = 122880, progress = 0.96, t = 712.56 s / 172.45 tokens per second
GGML_VK_HOST_COPY #1534200 bytes=2099712 total=1444387069952
GGML_VK_HOST_COPY #1534300 bytes=1050112 total=1444481584640
GGML_VK_HOST_COPY #1534400 bytes=524800 total=1444575049728
GGML_VK_HOST_COPY #1534500 bytes=922112 total=1444659888128
GGML_VK_HOST_COPY #1534600 bytes=845312 total=1444740253184
GGML_VK_HOST_COPY #1534700 bytes=422912 total=1444816758784
GGML_VK_HOST_COPY #1534800 bytes=1843712 total=1444897526784
GGML_VK_HOST_COPY #1534900 bytes=461312 total=1444981443584
GGML_VK_HOST_COPY #1535000 bytes=525312 total=1445068713984
GGML_VK_HOST_COPY #1535100 bytes=1050112 total=1445156931072
GGML_VK_HOST_COPY #1535200 bytes=461312 total=1445239797760
GGML_VK_HOST_COPY #1535300 bytes=525312 total=1445319925248
GGML_VK_HOST_COPY #1535400 bytes=525312 total=1445402894848
GGML_VK_HOST_COPY #1535500 bytes=1050112 total=1445482715648
GGML_VK_HOST_COPY #1535600 bytes=461312 total=1445555650048
GGML_VK_HOST_COPY #1535700 bytes=461312 total=1445627586048
GGML_VK_HOST_COPY #1535800 bytes=422912 total=1445703515648
GGML_VK_HOST_COPY #1535900 bytes=422912 total=1445781710848
GGML_VK_HOST_COPY #1536000 bytes=461312 total=1445861672448
GGML_VK_HOST_COPY #1536100 bytes=525312 total=1445950658048
GGML_VK_HOST_COPY #1536200 bytes=1050112 total=1446047797248
GGML_VK_HOST_COPY #1536300 bytes=461312 total=1446141992448
GGML_VK_HOST_COPY #1536400 bytes=461312 total=1446225909248
GGML_VK_HOST_COPY #1536500 bytes=525312 total=1446326965248
GGML_VK_HOST_COPY #1536600 bytes=1050112 total=1446425154048
GGML_VK_HOST_COPY #1536700 bytes=922112 total=1446515624448
GGML_VK_HOST_COPY #1536800 bytes=461312 total=1446600002048
GGML_VK_HOST_COPY #1536900 bytes=525312 total=1446694978048
GGML_VK_HOST_COPY #1537000 bytes=1050112 total=1446794741248
GGML_VK_HOST_COPY #1537100 bytes=922112 total=1446888206848
GGML_VK_HOST_COPY #1537200 bytes=1075712 total=1446974120448
GGML_VK_HOST_COPY #1537300 bytes=358912 total=1447046210048
GGML_VK_HOST_COPY #1537400 bytes=717312 total=1447113639936
GGML_VK_HOST_COPY #1537500 bytes=1843712 total=1447194689024
GGML_VK_HOST_COPY #1537600 bytes=422912 total=1447285939712
GGML_VK_HOST_COPY #1537700 bytes=422912 total=1447380185600
GGML_VK_HOST_COPY #1537800 bytes=1267712 total=1447472742400
GGML_VK_HOST_COPY #1537900 bytes=461312 total=1447567756288
GGML_VK_HOST_COPY #1538000 bytes=422912 total=1447661656576
GGML_VK_HOST_COPY #1538100 bytes=422912 total=1447746610176
GGML_VK_HOST_COPY #1538200 bytes=922112 total=1447825803776
GGML_VK_HOST_COPY #1538300 bytes=922112 total=1447913406976
GGML_VK_HOST_COPY #1538400 bytes=422912 total=1448009957376
GGML_VK_HOST_COPY #1538500 bytes=1690112 total=1448117297664
GGML_VK_HOST_COPY #1538600 bytes=922112 total=1448232125952
GGML_VK_HOST_COPY #1538700 bytes=1050112 total=1448351280640
GGML_VK_HOST_COPY #1538800 bytes=1050112 total=1448493552640
GGML_VK_HOST_COPY #1538900 bytes=1050112 total=1448627952128
GGML_VK_HOST_COPY #1539000 bytes=2304512 total=1448751343616
GGML_VK_HOST_COPY #1539100 bytes=717312 total=1448858095104
GGML_VK_HOST_COPY #1539200 bytes=2509312 total=1448947746304
GGML_VK_HOST_COPY #1539300 bytes=1075712 total=1449035963904
GGML_VK_HOST_COPY #1539400 bytes=461312 total=1449143125504
GGML_VK_HOST_COPY #1539500 bytes=845312 total=1449267055104
GGML_VK_HOST_COPY #1539600 bytes=1690112 total=1449390024704
GGML_VK_HOST_COPY #1539700 bytes=461312 total=1449512840704
GGML_VK_HOST_COPY #1539800 bytes=525312 total=1449647035904
GGML_VK_HOST_COPY #1539900 bytes=1050112 total=1449804002304
GGML_VK_HOST_COPY #1540000 bytes=1050112 total=1449963592704
GGML_VK_HOST_COPY #1540100 bytes=1382912 total=1450099976704
GGML_SCHED_UPLOAD_STATS layers=48 copies=6000 bytes=5818256384 branch_ms=54.81 id_ms=49.71 wait_ms=1182.36
GGML_VK_HOST_COPY #1540200 bytes=525312 total=1450213187072
GGML_VK_HOST_COPY #1540300 bytes=1574912 total=1450308226560
GGML_VK_HOST_COPY #1540400 bytes=525312 total=1450402741760
GGML_VK_HOST_COPY #1540500 bytes=461312 total=1450486325248
GGML_VK_HOST_COPY #1540600 bytes=1690112 total=1450567727104
GGML_VK_HOST_COPY #1540700 bytes=845312 total=1450644655104
GGML_VK_HOST_COPY #1540800 bytes=461312 total=1450723503104
GGML_VK_HOST_COPY #1540900 bytes=461312 total=1450808341504
GGML_VK_HOST_COPY #1541000 bytes=525312 total=1450896405504
GGML_VK_HOST_COPY #1541100 bytes=4723712 total=1450983572992
GGML_VK_HOST_COPY #1541200 bytes=922112 total=1451066823680
GGML_VK_HOST_COPY #1541300 bytes=1574912 total=1451147552768
GGML_VK_HOST_COPY #1541400 bytes=525312 total=1451229997568
GGML_VK_HOST_COPY #1541500 bytes=1050112 total=1451308243968
GGML_VK_HOST_COPY #1541600 bytes=922112 total=1451382419968
GGML_VK_HOST_COPY #1541700 bytes=922112 total=1451453895168
GGML_VK_HOST_COPY #1541800 bytes=422912 total=1451528634368
GGML_VK_HOST_COPY #1541900 bytes=2112512 total=1451604717568
GGML_VK_HOST_COPY #1542000 bytes=461312 total=1451683527168
GGML_VK_HOST_COPY #1542100 bytes=1050112 total=1451770554368
GGML_VK_HOST_COPY #1542200 bytes=1050112 total=1451864019968
GGML_VK_HOST_COPY #1542300 bytes=525312 total=1451957485568
GGML_VK_HOST_COPY #1542400 bytes=461312 total=1452039802368
GGML_VK_HOST_COPY #1542500 bytes=1050112 total=1452140627968
GGML_VK_HOST_COPY #1542600 bytes=1050112 total=1452239341568
GGML_VK_HOST_COPY #1542700 bytes=922112 total=1452328135168
GGML_VK_HOST_COPY #1542800 bytes=461312 total=1452417581568
GGML_VK_HOST_COPY #1542900 bytes=1050112 total=1452507591168
GGML_VK_HOST_COPY #1543000 bytes=525312 total=1452605779968
GGML_VK_HOST_COPY #1543100 bytes=461312 total=1452700384768
GGML_VK_HOST_COPY #1543200 bytes=358912 total=1452789063168
GGML_VK_HOST_COPY #1543300 bytes=358912 total=1452857927168
GGML_VK_HOST_COPY #1543400 bytes=358912 total=1452929657856
GGML_VK_HOST_COPY #1543500 bytes=461312 total=1453009529344
GGML_VK_HOST_COPY #1543600 bytes=845312 total=1453102047232
GGML_VK_HOST_COPY #1543700 bytes=422912 total=1453195448320
GGML_VK_HOST_COPY #1543800 bytes=1267712 total=1453286737920
GGML_VK_HOST_COPY #1543900 bytes=2304512 total=1453388817408
GGML_VK_HOST_COPY #1544000 bytes=422912 total=1453477034496
GGML_VK_HOST_COPY #1544100 bytes=845312 total=1453560720896
GGML_VK_HOST_COPY #1544200 bytes=422912 total=1453636381696
GGML_VK_HOST_COPY #1544300 bytes=461312 total=1453714653696
GGML_VK_HOST_COPY #1544400 bytes=1267712 total=1453808631296
GGML_VK_HOST_COPY #1544500 bytes=845312 total=1453913014784
GGML_VK_HOST_COPY #1544600 bytes=461312 total=1454017782272
GGML_VK_HOST_COPY #1544700 bytes=2304512 total=1454131651072
GGML_VK_HOST_COPY #1544800 bytes=4198912 total=1454267381760
GGML_VK_HOST_COPY #1544900 bytes=2099712 total=1454399157248
GGML_VK_HOST_COPY #1545000 bytes=3226112 total=1454520692736
GGML_VK_HOST_COPY #1545100 bytes=358912 total=1454632359424
GGML_VK_HOST_COPY #1545200 bytes=358912 total=1454711617024
GGML_VK_HOST_COPY #1545300 bytes=358912 total=1454794099712
GGML_VK_HOST_COPY #1545400 bytes=461312 total=1454886566400
GGML_VK_HOST_COPY #1545500 bytes=2957312 total=1455001817088
GGML_VK_HOST_COPY #1545600 bytes=422912 total=1455119717888
GGML_VK_HOST_COPY #1545700 bytes=422912 total=1455233817088
GGML_VK_HOST_COPY #1545800 bytes=2304512 total=1455359628288
GGML_VK_HOST_COPY #1545900 bytes=525312 total=1455494885888
GGML_VK_HOST_COPY #1546000 bytes=525312 total=1455646079488
GGML_VK_HOST_COPY #1546100 bytes=461312 total=1455788684288
GGML_SCHED_UPLOAD_STATS layers=48 copies=6045 bytes=5753817088 branch_ms=52.08 id_ms=47.38 wait_ms=1181.09
GGML_VK_HOST_COPY #1546200 bytes=1050112 total=1455934432256
GGML_VK_HOST_COPY #1546300 bytes=525312 total=1456032621056
GGML_VK_HOST_COPY #1546400 bytes=525312 total=1456121887744
GGML_VK_HOST_COPY #1546500 bytes=461312 total=1456211896832
GGML_VK_HOST_COPY #1546600 bytes=845312 total=1456295257088
GGML_VK_HOST_COPY #1546700 bytes=1267712 total=1456373452288
GGML_VK_HOST_COPY #1546800 bytes=422912 total=1456451647488
GGML_VK_HOST_COPY #1546900 bytes=1382912 total=1456533452288
GGML_VK_HOST_COPY #1547000 bytes=525312 total=1456616601088
GGML_VK_HOST_COPY #1547100 bytes=1050112 total=1456707966976
GGML_VK_HOST_COPY #1547200 bytes=525312 total=1456793560576
GGML_VK_HOST_COPY #1547300 bytes=922112 total=1456873880064
GGML_VK_HOST_COPY #1547400 bytes=525312 total=1456956029952
GGML_VK_HOST_COPY #1547500 bytes=525312 total=1457034801152
GGML_VK_HOST_COPY #1547600 bytes=525312 total=1457117770752
GGML_VK_HOST_COPY #1547700 bytes=461312 total=1457193085952
GGML_VK_HOST_COPY #1547800 bytes=422912 total=1457263409152
GGML_VK_HOST_COPY #1547900 bytes=2957312 total=1457343716352
GGML_VK_HOST_COPY #1548000 bytes=1382912 total=1457417572352
GGML_VK_HOST_COPY #1548100 bytes=922112 total=1457499645952
GGML_VK_HOST_COPY #1548200 bytes=1050112 total=1457592215552
GGML_VK_HOST_COPY #1548300 bytes=1050112 total=1457682532352
GGML_VK_HOST_COPY #1548400 bytes=461312 total=1457770365952
GGML_VK_HOST_COPY #1548500 bytes=525312 total=1457864753152
GGML_VK_HOST_COPY #1548600 bytes=1050112 total=1457961892352
GGML_VK_HOST_COPY #1548700 bytes=525312 total=1458062180352
GGML_VK_HOST_COPY #1548800 bytes=461312 total=1458149860352
GGML_VK_HOST_COPY #1548900 bytes=525312 total=1458231255552
GGML_VK_HOST_COPY #1549000 bytes=525312 total=1458334167552
GGML_VK_HOST_COPY #1549100 bytes=1382912 total=1458439908352
GGML_VK_HOST_COPY #1549200 bytes=461312 total=1458522442752
GGML_VK_HOST_COPY #1549300 bytes=358912 total=1458599703552
GGML_VK_HOST_COPY #1549400 bytes=358912 total=1458668925440
GGML_VK_HOST_COPY #1549500 bytes=461312 total=1458747772928
GGML_VK_HOST_COPY #1549600 bytes=1267712 total=1458841442816
GGML_VK_HOST_COPY #1549700 bytes=1267712 total=1458925129216
GGML_VK_HOST_COPY #1549800 bytes=2112512 total=1459015151104
GGML_VK_HOST_COPY #1549900 bytes=922112 total=1459110011392
GGML_VK_HOST_COPY #1550000 bytes=422912 total=1459208826880
GGML_VK_HOST_COPY #1550100 bytes=422912 total=1459284910080
GGML_VK_HOST_COPY #1550200 bytes=422912 total=1459358881280
GGML_VK_HOST_COPY #1550300 bytes=461312 total=1459444602880
GGML_VK_HOST_COPY #1550400 bytes=422912 total=1459530286080
GGML_VK_HOST_COPY #1550500 bytes=1267712 total=1459635514880
GGML_VK_HOST_COPY #1550600 bytes=845312 total=1459740320768
GGML_VK_HOST_COPY #1550700 bytes=461312 total=1459848237056
GGML_VK_HOST_COPY #1550800 bytes=525312 total=1459966393344
GGML_VK_HOST_COPY #1550900 bytes=525312 total=1460102892032
GGML_VK_HOST_COPY #1551000 bytes=461312 total=1460244190720
GGML_VK_HOST_COPY #1551100 bytes=2765312 total=1460364971520
GGML_VK_HOST_COPY #1551200 bytes=358912 total=1460451959808
GGML_VK_HOST_COPY #1551300 bytes=717312 total=1460534442496
GGML_VK_HOST_COPY #1551400 bytes=922112 total=1460623785984
GGML_VK_HOST_COPY #1551500 bytes=461312 total=1460729360384
GGML_VK_HOST_COPY #1551600 bytes=422912 total=1460842422272
GGML_VK_HOST_COPY #1551700 bytes=1690112 total=1460951875072
GGML_VK_HOST_COPY #1551800 bytes=461312 total=1461062825472
GGML_VK_HOST_COPY #1551900 bytes=1050112 total=1461181724672
GGML_VK_HOST_COPY #1552000 bytes=2099712 total=1461348137472
GGML_VK_HOST_COPY #1552100 bytes=1050112 total=1461513500672
GGML_VK_HOST_COPY #1552200 bytes=922112 total=1461652470272
GGML_SCHED_UPLOAD_STATS layers=48 copies=6045 bytes=5768946688 branch_ms=54.40 id_ms=49.28 wait_ms=1184.33
GGML_VK_HOST_COPY #1552300 bytes=525312 total=1461764272640
GGML_VK_HOST_COPY #1552400 bytes=2099712 total=1461858787328
GGML_VK_HOST_COPY #1552500 bytes=922112 total=1461951215616
GGML_VK_HOST_COPY #1552600 bytes=1382912 total=1462035593216
GGML_VK_HOST_COPY #1552700 bytes=422912 total=1462116111872
GGML_VK_HOST_COPY #1552800 bytes=1267712 total=1462192195072
GGML_VK_HOST_COPY #1552900 bytes=461312 total=1462272771072
GGML_VK_HOST_COPY #1553000 bytes=461312 total=1462355766272
GGML_VK_HOST_COPY #1553100 bytes=525312 total=1462444867072
GGML_VK_HOST_COPY #1553200 bytes=1050112 total=1462532559360
GGML_VK_HOST_COPY #1553300 bytes=461312 total=1462614581248
GGML_VK_HOST_COPY #1553400 bytes=525312 total=1462698177536
GGML_VK_HOST_COPY #1553500 bytes=525312 total=1462780097536
GGML_VK_HOST_COPY #1553600 bytes=1050112 total=1462865691136
GGML_VK_HOST_COPY #1553700 bytes=922112 total=1462938062336
GGML_VK_HOST_COPY #1553800 bytes=461312 total=1463010459136
GGML_VK_HOST_COPY #1553900 bytes=1690112 total=1463084507136
GGML_VK_HOST_COPY #1554000 bytes=845312 total=1463161435136
GGML_VK_HOST_COPY #1554100 bytes=1382912 total=1463239015936
GGML_VK_HOST_COPY #1554200 bytes=525312 total=1463323572736
GGML_VK_HOST_COPY #1554300 bytes=1574912 total=1463420711936
GGML_VK_HOST_COPY #1554400 bytes=2304512 total=1463516238336
GGML_VK_HOST_COPY #1554500 bytes=461312 total=1463596929536
GGML_VK_HOST_COPY #1554600 bytes=525312 total=1463696667136
GGML_VK_HOST_COPY #1554700 bytes=1574912 total=1463794331136
GGML_VK_HOST_COPY #1554800 bytes=922112 total=1463884084736
GGML_VK_HOST_COPY #1554900 bytes=461312 total=1463966619136
GGML_VK_HOST_COPY #1555000 bytes=525312 total=1464062708736
GGML_VK_HOST_COPY #1555100 bytes=1574912 total=1464164571136
GGML_VK_HOST_COPY #1555200 bytes=1382912 total=1464256206336
GGML_VK_HOST_COPY #1555300 bytes=1434112 total=1464347086336
GGML_VK_HOST_COPY #1555400 bytes=717312 total=1464420250624
GGML_VK_HOST_COPY #1555500 bytes=717312 total=1464495565824
GGML_VK_HOST_COPY #1555600 bytes=461312 total=1464588544512
GGML_VK_HOST_COPY #1555700 bytes=422912 total=1464675148800
GGML_VK_HOST_COPY #1555800 bytes=845312 total=1464764748288
GGML_VK_HOST_COPY #1555900 bytes=461312 total=1464850046976
GGML_VK_HOST_COPY #1556000 bytes=1382912 total=1464939954176
GGML_VK_HOST_COPY #1556100 bytes=422912 total=1465025713664
GGML_VK_HOST_COPY #1556200 bytes=845312 total=1465111089664
GGML_VK_HOST_COPY #1556300 bytes=461312 total=1465191704064
GGML_VK_HOST_COPY #1556400 bytes=922112 total=1465281150464
GGML_VK_HOST_COPY #1556500 bytes=1267712 total=1465379006464
GGML_VK_HOST_COPY #1556600 bytes=2957312 total=1465480433152
GGML_VK_HOST_COPY #1556700 bytes=922112 total=1465587735040
GGML_VK_HOST_COPY #1556800 bytes=2624512 total=1465698390528
GGML_VK_HOST_COPY #1556900 bytes=525312 total=1465845385728
GGML_VK_HOST_COPY #1557000 bytes=525312 total=1465988706816
GGML_VK_HOST_COPY #1557100 bytes=3226112 total=1466109205504
GGML_VK_HOST_COPY #1557200 bytes=1434112 total=1466209608192
GGML_VK_HOST_COPY #1557300 bytes=358912 total=1466294241280
GGML_VK_HOST_COPY #1557400 bytes=1382912 total=1466380205568
GGML_VK_HOST_COPY #1557500 bytes=2765312 total=1466486240768
GGML_VK_HOST_COPY #1557600 bytes=1267712 total=1466611897856
GGML_VK_HOST_COPY #1557700 bytes=845312 total=1466725996544
GGML_VK_HOST_COPY #1557800 bytes=1382912 total=1466845048832
GGML_VK_HOST_COPY #1557900 bytes=1050112 total=1466969643520
GGML_VK_HOST_COPY #1558000 bytes=4198912 total=1467135006720
GGML_VK_HOST_COPY #1558100 bytes=3149312 total=1467296171520
GGML_VK_HOST_COPY #1558200 bytes=2765312 total=1467440145920
GGML_SCHED_UPLOAD_STATS layers=48 copies=5997 bytes=5773042176 branch_ms=54.38 id_ms=49.29 wait_ms=1183.53
13.30.949.676 I slot print_timing: id  0 | task 8 | prompt processing, n_tokens = 124928, progress = 0.98, t = 727.06 s / 171.83 tokens per second
GGML_VK_HOST_COPY #1558300 bytes=525312 total=1467548325888
GGML_VK_HOST_COPY #1558400 bytes=525312 total=1467642840576
GGML_VK_HOST_COPY #1558500 bytes=461312 total=1467735204864
GGML_VK_HOST_COPY #1558600 bytes=2304512 total=1467821425664
GGML_VK_HOST_COPY #1558700 bytes=422912 total=1467900062720
GGML_VK_HOST_COPY #1558800 bytes=422912 total=1467976145920
GGML_VK_HOST_COPY #1558900 bytes=922112 total=1468057221120
GGML_VK_HOST_COPY #1559000 bytes=2304512 total=1468141598720
GGML_VK_HOST_COPY #1559100 bytes=525312 total=1468228920320
GGML_VK_HOST_COPY #1559200 bytes=525312 total=1468316087808
GGML_VK_HOST_COPY #1559300 bytes=461312 total=1468398237696
GGML_VK_HOST_COPY #1559400 bytes=1050112 total=1468479542784
GGML_VK_HOST_COPY #1559500 bytes=525312 total=1468563561984
GGML_VK_HOST_COPY #1559600 bytes=1050112 total=1468649155584
GGML_VK_HOST_COPY #1559700 bytes=922112 total=1468720541184
GGML_VK_HOST_COPY #1559800 bytes=461312 total=1468792937984
GGML_VK_HOST_COPY #1559900 bytes=845312 total=1468868214784
GGML_VK_HOST_COPY #1560000 bytes=845312 total=1468945142784
GGML_VK_HOST_COPY #1560100 bytes=1382912 total=1469023645184
GGML_VK_HOST_COPY #1560200 bytes=525312 total=1469108726784
GGML_VK_HOST_COPY #1560300 bytes=525312 total=1469205865984
GGML_VK_HOST_COPY #1560400 bytes=461312 total=1469301328384
GGML_VK_HOST_COPY #1560500 bytes=922112 total=1469382480384
GGML_VK_HOST_COPY #1560600 bytes=525312 total=1469482870784
GGML_VK_HOST_COPY #1560700 bytes=525312 total=1469582109184
GGML_VK_HOST_COPY #1560800 bytes=461312 total=1469673782784
GGML_VK_HOST_COPY #1560900 bytes=2099712 total=1469761219584
GGML_VK_HOST_COPY #1561000 bytes=525312 total=1469855734784
GGML_VK_HOST_COPY #1561100 bytes=525312 total=1469951299584
GGML_VK_HOST_COPY #1561200 bytes=1382912 total=1470042217984
GGML_VK_HOST_COPY #1561300 bytes=717312 total=1470128489984
GGML_VK_HOST_COPY #1561400 bytes=358912 total=1470201654272
GGML_VK_HOST_COPY #1561500 bytes=717312 total=1470272310272
GGML_VK_HOST_COPY #1561600 bytes=461312 total=1470360527360
GGML_VK_HOST_COPY #1561700 bytes=1267712 total=1470446171648
GGML_VK_HOST_COPY #1561800 bytes=845312 total=1470534926336
GGML_VK_HOST_COPY #1561900 bytes=422912 total=1470618190336
GGML_VK_HOST_COPY #1562000 bytes=461312 total=1470712397824
GGML_VK_HOST_COPY #1562100 bytes=422912 total=1470803725312
GGML_VK_HOST_COPY #1562200 bytes=422912 total=1470882342912
GGML_VK_HOST_COPY #1562300 bytes=422912 total=1470955046912
GGML_VK_HOST_COPY #1562400 bytes=922112 total=1471034163712
GGML_VK_HOST_COPY #1562500 bytes=845312 total=1471125760512
GGML_VK_HOST_COPY #1562600 bytes=845312 total=1471232678400
GGML_VK_HOST_COPY #1562700 bytes=922112 total=1471339058688
GGML_VK_HOST_COPY #1562800 bytes=461312 total=1471453388288
GGML_VK_HOST_COPY #1562900 bytes=525312 total=1471577406976
GGML_VK_HOST_COPY #1563000 bytes=1574912 total=1471717579264
GGML_VK_HOST_COPY #1563100 bytes=922112 total=1471838845952
GGML_VK_HOST_COPY #1563200 bytes=1075712 total=1471950256640
GGML_VK_HOST_COPY #1563300 bytes=358912 total=1472032023040
GGML_VK_HOST_COPY #1563400 bytes=1075712 total=1472113789440
GGML_VK_HOST_COPY #1563500 bytes=1843712 total=1472214755840
GGML_VK_HOST_COPY #1563600 bytes=845312 total=1472325591040
GGML_VK_HOST_COPY #1563700 bytes=845312 total=1472434199040
GGML_VK_HOST_COPY #1563800 bytes=845312 total=1472539427840
GGML_VK_HOST_COPY #1563900 bytes=2304512 total=1472652951040
GGML_VK_HOST_COPY #1564000 bytes=525312 total=1472790960640
GGML_VK_HOST_COPY #1564100 bytes=1050112 total=1472943728640
GGML_VK_HOST_COPY #1564200 bytes=1843712 total=1473081623040
GGML_SCHED_UPLOAD_STATS layers=48 copies=6057 bytes=5714426368 branch_ms=54.68 id_ms=49.55 wait_ms=1171.41
GGML_VK_HOST_COPY #1564300 bytes=2099712 total=1473218103808
GGML_VK_HOST_COPY #1564400 bytes=525312 total=1473315243008
GGML_VK_HOST_COPY #1564500 bytes=525312 total=1473405559296
GGML_VK_HOST_COPY #1564600 bytes=461312 total=1473494697984
GGML_VK_HOST_COPY #1564700 bytes=422912 total=1473580170240
GGML_VK_HOST_COPY #1564800 bytes=845312 total=1473656253440
GGML_VK_HOST_COPY #1564900 bytes=422912 total=1473736560640
GGML_VK_HOST_COPY #1565000 bytes=1843712 total=1473816714240
GGML_VK_HOST_COPY #1565100 bytes=525312 total=1473900797440
GGML_VK_HOST_COPY #1565200 bytes=1050112 total=1473991638528
GGML_VK_HOST_COPY #1565300 bytes=525312 total=1474076707328
GGML_VK_HOST_COPY #1565400 bytes=1382912 total=1474158985216
GGML_VK_HOST_COPY #1565500 bytes=525312 total=1474242325504
GGML_VK_HOST_COPY #1565600 bytes=525312 total=1474322671104
GGML_VK_HOST_COPY #1565700 bytes=525312 total=1474405115904
GGML_VK_HOST_COPY #1565800 bytes=1382912 total=1474482210304
GGML_VK_HOST_COPY #1565900 bytes=422912 total=1474551880704
GGML_VK_HOST_COPY #1566000 bytes=422912 total=1474630075904
GGML_VK_HOST_COPY #1566100 bytes=922112 total=1474705621504
GGML_VK_HOST_COPY #1566200 bytes=2765312 total=1474785391104
GGML_VK_HOST_COPY #1566300 bytes=525312 total=1474879125504
GGML_VK_HOST_COPY #1566400 bytes=2099712 total=1474973640704
GGML_VK_HOST_COPY #1566500 bytes=461312 total=1475060770304
GGML_VK_HOST_COPY #1566600 bytes=525312 total=1475156655104
GGML_VK_HOST_COPY #1566700 bytes=1574912 total=1475253269504
GGML_VK_HOST_COPY #1566800 bytes=525312 total=1475355656704
GGML_VK_HOST_COPY #1566900 bytes=461312 total=1475443362304
GGML_VK_HOST_COPY #1567000 bytes=525312 total=1475526370304
GGML_VK_HOST_COPY #1567100 bytes=1574912 total=1475625083904
GGML_VK_HOST_COPY #1567200 bytes=1382912 total=1475726703104
GGML_VK_HOST_COPY #1567300 bytes=2304512 total=1475807394304
GGML_VK_HOST_COPY #1567400 bytes=2150912 total=1475884859904
GGML_VK_HOST_COPY #1567500 bytes=717312 total=1475954081792
GGML_VK_HOST_COPY #1567600 bytes=922112 total=1476032468480
GGML_VK_HOST_COPY #1567700 bytes=422912 total=1476128826368
GGML_VK_HOST_COPY #1567800 bytes=845312 total=1476215891968
GGML_VK_HOST_COPY #1567900 bytes=1267712 total=1476306758656
GGML_VK_HOST_COPY #1568000 bytes=461312 total=1476399007744
GGML_VK_HOST_COPY #1568100 bytes=422912 total=1476494866432
GGML_VK_HOST_COPY #1568200 bytes=422912 total=1476570104832
GGML_VK_HOST_COPY #1568300 bytes=1267712 total=1476642808832
GGML_VK_HOST_COPY #1568400 bytes=1843712 total=1476727839232
GGML_VK_HOST_COPY #1568500 bytes=422912 total=1476810719232
GGML_VK_HOST_COPY #1568600 bytes=1690112 total=1476923128832
GGML_VK_HOST_COPY #1568700 bytes=422912 total=1477031736320
GGML_VK_HOST_COPY #1568800 bytes=1382912 total=1477146679808
GGML_VK_HOST_COPY #1568900 bytes=2099712 total=1477271210496
GGML_VK_HOST_COPY #1569000 bytes=525312 total=1477415581184
GGML_VK_HOST_COPY #1569100 bytes=461312 total=1477549212672
GGML_VK_HOST_COPY #1569200 bytes=358912 total=1477676700160
GGML_VK_HOST_COPY #1569300 bytes=358912 total=1477768143360
GGML_VK_HOST_COPY #1569400 bytes=717312 total=1477855643648
GGML_VK_HOST_COPY #1569500 bytes=2765312 total=1477959015936
GGML_VK_HOST_COPY #1569600 bytes=845312 total=1478080525824
GGML_VK_HOST_COPY #1569700 bytes=1690112 total=1478190822912
GGML_VK_HOST_COPY #1569800 bytes=422912 total=1478300275712
GGML_VK_HOST_COPY #1569900 bytes=461312 total=1478422169600
GGML_VK_HOST_COPY #1570000 bytes=525312 total=1478560089088
GGML_VK_HOST_COPY #1570100 bytes=525312 total=1478714956288
GGML_VK_HOST_COPY #1570200 bytes=461312 total=1478863794688
GGML_SCHED_UPLOAD_STATS layers=48 copies=5985 bytes=5757855232 branch_ms=54.30 id_ms=49.30 wait_ms=1184.59
GGML_VK_HOST_COPY #1570300 bytes=1050112 total=1478997472256
GGML_VK_HOST_COPY #1570400 bytes=525312 total=1479093037056
GGML_VK_HOST_COPY #1570500 bytes=525312 total=1479188076544
GGML_VK_HOST_COPY #1570600 bytes=1382912 total=1479273644032
GGML_VK_HOST_COPY #1570700 bytes=422912 total=1479358655488
GGML_VK_HOST_COPY #1570800 bytes=845312 total=1479436005888
GGML_VK_HOST_COPY #1570900 bytes=422912 total=1479512089088
GGML_VK_HOST_COPY #1571000 bytes=461312 total=1479596121088
GGML_VK_HOST_COPY #1571100 bytes=2099712 total=1479681215488
GGML_VK_HOST_COPY #1571200 bytes=1050112 total=1479769957376
GGML_VK_HOST_COPY #1571300 bytes=525312 total=1479860798976
GGML_VK_HOST_COPY #1571400 bytes=461312 total=1479936088064
GGML_VK_HOST_COPY #1571500 bytes=1574912 total=1480023268352
GGML_VK_HOST_COPY #1571600 bytes=1050112 total=1480102039552
GGML_VK_HOST_COPY #1571700 bytes=525312 total=1480185009152
GGML_VK_HOST_COPY #1571800 bytes=461312 total=1480259569152
GGML_VK_HOST_COPY #1571900 bytes=1690112 total=1480329162752
GGML_VK_HOST_COPY #1572000 bytes=845312 total=1480407780352
GGML_VK_HOST_COPY #1572100 bytes=461312 total=1480487818752
GGML_VK_HOST_COPY #1572200 bytes=525312 total=1480565706752
GGML_VK_HOST_COPY #1572300 bytes=525312 total=1480663370752
GGML_VK_HOST_COPY #1572400 bytes=525312 total=1480761034752
GGML_VK_HOST_COPY #1572500 bytes=1843712 total=1480846321152
GGML_VK_HOST_COPY #1572600 bytes=525312 total=1480948183552
GGML_VK_HOST_COPY #1572700 bytes=1050112 total=1481042698752
GGML_VK_HOST_COPY #1572800 bytes=461312 total=1481139389952
GGML_VK_HOST_COPY #1572900 bytes=922112 total=1481230218752
GGML_VK_HOST_COPY #1573000 bytes=1050112 total=1481314033152
GGML_VK_HOST_COPY #1573100 bytes=525312 total=1481411172352
GGML_VK_HOST_COPY #1573200 bytes=922112 total=1481511511552
GGML_VK_HOST_COPY #1573300 bytes=2304512 total=1481600497152
GGML_VK_HOST_COPY #1573400 bytes=358912 total=1481671767552
GGML_VK_HOST_COPY #1573500 bytes=717312 total=1481744931840
GGML_VK_HOST_COPY #1573600 bytes=922112 total=1481825468928
GGML_VK_HOST_COPY #1573700 bytes=845312 total=1481923862016
GGML_VK_HOST_COPY #1573800 bytes=845312 total=1482010927104
GGML_VK_HOST_COPY #1573900 bytes=1267712 total=1482100949504
GGML_VK_HOST_COPY #1574000 bytes=922112 total=1482196539392
GGML_VK_HOST_COPY #1574100 bytes=1690112 total=1482292052480
GGML_VK_HOST_COPY #1574200 bytes=422912 total=1482371937280
GGML_VK_HOST_COPY #1574300 bytes=845312 total=1482450554880
GGML_VK_HOST_COPY #1574400 bytes=461312 total=1482532359680
GGML_VK_HOST_COPY #1574500 bytes=845312 total=1482626260480
GGML_VK_HOST_COPY #1574600 bytes=422912 total=1482726419968
GGML_VK_HOST_COPY #1574700 bytes=461312 total=1482828883456
GGML_VK_HOST_COPY #1574800 bytes=461312 total=1482937222656
GGML_VK_HOST_COPY #1574900 bytes=525312 total=1483064031744
GGML_VK_HOST_COPY #1575000 bytes=1050112 total=1483201580032
GGML_VK_HOST_COPY #1575100 bytes=461312 total=1483344414720
GGML_VK_HOST_COPY #1575200 bytes=1075712 total=1483470827008
GGML_VK_HOST_COPY #1575300 bytes=717312 total=1483555818496
GGML_VK_HOST_COPY #1575400 bytes=1075712 total=1483641527296
GGML_VK_HOST_COPY #1575500 bytes=461312 total=1483745872384
GGML_VK_HOST_COPY #1575600 bytes=422912 total=1483860969472
GGML_VK_HOST_COPY #1575700 bytes=1267712 total=1483969155072
GGML_VK_HOST_COPY #1575800 bytes=1690112 total=1484074806272
GGML_VK_HOST_COPY #1575900 bytes=922112 total=1484190441472
GGML_VK_HOST_COPY #1576000 bytes=2624512 total=1484322051072
GGML_VK_HOST_COPY #1576100 bytes=525312 total=1484488988672
GGML_VK_HOST_COPY #1576200 bytes=3226112 total=1484651855872
GGML_SCHED_UPLOAD_STATS layers=48 copies=5997 bytes=5783565312 branch_ms=54.65 id_ms=49.55 wait_ms=1176.97
GGML_VK_HOST_COPY #1576300 bytes=1574912 total=1484793098240
GGML_VK_HOST_COPY #1576400 bytes=525312 total=1484887613440
GGML_VK_HOST_COPY #1576500 bytes=525312 total=1484982652928
GGML_VK_HOST_COPY #1576600 bytes=461312 total=1485068156416
GGML_VK_HOST_COPY #1576700 bytes=422912 total=1485153129472
GGML_VK_HOST_COPY #1576800 bytes=845312 total=1485230902272
GGML_VK_HOST_COPY #1576900 bytes=845312 total=1485306985472
GGML_VK_HOST_COPY #1577000 bytes=1843712 total=1485392015872
GGML_VK_HOST_COPY #1577100 bytes=2099712 total=1485475791872
GGML_VK_HOST_COPY #1577200 bytes=1050112 total=1485564533760
GGML_VK_HOST_COPY #1577300 bytes=525312 total=1485655375360
GGML_VK_HOST_COPY #1577400 bytes=922112 total=1485730267648
GGML_VK_HOST_COPY #1577500 bytes=1050112 total=1485815156736
GGML_VK_HOST_COPY #1577600 bytes=2099712 total=1485894452736
GGML_VK_HOST_COPY #1577700 bytes=525312 total=1485974273536
GGML_VK_HOST_COPY #1577800 bytes=461312 total=1486050523136
GGML_VK_HOST_COPY #1577900 bytes=422912 total=1486119655936
GGML_VK_HOST_COPY #1578000 bytes=422912 total=1486199540736
GGML_VK_HOST_COPY #1578100 bytes=1843712 total=1486278542336
GGML_VK_HOST_COPY #1578200 bytes=525312 total=1486357313536
GGML_VK_HOST_COPY #1578300 bytes=525312 total=1486454452736
GGML_VK_HOST_COPY #1578400 bytes=1050112 total=1486553691136
GGML_VK_HOST_COPY #1578500 bytes=461312 total=1486639348736
GGML_VK_HOST_COPY #1578600 bytes=1574912 total=1486740315136
GGML_VK_HOST_COPY #1578700 bytes=525312 total=1486832731136
GGML_VK_HOST_COPY #1578800 bytes=525312 total=1486931444736
GGML_VK_HOST_COPY #1578900 bytes=1382912 total=1487018971136
GGML_VK_HOST_COPY #1579000 bytes=1050112 total=1487109377536
GGML_VK_HOST_COPY #1579100 bytes=1574912 total=1487209665536
GGML_VK_HOST_COPY #1579200 bytes=922112 total=1487311835136
GGML_VK_HOST_COPY #1579300 bytes=461312 total=1487400820736
GGML_VK_HOST_COPY #1579400 bytes=358912 total=1487474702336
GGML_VK_HOST_COPY #1579500 bytes=358912 total=1487545716224
GGML_VK_HOST_COPY #1579600 bytes=461312 total=1487628198912
GGML_VK_HOST_COPY #1579700 bytes=422912 total=1487722022400
GGML_VK_HOST_COPY #1579800 bytes=845312 total=1487816690688
GGML_VK_HOST_COPY #1579900 bytes=422912 total=1487900377088
GGML_VK_HOST_COPY #1580000 bytes=922112 total=1488000728576
GGML_VK_HOST_COPY #1580100 bytes=422912 total=1488096088064
GGML_VK_HOST_COPY #1580200 bytes=845312 total=1488175550464
GGML_VK_HOST_COPY #1580300 bytes=845312 total=1488259236864
GGML_VK_HOST_COPY #1580400 bytes=461312 total=1488340696064
GGML_VK_HOST_COPY #1580500 bytes=845312 total=1488431985664
GGML_VK_HOST_COPY #1580600 bytes=422912 total=1488540593152
GGML_VK_HOST_COPY #1580700 bytes=461312 total=1488652272640
GGML_VK_HOST_COPY #1580800 bytes=2304512 total=1488770749440
GGML_VK_HOST_COPY #1580900 bytes=2624512 total=1488904496128
GGML_VK_HOST_COPY #1581000 bytes=525312 total=1489033122816
GGML_VK_HOST_COPY #1581100 bytes=461312 total=1489155183104
GGML_VK_HOST_COPY #1581200 bytes=358912 total=1489272225792
GGML_VK_HOST_COPY #1581300 bytes=358912 total=1489360801280
GGML_VK_HOST_COPY #1581400 bytes=1075712 total=1489446868480
GGML_VK_HOST_COPY #1581500 bytes=461312 total=1489552851968
GGML_VK_HOST_COPY #1581600 bytes=1690112 total=1489668909056
GGML_VK_HOST_COPY #1581700 bytes=1690112 total=1489783007744
GGML_VK_HOST_COPY #1581800 bytes=1690112 total=1489896684544
GGML_VK_HOST_COPY #1581900 bytes=1382912 total=1490013240832
GGML_VK_HOST_COPY #1582000 bytes=2624512 total=1490157675520
GGML_VK_HOST_COPY #1582100 bytes=5248512 total=1490318315520
GGML_VK_HOST_COPY #1582200 bytes=1843712 total=1490468024320
GGML_SCHED_UPLOAD_STATS layers=48 copies=5997 bytes=5795544576 branch_ms=54.53 id_ms=49.44 wait_ms=1184.03
13.45.459.960 I slot print_timing: id  0 | task 8 | prompt processing, n_tokens = 126976, progress = 0.99, t = 741.57 s / 171.22 tokens per second
GGML_VK_HOST_COPY #1582300 bytes=1050112 total=1490600127488
GGML_VK_HOST_COPY #1582400 bytes=525312 total=1490694117888
GGML_VK_HOST_COPY #1582500 bytes=1574912 total=1490790206976
GGML_VK_HOST_COPY #1582600 bytes=1382912 total=1490875518464
GGML_VK_HOST_COPY #1582700 bytes=422912 total=1490959480320
GGML_VK_HOST_COPY #1582800 bytes=845312 total=1491037253120
GGML_VK_HOST_COPY #1582900 bytes=422912 total=1491112913920
GGML_VK_HOST_COPY #1583000 bytes=1843712 total=1491196945920
GGML_VK_HOST_COPY #1583100 bytes=1574912 total=1491280401920
GGML_VK_HOST_COPY #1583200 bytes=525312 total=1491370193408
GGML_VK_HOST_COPY #1583300 bytes=2624512 total=1491459985408
GGML_VK_HOST_COPY #1583400 bytes=461312 total=1491535658496
GGML_VK_HOST_COPY #1583500 bytes=1050112 total=1491620291584
GGML_VK_HOST_COPY #1583600 bytes=2099712 total=1491698013184
GGML_VK_HOST_COPY #1583700 bytes=525312 total=1491777309184
GGML_VK_HOST_COPY #1583800 bytes=461312 total=1491852969984
GGML_VK_HOST_COPY #1583900 bytes=845312 total=1491922294784
GGML_VK_HOST_COPY #1584000 bytes=422912 total=1492001334784
GGML_VK_HOST_COPY #1584100 bytes=1382912 total=1492081373184
GGML_VK_HOST_COPY #1584200 bytes=2099712 total=1492160400384
GGML_VK_HOST_COPY #1584300 bytes=525312 total=1492255440384
GGML_VK_HOST_COPY #1584400 bytes=1050112 total=1492354678784
GGML_VK_HOST_COPY #1584500 bytes=461312 total=1492439286784
GGML_VK_HOST_COPY #1584600 bytes=525312 total=1492540841984
GGML_VK_HOST_COPY #1584700 bytes=2624512 total=1492635881984
GGML_VK_HOST_COPY #1584800 bytes=525312 total=1492733545984
GGML_VK_HOST_COPY #1584900 bytes=461312 total=1492822595584
GGML_VK_HOST_COPY #1585000 bytes=525312 total=1492908329984
GGML_VK_HOST_COPY #1585100 bytes=1050112 total=1493003369984
GGML_VK_HOST_COPY #1585200 bytes=461312 total=1493104221184
GGML_VK_HOST_COPY #1585300 bytes=922112 total=1493187677184
GGML_VK_HOST_COPY #1585400 bytes=717312 total=1493262685184
GGML_VK_HOST_COPY #1585500 bytes=717312 total=1493330473472
GGML_VK_HOST_COPY #1585600 bytes=1382912 total=1493410600960
GGML_VK_HOST_COPY #1585700 bytes=845312 total=1493502389248
GGML_VK_HOST_COPY #1585800 bytes=1267712 total=1493600014848
GGML_VK_HOST_COPY #1585900 bytes=1267712 total=1493687924736
GGML_VK_HOST_COPY #1586000 bytes=1843712 total=1493786279424
GGML_VK_HOST_COPY #1586100 bytes=422912 total=1493884288512
GGML_VK_HOST_COPY #1586200 bytes=845312 total=1493965440512
GGML_VK_HOST_COPY #1586300 bytes=422912 total=1494043635712
GGML_VK_HOST_COPY #1586400 bytes=461312 total=1494125094912
GGML_VK_HOST_COPY #1586500 bytes=422912 total=1494215654912
GGML_VK_HOST_COPY #1586600 bytes=1690112 total=1494326796800
GGML_VK_HOST_COPY #1586700 bytes=922112 total=1494435365888
GGML_VK_HOST_COPY #1586800 bytes=461312 total=1494544165888
GGML_VK_HOST_COPY #1586900 bytes=1050112 total=1494671576576
GGML_VK_HOST_COPY #1587000 bytes=525312 total=1494802827264
GGML_VK_HOST_COPY #1587100 bytes=1843712 total=1494936253952
GGML_VK_HOST_COPY #1587200 bytes=1075712 total=1495050480640
GGML_VK_HOST_COPY #1587300 bytes=717312 total=1495132247040
GGML_VK_HOST_COPY #1587400 bytes=717312 total=1495212221440
GGML_VK_HOST_COPY #1587500 bytes=2304512 total=1495306531840
GGML_VK_HOST_COPY #1587600 bytes=422912 total=1495416599040
GGML_VK_HOST_COPY #1587700 bytes=422912 total=1495530698240
GGML_VK_HOST_COPY #1587800 bytes=2957312 total=1495648176640
GGML_VK_HOST_COPY #1587900 bytes=1843712 total=1495776368640
GGML_VK_HOST_COPY #1588000 bytes=3149312 total=1495914327040
GGML_VK_HOST_COPY #1588100 bytes=525312 total=1496078115840
GGML_VK_HOST_COPY #1588200 bytes=1843712 total=1496232867840
GGML_SCHED_UPLOAD_STATS layers=48 copies=6012 bytes=5775203328 branch_ms=61.63 id_ms=56.65 wait_ms=1167.73
13.49.063.032 I slot print_timing: id  0 | task 8 | prompt processing, n_tokens = 127483, progress = 1.00, t = 745.18 s / 171.08 tokens per second
GGML_VK_HOST_COPY #1588300 bytes=1050112 total=1496373163008
GGML_VK_HOST_COPY #1588400 bytes=525312 total=1496469777408
GGML_VK_HOST_COPY #1588500 bytes=525312 total=1496560093696
GGML_VK_HOST_COPY #1588600 bytes=1382912 total=1496650089984
GGML_VK_HOST_COPY #1588700 bytes=422912 total=1496734602240
GGML_VK_HOST_COPY #1588800 bytes=845312 total=1496810685440
GGML_VK_HOST_COPY #1588900 bytes=422912 total=1496890992640
GGML_VK_HOST_COPY #1589000 bytes=1843712 total=1496969725440
GGML_VK_HOST_COPY #1589100 bytes=2624512 total=1497054538240
GGML_VK_HOST_COPY #1589200 bytes=525312 total=1497144329728
GGML_VK_HOST_COPY #1589300 bytes=525312 total=1497230448128
GGML_VK_HOST_COPY #1589400 bytes=461312 total=1497311074816
GGML_VK_HOST_COPY #1589500 bytes=525312 total=1497397115904
GGML_VK_HOST_COPY #1589600 bytes=525312 total=1497477461504
GGML_VK_HOST_COPY #1589700 bytes=525312 total=1497558331904
GGML_VK_HOST_COPY #1589800 bytes=922112 total=1497635938304
GGML_VK_HOST_COPY #1589900 bytes=1267712 total=1497705992704
GGML_VK_HOST_COPY #1590000 bytes=422912 total=1497786299904
GGML_VK_HOST_COPY #1590100 bytes=461312 total=1497863112704
GGML_VK_HOST_COPY #1590200 bytes=525312 total=1497945314304
GGML_VK_HOST_COPY #1590300 bytes=3149312 total=1498041928704
GGML_VK_HOST_COPY #1590400 bytes=525312 total=1498138018304
GGML_VK_HOST_COPY #1590500 bytes=461312 total=1498225634304
GGML_VK_HOST_COPY #1590600 bytes=1574912 total=1498325231104
GGML_VK_HOST_COPY #1590700 bytes=1574912 total=1498415023104
GGML_VK_HOST_COPY #1590800 bytes=525312 total=1498514786304
GGML_VK_HOST_COPY #1590900 bytes=461312 total=1498601314304
GGML_VK_HOST_COPY #1591000 bytes=2099712 total=1498686549504
GGML_VK_HOST_COPY #1591100 bytes=525312 total=1498786837504
GGML_VK_HOST_COPY #1591200 bytes=2304512 total=1498893256704
GGML_VK_HOST_COPY #1591300 bytes=461312 total=1498976712704
GGML_VK_HOST_COPY #1591400 bytes=1075712 total=1499055253504
GGML_VK_HOST_COPY #1591500 bytes=717312 total=1499124475392
GGML_VK_HOST_COPY #1591600 bytes=1382912 total=1499206190080
GGML_VK_HOST_COPY #1591700 bytes=422912 total=1499302010368
GGML_VK_HOST_COPY #1591800 bytes=422912 total=1499390765568
GGML_VK_HOST_COPY #1591900 bytes=2112512 total=1499478675456
GGML_VK_HOST_COPY #1592000 bytes=461312 total=1499572191744
GGML_VK_HOST_COPY #1592100 bytes=845312 total=1499668511232
GGML_VK_HOST_COPY #1592200 bytes=1267712 total=1499746706432
GGML_VK_HOST_COPY #1592300 bytes=845312 total=1499821522432
GGML_VK_HOST_COPY #1592400 bytes=461312 total=1499910008832
GGML_VK_HOST_COPY #1592500 bytes=1267712 total=1499996536832
GGML_VK_HOST_COPY #1592600 bytes=845312 total=1500101343232
GGML_VK_HOST_COPY #1592700 bytes=422912 total=1500201080320
GGML_VK_HOST_COPY #1592800 bytes=1382912 total=1500305348608
GGML_VK_HOST_COPY #1592900 bytes=525312 total=1500421136896
GGML_VK_HOST_COPY #1593000 bytes=525312 total=1500553961984
GGML_VK_HOST_COPY #1593100 bytes=525312 total=1500689936384
GGML_VK_HOST_COPY #1593200 bytes=1382912 total=1500797609472
GGML_VK_HOST_COPY #1593300 bytes=1434112 total=1500894735360
GGML_VK_HOST_COPY #1593400 bytes=358912 total=1500979368960
GGML_VK_HOST_COPY #1593500 bytes=922112 total=1501067279360
GGML_VK_HOST_COPY #1593600 bytes=922112 total=1501171010560
GGML_VK_HOST_COPY #1593700 bytes=845312 total=1501287336960
GGML_VK_HOST_COPY #1593800 bytes=2957312 total=1501404392448
GGML_VK_HOST_COPY #1593900 bytes=1382912 total=1501527054336
GGML_VK_HOST_COPY #1594000 bytes=1050112 total=1501653082624
GGML_VK_HOST_COPY #1594100 bytes=525312 total=1501818970624
GGML_VK_HOST_COPY #1594200 bytes=1050112 total=1501984333824
GGML_VK_HOST_COPY #1594300 bytes=1382912 total=1502125633024
GGML_SCHED_UPLOAD_STATS layers=48 copies=6039 bytes=5792854016 branch_ms=53.48 id_ms=48.56 wait_ms=1185.40
13.52.698.052 I slot print_timing: id  0 | task 8 | prompt processing, n_tokens = 127995, progress = 1.00, t = 748.81 s / 170.93 tokens per second
GGML_SCHED_UPLOAD_STATS layers=0 copies=0 bytes=0 branch_ms=0.00 id_ms=0.00 wait_ms=0.35
13.55.437.913 I slot print_timing: id  0 | task 8 | prompt eval time =  751552.02 ms / 127999 tokens (    5.87 ms per token,   170.31 tokens per second)
13.55.437.941 I slot print_timing: id  0 | task 8 |        eval time =       0.00 ms /     1 tokens (    0.00 ms per token,     0.00 tokens per second)
13.55.437.942 I slot print_timing: id  0 | task 8 |       total time =  751552.02 ms / 128000 tokens
13.55.437.943 I slot print_timing: id  0 | task 8 |    graphs reused =          1
13.55.439.135 I slot      release: id  0 | task 8 | stop processing: n_tokens = 127999, truncated = 0
13.55.542.700 I slot get_availabl: id  0 | task -1 | selected slot by LCP similarity, f_sim_best = 1.000 (> 0.100 thold), f_keep = 1.000
13.55.542.832 I slot launch_slot_: id  0 | task 74 | processing task, is_child = 0
GGML_SCHED_UPLOAD_STATS layers=0 copies=0 bytes=0 branch_ms=0.00 id_ms=0.00 wait_ms=0.34
13.55.938.811 I slot print_timing: id  0 | task 74 | prompt eval time =     395.95 ms /     4 tokens (   98.99 ms per token,    10.10 tokens per second)
13.55.938.814 I slot print_timing: id  0 | task 74 |        eval time =       0.00 ms /     1 tokens (    0.00 ms per token,     0.00 tokens per second)
13.55.938.814 I slot print_timing: id  0 | task 74 |       total time =     395.95 ms /     5 tokens
13.55.938.815 I slot print_timing: id  0 | task 74 |    graphs reused =          2
13.55.939.735 I slot      release: id  0 | task 74 | stop processing: n_tokens = 127999, truncated = 0
13.56.147.315 I slot get_availabl: id  0 | task -1 | selected slot by LCP similarity, f_sim_best = 0.996 (> 0.100 thold), f_keep = 1.000
13.56.147.449 I slot launch_slot_: id  0 | task 76 | processing task, is_child = 0
GGML_VK_HOST_COPY #1594400 bytes=525312 total=1502227409408
GGML_VK_HOST_COPY #1594500 bytes=1050112 total=1502343965696
GGML_VK_HOST_COPY #1594600 bytes=525312 total=1502474167296
GGML_VK_HOST_COPY #1594700 bytes=461312 total=1502575145984
GGML_VK_HOST_COPY #1594800 bytes=845312 total=1502702090240
GGML_VK_HOST_COPY #1594900 bytes=422912 total=1502809008640
GGML_VK_HOST_COPY #1595000 bytes=922112 total=1502931056640
GGML_VK_HOST_COPY #1595100 bytes=1574912 total=1503056765440
GGML_VK_HOST_COPY #1595200 bytes=525312 total=1503214781440
GGML_VK_HOST_COPY #1595300 bytes=525312 total=1503378044928
GGML_VK_HOST_COPY #1595400 bytes=3226112 total=1503523388416
GGML_VK_HOST_COPY #1595500 bytes=1574912 total=1503661167104
GGML_VK_HOST_COPY #1595600 bytes=525312 total=1503787694592
GGML_VK_HOST_COPY #1595700 bytes=461312 total=1503929505280
GGML_VK_HOST_COPY #1595800 bytes=461312 total=1504045678080
GGML_VK_HOST_COPY #1595900 bytes=2534912 total=1504159315968
GGML_VK_HOST_COPY #1596000 bytes=422912 total=1504269190656
GGML_VK_HOST_COPY #1596100 bytes=461312 total=1504382060544
GGML_VK_HOST_COPY #1596200 bytes=3149312 total=1504511557632
GGML_VK_HOST_COPY #1596300 bytes=525312 total=1504671148032
GGML_VK_HOST_COPY #1596400 bytes=922112 total=1504836716032
GGML_VK_HOST_COPY #1596500 bytes=461312 total=1504975468032
GGML_VK_HOST_COPY #1596600 bytes=1050112 total=1505127263232
GGML_VK_HOST_COPY #1596700 bytes=1574912 total=1505276357120
GGML_VK_HOST_COPY #1596800 bytes=461312 total=1505416299008
GGML_VK_HOST_COPY #1596900 bytes=5773312 total=1505565636096
GGML_VK_HOST_COPY #1597000 bytes=6298112 total=1505745168896
GGML_VK_HOST_COPY #1597100 bytes=461312 total=1505916112896
GGML_VK_HOST_COPY #1597200 bytes=717312 total=1506061623296
GGML_VK_HOST_COPY #1597300 bytes=717312 total=1506148765696
GGML_VK_HOST_COPY #1597400 bytes=358912 total=1506238774784
GGML_VK_HOST_COPY #1597500 bytes=1382912 total=1506346396672
GGML_VK_HOST_COPY #1597600 bytes=1267712 total=1506452968960
GGML_VK_HOST_COPY #1597700 bytes=422912 total=1506594946048
GGML_VK_HOST_COPY #1597800 bytes=461312 total=1506737844736
GGML_VK_HOST_COPY #1597900 bytes=3686400 total=1506887194624
GGML_VK_HOST_COPY #1598000 bytes=1267712 total=1507013965824
GGML_VK_HOST_COPY #1598100 bytes=4646912 total=1507137357824
GGML_VK_HOST_COPY #1598200 bytes=461312 total=1507248538624
GGML_VK_HOST_COPY #1598300 bytes=422912 total=1507402612224
GGML_VK_HOST_COPY #1598400 bytes=422912 total=1507545011712
GGML_VK_HOST_COPY #1598500 bytes=1382912 total=1507692134400
GGML_VK_HOST_COPY #1598600 bytes=1050112 total=1507839065088
GGML_VK_HOST_COPY #1598700 bytes=525312 total=1507997605376
GGML_VK_HOST_COPY #1598800 bytes=461312 total=1508148811264
GGML_VK_HOST_COPY #1598900 bytes=461312 total=1508291249664
GGML_VK_HOST_COPY #1599000 bytes=717312 total=1508372964352
GGML_VK_HOST_COPY #1599100 bytes=1434112 total=1508458314240
GGML_VK_HOST_COPY #1599200 bytes=461312 total=1508548579328
GGML_VK_HOST_COPY #1599300 bytes=1267712 total=1508667286016
GGML_VK_HOST_COPY #1599400 bytes=845312 total=1508791945216
GGML_VK_HOST_COPY #1599500 bytes=2534912 total=1508910268416
GGML_VK_HOST_COPY #1599600 bytes=2304512 total=1509042454016
GGML_VK_HOST_COPY #1599700 bytes=2624512 total=1509181564416
GGML_VK_HOST_COPY #1599800 bytes=525312 total=1509332233216
GGML_VK_HOST_COPY #1599900 bytes=461312 total=1509489788416
GGML_VK_HOST_COPY #1600000 bytes=461312 total=1509624393216
GGML_SCHED_UPLOAD_STATS layers=48 copies=5652 bytes=7455806464 branch_ms=51.86 id_ms=47.32 wait_ms=1416.65
GGML_SCHED_UPLOAD_STATS layers=0 copies=0 bytes=0 branch_ms=0.00 id_ms=0.00 wait_ms=0.35
14.00.808.439 I slot print_timing: id  0 | task 76 | prompt eval time =    4660.96 ms /   516 tokens (    9.03 ms per token,   110.71 tokens per second)
14.00.808.442 I slot print_timing: id  0 | task 76 |        eval time =       0.00 ms /     1 tokens (    0.00 ms per token,     0.00 tokens per second)
14.00.808.474 I slot print_timing: id  0 | task 76 |       total time =    4660.96 ms /   517 tokens
14.00.808.475 I slot print_timing: id  0 | task 76 |    graphs reused =          2
14.00.809.432 I slot      release: id  0 | task 76 | stop processing: n_tokens = 128511, truncated = 0
14.00.907.094 I slot get_availabl: id  0 | task -1 | selected slot by LCP similarity, f_sim_best = 1.000 (> 0.100 thold), f_keep = 0.996
14.00.907.245 I slot launch_slot_: id  0 | task 79 | processing task, is_child = 0
GGML_SCHED_UPLOAD_STATS layers=0 copies=0 bytes=0 branch_ms=0.00 id_ms=0.00 wait_ms=0.33
14.01.311.828 I slot print_timing: id  0 | task 79 | prompt eval time =     404.54 ms /     4 tokens (  101.14 ms per token,     9.89 tokens per second)
14.01.311.831 I slot print_timing: id  0 | task 79 |        eval time =       0.00 ms /     1 tokens (    0.00 ms per token,     0.00 tokens per second)
14.01.311.831 I slot print_timing: id  0 | task 79 |       total time =     404.54 ms /     5 tokens
14.01.311.832 I slot print_timing: id  0 | task 79 |    graphs reused =          2
14.01.312.753 I slot      release: id  0 | task 79 | stop processing: n_tokens = 127999, truncated = 0
14.01.413.841 I slot get_availabl: id  0 | task -1 | selected slot by LCP similarity, f_sim_best = 1.000 (> 0.100 thold), f_keep = 1.000
14.01.413.975 I slot launch_slot_: id  0 | task 81 | processing task, is_child = 0
GGML_SCHED_UPLOAD_STATS layers=0 copies=0 bytes=0 branch_ms=0.00 id_ms=0.00 wait_ms=0.32
GGML_SCHED_UPLOAD_STATS layers=0 copies=0 bytes=0 branch_ms=0.00 id_ms=0.00 wait_ms=0.07
GGML_SCHED_UPLOAD_STATS layers=0 copies=0 bytes=0 branch_ms=0.00 id_ms=0.00 wait_ms=0.08
GGML_SCHED_UPLOAD_STATS layers=0 copies=0 bytes=0 branch_ms=0.00 id_ms=0.00 wait_ms=0.07
GGML_SCHED_UPLOAD_STATS layers=0 copies=0 bytes=0 branch_ms=0.00 id_ms=0.00 wait_ms=0.07
GGML_SCHED_UPLOAD_STATS layers=0 copies=0 bytes=0 branch_ms=0.00 id_ms=0.00 wait_ms=0.08
GGML_SCHED_UPLOAD_STATS layers=0 copies=0 bytes=0 branch_ms=0.00 id_ms=0.00 wait_ms=0.08
GGML_SCHED_UPLOAD_STATS layers=0 copies=0 bytes=0 branch_ms=0.00 id_ms=0.00 wait_ms=0.07
GGML_SCHED_UPLOAD_STATS layers=0 copies=0 bytes=0 branch_ms=0.00 id_ms=0.00 wait_ms=0.07
GGML_SCHED_UPLOAD_STATS layers=0 copies=0 bytes=0 branch_ms=0.00 id_ms=0.00 wait_ms=0.07
GGML_SCHED_UPLOAD_STATS layers=0 copies=0 bytes=0 branch_ms=0.00 id_ms=0.00 wait_ms=0.07
GGML_SCHED_UPLOAD_STATS layers=0 copies=0 bytes=0 branch_ms=0.00 id_ms=0.00 wait_ms=0.08
GGML_SCHED_UPLOAD_STATS layers=0 copies=0 bytes=0 branch_ms=0.00 id_ms=0.00 wait_ms=0.07
GGML_SCHED_UPLOAD_STATS layers=0 copies=0 bytes=0 branch_ms=0.00 id_ms=0.00 wait_ms=0.07
GGML_SCHED_UPLOAD_STATS layers=0 copies=0 bytes=0 branch_ms=0.00 id_ms=0.00 wait_ms=0.07
GGML_SCHED_UPLOAD_STATS layers=0 copies=0 bytes=0 branch_ms=0.00 id_ms=0.00 wait_ms=0.08
GGML_SCHED_UPLOAD_STATS layers=0 copies=0 bytes=0 branch_ms=0.00 id_ms=0.00 wait_ms=0.08
GGML_SCHED_UPLOAD_STATS layers=0 copies=0 bytes=0 branch_ms=0.00 id_ms=0.00 wait_ms=0.07
GGML_SCHED_UPLOAD_STATS layers=0 copies=0 bytes=0 branch_ms=0.00 id_ms=0.00 wait_ms=0.07
GGML_SCHED_UPLOAD_STATS layers=0 copies=0 bytes=0 branch_ms=0.00 id_ms=0.00 wait_ms=0.09
GGML_SCHED_UPLOAD_STATS layers=0 copies=0 bytes=0 branch_ms=0.00 id_ms=0.00 wait_ms=0.07
GGML_SCHED_UPLOAD_STATS layers=0 copies=0 bytes=0 branch_ms=0.00 id_ms=0.00 wait_ms=0.08
GGML_SCHED_UPLOAD_STATS layers=0 copies=0 bytes=0 branch_ms=0.00 id_ms=0.00 wait_ms=0.09
GGML_SCHED_UPLOAD_STATS layers=0 copies=0 bytes=0 branch_ms=0.00 id_ms=0.00 wait_ms=0.08
GGML_SCHED_UPLOAD_STATS layers=0 copies=0 bytes=0 branch_ms=0.00 id_ms=0.00 wait_ms=0.08
GGML_SCHED_UPLOAD_STATS layers=0 copies=0 bytes=0 branch_ms=0.00 id_ms=0.00 wait_ms=0.08
GGML_SCHED_UPLOAD_STATS layers=0 copies=0 bytes=0 branch_ms=0.00 id_ms=0.00 wait_ms=0.07
GGML_SCHED_UPLOAD_STATS layers=0 copies=0 bytes=0 branch_ms=0.00 id_ms=0.00 wait_ms=0.08
GGML_SCHED_UPLOAD_STATS layers=0 copies=0 bytes=0 branch_ms=0.00 id_ms=0.00 wait_ms=0.07
GGML_SCHED_UPLOAD_STATS layers=0 copies=0 bytes=0 branch_ms=0.00 id_ms=0.00 wait_ms=0.07
GGML_SCHED_UPLOAD_STATS layers=0 copies=0 bytes=0 branch_ms=0.00 id_ms=0.00 wait_ms=0.07
GGML_SCHED_UPLOAD_STATS layers=0 copies=0 bytes=0 branch_ms=0.00 id_ms=0.00 wait_ms=0.07
14.05.870.363 I slot print_timing: id  0 | task 81 | prompt eval time =     400.53 ms /     4 tokens (  100.13 ms per token,     9.99 tokens per second)
14.05.870.366 I slot print_timing: id  0 | task 81 |        eval time =    4055.84 ms /    32 tokens (  130.83 ms per token,     7.64 tokens per second)
14.05.870.366 I slot print_timing: id  0 | task 81 |       total time =    4456.37 ms /    36 tokens
14.05.870.392 I slot print_timing: id  0 | task 81 |    graphs reused =         32
14.05.871.285 I slot      release: id  0 | task 81 | stop processing: n_tokens = 128030, truncated = 0
14.05.901.941 I srv    operator(): operator(): cleaning up before exit...
14.05.905.971 W ~llama_context:    Vulkan1 compute buffer size of 1046.0703 MiB, does not match expectation of 1054.8203 MiB
