0.00.075.416 I srv  llama_server: initializing ...
0.00.075.425 I cmn  common_param: common_params_print_info: verbosity = 3 (adjust with the `-lv N` CLI arg)
0.00.075.616 W srv  llama_server: security: no API key is set and CORS allows all origins (see https://github.com/ggml-org/llama.cpp/pull/25655)
0.00.076.903 I srv    load_model: loading model '/home/cchild/.bongo/models/Swift-1.5-Qwen3.8-Flash-Next-GSQ-RCO-GGUF/iq2_xs/Swift-Qwen3.8-Flash-Next-GSQ-RCO-IQ2_XS-00001-of-00002.gguf'
0.00.388.116 W common_fit_params: failed to fit params to free device memory: n_gpu_layers already set by user to 99, abort
GGML_VK_HOST_COPY #1 bytes=1048576 total=1048576
GGML_VK_HOST_COPY #2 bytes=1048576 total=2097152
GGML_VK_HOST_COPY #3 bytes=1048576 total=3145728
GGML_VK_HOST_COPY #4 bytes=1048576 total=4194304
GGML_VK_HOST_COPY #100 bytes=1048576 total=104857600
GGML_VK_HOST_COPY #200 bytes=1048576 total=209715200
GGML_VK_HOST_COPY #300 bytes=1048576 total=314572800
GGML_VK_HOST_COPY #400 bytes=1048576 total=418455552
GGML_VK_HOST_COPY #500 bytes=1048576 total=523313152
GGML_VK_HOST_COPY #600 bytes=1048576 total=627384320
GGML_VK_HOST_COPY #700 bytes=1048576 total=732241920
GGML_VK_HOST_COPY #800 bytes=1048576 total=837099520
GGML_VK_HOST_COPY #900 bytes=1048576 total=941170688
GGML_VK_HOST_COPY #1000 bytes=1048576 total=1046028288
GGML_VK_HOST_COPY #1100 bytes=1048576 total=1150099456
GGML_VK_HOST_COPY #1200 bytes=1048576 total=1254957056
GGML_VK_HOST_COPY #1300 bytes=1048576 total=1359814656
GGML_VK_HOST_COPY #1400 bytes=1048576 total=1463885824
GGML_VK_HOST_COPY #1500 bytes=1048576 total=1568743424
GGML_VK_HOST_COPY #1600 bytes=1048576 total=1673601024
GGML_VK_HOST_COPY #1700 bytes=1048576 total=1777672192
GGML_VK_HOST_COPY #1800 bytes=1048576 total=1882529792
GGML_VK_HOST_COPY #1900 bytes=1048576 total=1986600960
GGML_VK_HOST_COPY #2000 bytes=1048576 total=2091458560
GGML_VK_HOST_COPY #2100 bytes=1048576 total=2196316160
GGML_VK_HOST_COPY #2200 bytes=1048576 total=2300387328
GGML_VK_HOST_COPY #2300 bytes=1048576 total=2405244928
GGML_VK_HOST_COPY #2400 bytes=1048576 total=2509316096
GGML_VK_HOST_COPY #2500 bytes=1048576 total=2614173696
GGML_VK_HOST_COPY #2600 bytes=1048576 total=2719031296
GGML_VK_HOST_COPY #2700 bytes=1048576 total=2823102464
GGML_VK_HOST_COPY #2800 bytes=1048576 total=2927960064
GGML_VK_HOST_COPY #2900 bytes=1048576 total=3032031232
GGML_VK_HOST_COPY #3000 bytes=1048576 total=3136888832
GGML_VK_HOST_COPY #3100 bytes=1048576 total=3241746432
GGML_VK_HOST_COPY #3200 bytes=1048576 total=3345817600
GGML_VK_HOST_COPY #3300 bytes=1048576 total=3450675200
GGML_VK_HOST_COPY #3400 bytes=1048576 total=3555532800
GGML_VK_HOST_COPY #3500 bytes=1048576 total=3659603968
GGML_VK_HOST_COPY #3600 bytes=1048576 total=3764461568
GGML_VK_HOST_COPY #3700 bytes=1048576 total=3868532736
GGML_VK_HOST_COPY #3800 bytes=1048576 total=3973390336
GGML_VK_HOST_COPY #3900 bytes=1048576 total=4078247936
GGML_VK_HOST_COPY #4000 bytes=1048576 total=4182319104
GGML_VK_HOST_COPY #4100 bytes=1048576 total=4287176704
GGML_VK_HOST_COPY #4200 bytes=1048576 total=4391247872
GGML_VK_HOST_COPY #4300 bytes=1048576 total=4496105472
GGML_VK_HOST_COPY #4400 bytes=1048576 total=4600963072
GGML_VK_HOST_COPY #4500 bytes=1048576 total=4705034240
GGML_VK_HOST_COPY #4600 bytes=1048576 total=4809891840
GGML_VK_HOST_COPY #4700 bytes=1048576 total=4913963008
GGML_VK_HOST_COPY #4800 bytes=1048576 total=5018820608
GGML_VK_HOST_COPY #4900 bytes=1048576 total=5123678208
GGML_VK_HOST_COPY #5000 bytes=1048576 total=5227749376
GGML_VK_HOST_COPY #5100 bytes=1048576 total=5332606976
GGML_VK_HOST_COPY #5200 bytes=1048576 total=5437464576
GGML_VK_HOST_COPY #5300 bytes=1048576 total=5541535744
GGML_VK_HOST_COPY #5400 bytes=1048576 total=5646393344
GGML_VK_HOST_COPY #5500 bytes=1048576 total=5750464512
GGML_VK_HOST_COPY #5600 bytes=1048576 total=5855322112
GGML_VK_HOST_COPY #5700 bytes=1048576 total=5960179712
GGML_VK_HOST_COPY #5800 bytes=1048576 total=6064250880
GGML_VK_HOST_COPY #5900 bytes=1048576 total=6169108480
GGML_VK_HOST_COPY #6000 bytes=1048576 total=6273179648
GGML_VK_HOST_COPY #6100 bytes=1048576 total=6378037248
GGML_VK_HOST_COPY #6200 bytes=1048576 total=6482894848
GGML_VK_HOST_COPY #6300 bytes=1048576 total=6586966016
GGML_VK_HOST_COPY #6400 bytes=1048576 total=6691823616
GGML_VK_HOST_COPY #6500 bytes=1048576 total=6795894784
GGML_VK_HOST_COPY #6600 bytes=1048576 total=6900752384
GGML_VK_HOST_COPY #6700 bytes=1048576 total=7005609984
GGML_VK_HOST_COPY #6800 bytes=1048576 total=7109681152
GGML_VK_HOST_COPY #6900 bytes=1048576 total=7214538752
GGML_VK_HOST_COPY #7000 bytes=1048576 total=7319396352
GGML_VK_HOST_COPY #7100 bytes=1048576 total=7423467520
GGML_VK_HOST_COPY #7200 bytes=1048576 total=7528325120
GGML_VK_HOST_COPY #7300 bytes=1048576 total=7632396288
GGML_VK_HOST_COPY #7400 bytes=1048576 total=7737253888
GGML_VK_HOST_COPY #7500 bytes=1048576 total=7842111488
GGML_VK_HOST_COPY #7600 bytes=1048576 total=7946182656
GGML_VK_HOST_COPY #7700 bytes=1048576 total=8051040256
GGML_VK_HOST_COPY #7800 bytes=1048576 total=8155111424
GGML_VK_HOST_COPY #7900 bytes=1048576 total=8259969024
GGML_VK_HOST_COPY #8000 bytes=1048576 total=8364826624
GGML_VK_HOST_COPY #8100 bytes=1048576 total=8468897792
GGML_VK_HOST_COPY #8200 bytes=1048576 total=8573755392
GGML_VK_HOST_COPY #8300 bytes=1048576 total=8677826560
GGML_VK_HOST_COPY #8400 bytes=1048576 total=8782684160
GGML_VK_HOST_COPY #8500 bytes=1048576 total=8887541760
GGML_VK_HOST_COPY #8600 bytes=1048576 total=8991612928
GGML_VK_HOST_COPY #8700 bytes=1048576 total=9096470528
GGML_VK_HOST_COPY #8800 bytes=1048576 total=9201328128
GGML_VK_HOST_COPY #8900 bytes=1048576 total=9305399296
GGML_VK_HOST_COPY #9000 bytes=1048576 total=9410256896
GGML_VK_HOST_COPY #9100 bytes=1048576 total=9514328064
GGML_VK_HOST_COPY #9200 bytes=1048576 total=9619185664
GGML_VK_HOST_COPY #9300 bytes=1048576 total=9724043264
GGML_VK_HOST_COPY #9400 bytes=1048576 total=9828114432
GGML_VK_HOST_COPY #9500 bytes=1048576 total=9932972032
GGML_VK_HOST_COPY #9600 bytes=1048576 total=10037043200
GGML_VK_HOST_COPY #9700 bytes=1048576 total=10141900800
GGML_VK_HOST_COPY #9800 bytes=1048576 total=10246758400
GGML_VK_HOST_COPY #9900 bytes=1048576 total=10350829568
GGML_VK_HOST_COPY #10000 bytes=1048576 total=10455687168
GGML_VK_HOST_COPY #10100 bytes=1048576 total=10559758336
GGML_VK_HOST_COPY #10200 bytes=1048576 total=10664615936
GGML_VK_HOST_COPY #10300 bytes=1048576 total=10769473536
GGML_VK_HOST_COPY #10400 bytes=1048576 total=10873544704
GGML_VK_HOST_COPY #10500 bytes=1048576 total=10978402304
GGML_VK_HOST_COPY #10600 bytes=1048576 total=11083259904
GGML_VK_HOST_COPY #10700 bytes=1048576 total=11187331072
GGML_VK_HOST_COPY #10800 bytes=1048576 total=11292188672
GGML_VK_HOST_COPY #10900 bytes=1048576 total=11396259840
GGML_VK_HOST_COPY #11000 bytes=1048576 total=11501117440
GGML_VK_HOST_COPY #11100 bytes=1048576 total=11605975040
GGML_VK_HOST_COPY #11200 bytes=1048576 total=11710046208
GGML_VK_HOST_COPY #11300 bytes=1048576 total=11814903808
GGML_VK_HOST_COPY #11400 bytes=1048576 total=11918974976
GGML_VK_HOST_COPY #11500 bytes=1048576 total=12023832576
GGML_VK_HOST_COPY #11600 bytes=1048576 total=12128690176
GGML_VK_HOST_COPY #11700 bytes=1048576 total=12232761344
GGML_VK_HOST_COPY #11800 bytes=1048576 total=12337618944
GGML_VK_HOST_COPY #11900 bytes=1048576 total=12441690112
GGML_VK_HOST_COPY #12000 bytes=1048576 total=12546547712
GGML_VK_HOST_COPY #12100 bytes=1048576 total=12651405312
GGML_VK_HOST_COPY #12200 bytes=1048576 total=12755476480
GGML_VK_HOST_COPY #12300 bytes=1048576 total=12860334080
GGML_VK_HOST_COPY #12400 bytes=1048576 total=12965191680
GGML_VK_HOST_COPY #12500 bytes=1048576 total=13069262848
GGML_VK_HOST_COPY #12600 bytes=1048576 total=13174120448
GGML_VK_HOST_COPY #12700 bytes=1048576 total=13278191616
GGML_VK_HOST_COPY #12800 bytes=1048576 total=13383049216
GGML_VK_HOST_COPY #12900 bytes=1048576 total=13487906816
GGML_VK_HOST_COPY #13000 bytes=1048576 total=13591977984
GGML_VK_HOST_COPY #13100 bytes=1048576 total=13696835584
GGML_VK_HOST_COPY #13200 bytes=1048576 total=13800906752
GGML_VK_HOST_COPY #13300 bytes=1048576 total=13905764352
GGML_VK_HOST_COPY #13400 bytes=1048576 total=14010621952
GGML_VK_HOST_COPY #13500 bytes=1048576 total=14114693120
GGML_VK_HOST_COPY #13600 bytes=1048576 total=14219550720
GGML_VK_HOST_COPY #13700 bytes=1048576 total=14323621888
GGML_VK_HOST_COPY #13800 bytes=1048576 total=14428479488
GGML_VK_HOST_COPY #13900 bytes=1048576 total=14533337088
GGML_VK_HOST_COPY #14000 bytes=1048576 total=14638194688
GGML_VK_HOST_COPY #14100 bytes=1048576 total=14743052288
GGML_VK_HOST_COPY #14200 bytes=1048576 total=14847909888
GGML_VK_HOST_COPY #14300 bytes=1048576 total=14952767488
GGML_VK_HOST_COPY #14400 bytes=1048576 total=15057625088
GGML_VK_HOST_COPY #14500 bytes=1048576 total=15162482688
GGML_VK_HOST_COPY #14600 bytes=1048576 total=15267340288
GGML_VK_HOST_COPY #14700 bytes=1048576 total=15372197888
GGML_VK_HOST_COPY #14800 bytes=1048576 total=15477055488
GGML_VK_HOST_COPY #14900 bytes=1048576 total=15581913088
GGML_VK_HOST_COPY #15000 bytes=1048576 total=15686770688
GGML_VK_HOST_COPY #15100 bytes=1048576 total=15791628288
GGML_VK_HOST_COPY #15200 bytes=1048576 total=15896485888
GGML_VK_HOST_COPY #15300 bytes=1048576 total=16001343488
GGML_VK_HOST_COPY #15400 bytes=1048576 total=16106201088
GGML_VK_HOST_COPY #15500 bytes=1048576 total=16211058688
GGML_VK_HOST_COPY #15600 bytes=1048576 total=16315916288
GGML_VK_HOST_COPY #15700 bytes=1048576 total=16420773888
GGML_VK_HOST_COPY #15800 bytes=1048576 total=16525631488
GGML_VK_HOST_COPY #15900 bytes=1048576 total=16630489088
GGML_VK_HOST_COPY #16000 bytes=1048576 total=16735346688
GGML_VK_HOST_COPY #16100 bytes=1048576 total=16840204288
GGML_VK_HOST_COPY #16200 bytes=1048576 total=16945061888
GGML_VK_HOST_COPY #16300 bytes=1048576 total=17049919488
GGML_VK_HOST_COPY #16400 bytes=1048576 total=17154777088
GGML_VK_HOST_COPY #16500 bytes=1048576 total=17259634688
GGML_VK_HOST_COPY #16600 bytes=1048576 total=17364492288
GGML_VK_HOST_COPY #16700 bytes=1048576 total=17469349888
GGML_VK_HOST_COPY #16800 bytes=1048576 total=17574207488
GGML_VK_HOST_COPY #16900 bytes=1048576 total=17679065088
GGML_VK_HOST_COPY #17000 bytes=1048576 total=17783922688
GGML_VK_HOST_COPY #17100 bytes=1048576 total=17888780288
GGML_VK_HOST_COPY #17200 bytes=1048576 total=17993637888
GGML_VK_HOST_COPY #17300 bytes=1048576 total=18098495488
GGML_VK_HOST_COPY #17400 bytes=1048576 total=18203353088
GGML_VK_HOST_COPY #17500 bytes=1048576 total=18308210688
GGML_VK_HOST_COPY #17600 bytes=1048576 total=18413068288
GGML_VK_HOST_COPY #17700 bytes=1048576 total=18517925888
GGML_VK_HOST_COPY #17800 bytes=1048576 total=18622783488
GGML_VK_HOST_COPY #17900 bytes=1048576 total=18727641088
GGML_VK_HOST_COPY #18000 bytes=1048576 total=18832498688
GGML_VK_HOST_COPY #18100 bytes=1048576 total=18937356288
GGML_VK_HOST_COPY #18200 bytes=1048576 total=19042213888
GGML_VK_HOST_COPY #18300 bytes=1048576 total=19147071488
GGML_VK_HOST_COPY #18400 bytes=1048576 total=19251929088
GGML_VK_HOST_COPY #18500 bytes=1048576 total=19356786688
GGML_VK_HOST_COPY #18600 bytes=1048576 total=19461644288
GGML_VK_HOST_COPY #18700 bytes=1048576 total=19566501888
GGML_VK_HOST_COPY #18800 bytes=1048576 total=19671359488
GGML_VK_HOST_COPY #18900 bytes=1048576 total=19776217088
GGML_VK_HOST_COPY #19000 bytes=1048576 total=19881074688
GGML_VK_HOST_COPY #19100 bytes=1048576 total=19985932288
GGML_VK_HOST_COPY #19200 bytes=1048576 total=20090789888
GGML_VK_HOST_COPY #19300 bytes=1048576 total=20195647488
GGML_VK_HOST_COPY #19400 bytes=1048576 total=20300505088
GGML_VK_HOST_COPY #19500 bytes=1048576 total=20405362688
GGML_VK_HOST_COPY #19600 bytes=1048576 total=20510220288
GGML_VK_HOST_COPY #19700 bytes=1048576 total=20615077888
GGML_VK_HOST_COPY #19800 bytes=1048576 total=20719935488
GGML_VK_HOST_COPY #19900 bytes=1048576 total=20824793088
GGML_VK_HOST_COPY #20000 bytes=1048576 total=20929650688
GGML_VK_HOST_COPY #20100 bytes=1048576 total=21034508288
GGML_VK_HOST_COPY #20200 bytes=1048576 total=21139365888
GGML_VK_HOST_COPY #20300 bytes=1048576 total=21244223488
GGML_VK_HOST_COPY #20400 bytes=1048576 total=21349081088
GGML_VK_HOST_COPY #20500 bytes=1048576 total=21453938688
GGML_VK_HOST_COPY #20600 bytes=1048576 total=21558796288
GGML_VK_HOST_COPY #20700 bytes=1048576 total=21663653888
GGML_VK_HOST_COPY #20800 bytes=1048576 total=21768511488
GGML_VK_HOST_COPY #20900 bytes=1048576 total=21873369088
GGML_VK_HOST_COPY #21000 bytes=1048576 total=21978226688
GGML_VK_HOST_COPY #21100 bytes=1048576 total=22082297856
GGML_VK_HOST_COPY #21200 bytes=1048576 total=22187155456
GGML_VK_HOST_COPY #21300 bytes=1048576 total=22292013056
GGML_VK_HOST_COPY #21400 bytes=1048576 total=22396084224
GGML_VK_HOST_COPY #21500 bytes=1048576 total=22500941824
GGML_VK_HOST_COPY #21600 bytes=1048576 total=22605012992
GGML_VK_HOST_COPY #21700 bytes=1048576 total=22709870592
GGML_VK_HOST_COPY #21800 bytes=1048576 total=22813941760
GGML_VK_HOST_COPY #21900 bytes=1048576 total=22918799360
GGML_VK_HOST_COPY #22000 bytes=1048576 total=23022870528
GGML_VK_HOST_COPY #22100 bytes=1048576 total=23127728128
GGML_VK_HOST_COPY #22200 bytes=1048576 total=23231799296
GGML_VK_HOST_COPY #22300 bytes=1048576 total=23336656896
GGML_VK_HOST_COPY #22400 bytes=1048576 total=23440728064
GGML_VK_HOST_COPY #22500 bytes=1048576 total=23545585664
GGML_VK_HOST_COPY #22600 bytes=1048576 total=23649656832
GGML_VK_HOST_COPY #22700 bytes=1048576 total=23754514432
GGML_VK_HOST_COPY #22800 bytes=1048576 total=23858585600
GGML_VK_HOST_COPY #22900 bytes=1048576 total=23963443200
GGML_VK_HOST_COPY #23000 bytes=1048576 total=24067514368
GGML_VK_HOST_COPY #23100 bytes=1048576 total=24172371968
GGML_VK_HOST_COPY #23200 bytes=1048576 total=24277229568
GGML_VK_HOST_COPY #23300 bytes=1048576 total=24382087168
GGML_VK_HOST_COPY #23400 bytes=1048576 total=24486813696
GGML_VK_HOST_COPY #23500 bytes=1048576 total=24591278080
GGML_VK_HOST_COPY #23600 bytes=1048576 total=24692924416
GGML_VK_HOST_COPY #23700 bytes=1048576 total=24792506368
GGML_VK_HOST_COPY #23800 bytes=1048576 total=24891334656
GGML_VK_HOST_COPY #23900 bytes=1048576 total=24990916608
GGML_VK_HOST_COPY #24000 bytes=1048576 total=25090498560
GGML_VK_HOST_COPY #24100 bytes=1048576 total=25191022592
GGML_VK_HOST_COPY #24200 bytes=1048576 total=25293856768
GGML_VK_HOST_COPY #24300 bytes=1048576 total=25398321152
GGML_VK_HOST_COPY #24400 bytes=1048576 total=25502752768
GGML_VK_HOST_COPY #24500 bytes=1048576 total=25607217152
GGML_VK_HOST_COPY #24600 bytes=1048576 total=25711648768
GGML_VK_HOST_COPY #24700 bytes=1048576 total=25809461248
GGML_VK_HOST_COPY #24800 bytes=1048576 total=25904537600
GGML_VK_HOST_COPY #24900 bytes=262144 total=25997598720
GGML_VK_HOST_COPY #25000 bytes=1048576 total=26091446272
GGML_VK_HOST_COPY #25100 bytes=1048576 total=26185293824
GGML_VK_HOST_COPY #25200 bytes=1048576 total=26279141376
GGML_VK_HOST_COPY #25300 bytes=1048576 total=26372202496
GGML_VK_HOST_COPY #25400 bytes=1048576 total=26466050048
GGML_VK_HOST_COPY #25500 bytes=1048576 total=26559897600
GGML_VK_HOST_COPY #25600 bytes=262144 total=26652958720
GGML_VK_HOST_COPY #25700 bytes=1048576 total=26746806272
GGML_VK_HOST_COPY #25800 bytes=1048576 total=26840653824
GGML_VK_HOST_COPY #25900 bytes=1048576 total=26934501376
GGML_VK_HOST_COPY #26000 bytes=1048576 total=27027562496
GGML_VK_HOST_COPY #26100 bytes=1048576 total=27121410048
GGML_VK_HOST_COPY #26200 bytes=1048576 total=27226267648
GGML_VK_HOST_COPY #26300 bytes=1048576 total=27331125248
GGML_VK_HOST_COPY #26400 bytes=1048576 total=27422678016
GGML_VK_HOST_COPY #26500 bytes=870400 total=27502090240
GGML_VK_HOST_COPY #26600 bytes=245760 total=27567761920
GGML_VK_HOST_COPY #26700 bytes=81920 total=27588078080
GGML_VK_HOST_COPY #26800 bytes=40960 total=27595819520
GGML_VK_HOST_COPY #26900 bytes=10240 total=27599577600
GGML_VK_HOST_COPY #27000 bytes=512 total=27600001024
1.01.490.444 I cmn          init: llama threadpool init, n_threads = 8
GGML_VK_HOST_COPY #27100 bytes=204800 total=27601459200
GGML_SCHED_UPLOAD_STATS layers=0 copies=0 bytes=0 branch_ms=0.00 id_ms=0.00 wait_ms=0.13
GGML_SCHED_UPLOAD_STATS layers=0 copies=0 bytes=0 branch_ms=0.00 id_ms=0.00 wait_ms=0.14
1.01.717.045 I srv    load_model: initializing, n_slots = 1, n_ctx_slot = 131072, kv_unified = 'false'
1.01.721.238 W srv          init: chat template supports preserving reasoning, it is enabled by default (may use more tokens, disable via --no-reasoning-preserve)
1.01.721.357 I srv  llama_server: model loaded
1.01.721.360 I srv  llama_server: listening on http://127.0.0.1:8080
1.01.721.361 W srv  llama_server: notice: server default port will be changed to :9931 in a future release (ref: https://github.com/ggml-org/llama.cpp/pull/26508)
1.05.179.702 I slot get_availabl: id  0 | task -1 | selected slot by LRU, t_last = -1
1.05.179.812 I slot launch_slot_: id  0 | task 0 | processing task, is_child = 0
GGML_VK_HOST_COPY #27200 bytes=1574912 total=27695827968
GGML_VK_HOST_COPY #27300 bytes=525312 total=27801888768
GGML_VK_HOST_COPY #27400 bytes=461312 total=27911200768
GGML_VK_HOST_COPY #27500 bytes=461312 total=28017235968
GGML_VK_HOST_COPY #27600 bytes=1690112 total=28108276736
GGML_VK_HOST_COPY #27700 bytes=422912 total=28189428736
GGML_VK_HOST_COPY #27800 bytes=461312 total=28278913536
GGML_VK_HOST_COPY #27900 bytes=1382912 total=28369742336
GGML_VK_HOST_COPY #28000 bytes=1574912 total=28483303936
GGML_VK_HOST_COPY #28100 bytes=2099712 total=28607732224
GGML_VK_HOST_COPY #28200 bytes=461312 total=28723686912
GGML_VK_HOST_COPY #28300 bytes=1574912 total=28838144000
GGML_VK_HOST_COPY #28400 bytes=1050112 total=28931609600
GGML_VK_HOST_COPY #28500 bytes=525312 total=29029798400
GGML_VK_HOST_COPY #28600 bytes=461312 total=29117875200
GGML_VK_HOST_COPY #28700 bytes=1267712 total=29196876800
GGML_VK_HOST_COPY #28800 bytes=1267712 total=29275071488
GGML_VK_HOST_COPY #28900 bytes=845312 total=29351154688
GGML_VK_HOST_COPY #29000 bytes=461312 total=29433650176
GGML_VK_HOST_COPY #29100 bytes=3149312 total=29538686464
GGML_VK_HOST_COPY #29200 bytes=525312 total=29657342464
GGML_VK_HOST_COPY #29300 bytes=922112 total=29772440064
GGML_VK_HOST_COPY #29400 bytes=461312 total=29874328064
GGML_VK_HOST_COPY #29500 bytes=525312 total=30021374464
GGML_VK_HOST_COPY #29600 bytes=525312 total=30165745152
GGML_VK_HOST_COPY #29700 bytes=3686912 total=30308016640
GGML_VK_HOST_COPY #29800 bytes=1050112 total=30428835328
GGML_VK_HOST_COPY #29900 bytes=5248512 total=30563760128
GGML_VK_HOST_COPY #30000 bytes=3149312 total=30690812928
GGML_VK_HOST_COPY #30100 bytes=461312 total=30804963328
GGML_VK_HOST_COPY #30200 bytes=358912 total=30901475328
GGML_VK_HOST_COPY #30300 bytes=358912 total=30988976128
GGML_VK_HOST_COPY #30400 bytes=922112 total=31080931328
GGML_VK_HOST_COPY #30500 bytes=3379712 total=31189424128
GGML_VK_HOST_COPY #30600 bytes=422912 total=31297187328
GGML_VK_HOST_COPY #30700 bytes=422912 total=31397769216
GGML_VK_HOST_COPY #30800 bytes=1382912 total=31511829504
GGML_VK_HOST_COPY #30900 bytes=845312 total=31610107392
GGML_VK_HOST_COPY #31000 bytes=1689600 total=31709422080
GGML_VK_HOST_COPY #31100 bytes=2957312 total=31803246080
GGML_VK_HOST_COPY #31200 bytes=461312 total=31901024768
GGML_VK_HOST_COPY #31300 bytes=845312 total=32021190656
GGML_VK_HOST_COPY #31400 bytes=2534912 total=32148384256
GGML_VK_HOST_COPY #31500 bytes=1843712 total=32274656256
GGML_VK_HOST_COPY #31600 bytes=525312 total=32405549056
GGML_VK_HOST_COPY #31700 bytes=1050112 total=32549920256
GGML_VK_HOST_COPY #31800 bytes=1050112 total=32679072256
GGML_VK_HOST_COPY #31900 bytes=2304512 total=32802502656
GGML_VK_HOST_COPY #32000 bytes=717312 total=32919494656
GGML_VK_HOST_COPY #32100 bytes=3226112 total=33010937856
GGML_VK_HOST_COPY #32200 bytes=717312 total=33102739456
GGML_VK_HOST_COPY #32300 bytes=461312 total=33218144256
GGML_VK_HOST_COPY #32400 bytes=845312 total=33352173056
GGML_VK_HOST_COPY #32500 bytes=845312 total=33472185344
GGML_VK_HOST_COPY #32600 bytes=461312 total=33599301632
GGML_VK_HOST_COPY #32700 bytes=4198912 total=33716433920
GGML_VK_HOST_COPY #32800 bytes=525312 total=33855557120
GGML_VK_HOST_COPY #32900 bytes=1050112 total=33984184320
GGML_VK_HOST_COPY #33000 bytes=2304512 total=34109048320
GGML_SCHED_UPLOAD_STATS layers=48 copies=5919 bytes=6550067712 branch_ms=82.55 id_ms=73.87 wait_ms=931.52
GGML_VK_HOST_COPY #33100 bytes=525312 total=34222783488
GGML_VK_HOST_COPY #33200 bytes=2099712 total=34324120576
GGML_VK_HOST_COPY #33300 bytes=525312 total=34429131776
GGML_VK_HOST_COPY #33400 bytes=461312 total=34515928064
GGML_VK_HOST_COPY #33500 bytes=422912 total=34601246720
GGML_VK_HOST_COPY #33600 bytes=422912 total=34681131520
GGML_VK_HOST_COPY #33700 bytes=1382912 total=34762629120
GGML_VK_HOST_COPY #33800 bytes=1843712 total=34849771520
GGML_VK_HOST_COPY #33900 bytes=525312 total=34942033920
GGML_VK_HOST_COPY #34000 bytes=1050112 total=35042846208
GGML_VK_HOST_COPY #34100 bytes=461312 total=35142096896
GGML_VK_HOST_COPY #34200 bytes=525312 total=35234038784
GGML_VK_HOST_COPY #34300 bytes=525312 total=35312285184
GGML_VK_HOST_COPY #34400 bytes=525312 total=35388957184
GGML_VK_HOST_COPY #34500 bytes=922112 total=35462608384
GGML_VK_HOST_COPY #34600 bytes=845312 total=35530857984
GGML_VK_HOST_COPY #34700 bytes=422912 total=35592579584
GGML_VK_HOST_COPY #34800 bytes=461312 total=35655990784
GGML_VK_HOST_COPY #34900 bytes=1050112 total=35724995584
GGML_VK_HOST_COPY #35000 bytes=525312 total=35806915584
GGML_VK_HOST_COPY #35100 bytes=461312 total=35888541184
GGML_VK_HOST_COPY #35200 bytes=525312 total=35959619584
GGML_VK_HOST_COPY #35300 bytes=1574912 total=36049936384
GGML_VK_HOST_COPY #35400 bytes=525312 total=36136579072
GGML_VK_HOST_COPY #35500 bytes=461312 total=36216578560
GGML_VK_HOST_COPY #35600 bytes=2624512 total=36299842048
GGML_VK_HOST_COPY #35700 bytes=2099712 total=36387534848
GGML_VK_HOST_COPY #35800 bytes=525312 total=36467880448
GGML_VK_HOST_COPY #35900 bytes=461312 total=36548482048
GGML_VK_HOST_COPY #36000 bytes=358912 total=36619291648
GGML_VK_HOST_COPY #36100 bytes=717312 total=36673460736
GGML_VK_HOST_COPY #36200 bytes=461312 total=36731981824
GGML_VK_HOST_COPY #36300 bytes=1267712 total=36802842112
GGML_VK_HOST_COPY #36400 bytes=422912 total=36865830912
GGML_VK_HOST_COPY #36500 bytes=1267712 total=36931776000
GGML_VK_HOST_COPY #36600 bytes=461312 total=37002060288
GGML_VK_HOST_COPY #36700 bytes=422912 total=37072152576
GGML_VK_HOST_COPY #36800 bytes=422912 total=37134296576
GGML_VK_HOST_COPY #36900 bytes=922112 total=37199435776
GGML_VK_HOST_COPY #37000 bytes=845312 total=37267147776
GGML_VK_HOST_COPY #37100 bytes=422912 total=37330981376
GGML_VK_HOST_COPY #37200 bytes=422912 total=37395659776
GGML_VK_HOST_COPY #37300 bytes=1382912 total=37463986176
GGML_VK_HOST_COPY #37400 bytes=525312 total=37532082176
GGML_VK_HOST_COPY #37500 bytes=1050112 total=37615051264
GGML_VK_HOST_COPY #37600 bytes=922112 total=37694308352
GGML_VK_HOST_COPY #37700 bytes=922112 total=37764861952
GGML_VK_HOST_COPY #37800 bytes=717312 total=37813757440
GGML_VK_HOST_COPY #37900 bytes=1075712 total=37863626240
GGML_VK_HOST_COPY #38000 bytes=922112 total=37923530240
GGML_VK_HOST_COPY #38100 bytes=422912 total=37999383040
GGML_VK_HOST_COPY #38200 bytes=845312 total=38067440640
GGML_VK_HOST_COPY #38300 bytes=461312 total=38138109440
GGML_VK_HOST_COPY #38400 bytes=461312 total=38210506240
GGML_VK_HOST_COPY #38500 bytes=525312 total=38292170240
GGML_VK_HOST_COPY #38600 bytes=1050112 total=38378288128
GGML_VK_HOST_COPY #38700 bytes=461312 total=38456623616
GGML_SCHED_UPLOAD_STATS layers=48 copies=5706 bytes=4321886720 branch_ms=66.40 id_ms=59.02 wait_ms=796.39
GGML_VK_HOST_COPY #38800 bytes=525312 total=38545180672
GGML_VK_HOST_COPY #38900 bytes=1050112 total=38644943360
GGML_VK_HOST_COPY #39000 bytes=525312 total=38752053760
GGML_VK_HOST_COPY #39100 bytes=461312 total=38836264448
GGML_VK_HOST_COPY #39200 bytes=1267712 total=38921237504
GGML_VK_HOST_COPY #39300 bytes=1690112 total=39000699904
GGML_VK_HOST_COPY #39400 bytes=922112 total=39079816704
GGML_VK_HOST_COPY #39500 bytes=461312 total=39163733504
GGML_VK_HOST_COPY #39600 bytes=525312 total=39255547904
GGML_VK_HOST_COPY #39700 bytes=525312 total=39351636992
GGML_VK_HOST_COPY #39800 bytes=922112 total=39448199680
GGML_VK_HOST_COPY #39900 bytes=525312 total=39536186368
GGML_VK_HOST_COPY #40000 bytes=525312 total=39616007168
GGML_VK_HOST_COPY #40100 bytes=1050112 total=39694778368
GGML_VK_HOST_COPY #40200 bytes=461312 total=39769223168
GGML_VK_HOST_COPY #40300 bytes=845312 total=39838317568
GGML_VK_HOST_COPY #40400 bytes=422912 total=39901728768
GGML_VK_HOST_COPY #40500 bytes=922112 total=39967290368
GGML_VK_HOST_COPY #40600 bytes=525312 total=40034426368
GGML_VK_HOST_COPY #40700 bytes=1574912 total=40113722368
GGML_VK_HOST_COPY #40800 bytes=525312 total=40189869568
GGML_VK_HOST_COPY #40900 bytes=2765312 total=40261562368
GGML_VK_HOST_COPY #41000 bytes=525312 total=40341331968
GGML_VK_HOST_COPY #41100 bytes=525312 total=40418003456
GGML_VK_HOST_COPY #41200 bytes=461312 total=40503430144
GGML_VK_HOST_COPY #41300 bytes=461312 total=40579513344
GGML_VK_HOST_COPY #41400 bytes=1050112 total=40663557632
GGML_VK_HOST_COPY #41500 bytes=1050112 total=40758072832
GGML_VK_HOST_COPY #41600 bytes=461312 total=40850207232
GGML_VK_HOST_COPY #41700 bytes=1434112 total=40932280832
GGML_VK_HOST_COPY #41800 bytes=358912 total=40990750720
GGML_VK_HOST_COPY #41900 bytes=358912 total=41049937920
GGML_VK_HOST_COPY #42000 bytes=461312 total=41125355008
GGML_VK_HOST_COPY #42100 bytes=422912 total=41190032896
GGML_VK_HOST_COPY #42200 bytes=422912 total=41260201984
GGML_VK_HOST_COPY #42300 bytes=461312 total=41334172672
GGML_VK_HOST_COPY #42400 bytes=1267712 total=41406684160
GGML_VK_HOST_COPY #42500 bytes=845312 total=41467983360
GGML_VK_HOST_COPY #42600 bytes=422912 total=41524636160
GGML_VK_HOST_COPY #42700 bytes=1382912 total=41589352960
GGML_VK_HOST_COPY #42800 bytes=422912 total=41656181760
GGML_VK_HOST_COPY #42900 bytes=422912 total=41717480960
GGML_VK_HOST_COPY #43000 bytes=422912 total=41781736960
GGML_VK_HOST_COPY #43100 bytes=922112 total=41849448960
GGML_VK_HOST_COPY #43200 bytes=525312 total=41922306560
GGML_VK_HOST_COPY #43300 bytes=1050112 total=42004226048
GGML_VK_HOST_COPY #43400 bytes=461312 total=42081870336
GGML_VK_HOST_COPY #43500 bytes=717312 total=42144999424
GGML_VK_HOST_COPY #43600 bytes=358912 total=42199169024
GGML_VK_HOST_COPY #43700 bytes=717312 total=42252621824
GGML_VK_HOST_COPY #43800 bytes=922112 total=42318004224
GGML_VK_HOST_COPY #43900 bytes=422912 total=42395431424
GGML_VK_HOST_COPY #44000 bytes=422912 total=42474893824
GGML_VK_HOST_COPY #44100 bytes=461312 total=42548634624
GGML_VK_HOST_COPY #44200 bytes=922112 total=42627482624
GGML_VK_HOST_COPY #44300 bytes=2099712 total=42723508224
GGML_VK_HOST_COPY #44400 bytes=2099712 total=42823795712
GGML_VK_HOST_COPY #44500 bytes=461312 total=42916582400
GGML_SCHED_UPLOAD_STATS layers=48 copies=5802 bytes=4460995072 branch_ms=56.99 id_ms=49.36 wait_ms=827.17
GGML_VK_HOST_COPY #44600 bytes=525312 total=43012985856
GGML_VK_HOST_COPY #44700 bytes=525312 total=43113273344
GGML_VK_HOST_COPY #44800 bytes=1574912 total=43218284544
GGML_VK_HOST_COPY #44900 bytes=461312 total=43304056832
GGML_VK_HOST_COPY #45000 bytes=422912 total=43384268288
GGML_VK_HOST_COPY #45100 bytes=422912 total=43462885888
GGML_VK_HOST_COPY #45200 bytes=1267712 total=43538546688
GGML_VK_HOST_COPY #45300 bytes=461312 total=43619698688
GGML_VK_HOST_COPY #45400 bytes=525312 total=43706572288
GGML_VK_HOST_COPY #45500 bytes=525312 total=43804235776
GGML_VK_HOST_COPY #45600 bytes=922112 total=43902347264
GGML_VK_HOST_COPY #45700 bytes=460800 total=43991332352
GGML_VK_HOST_COPY #45800 bytes=525312 total=44075351552
GGML_VK_HOST_COPY #45900 bytes=1050112 total=44157271552
GGML_VK_HOST_COPY #46000 bytes=922112 total=44234122752
GGML_VK_HOST_COPY #46100 bytes=1267712 total=44306711552
GGML_VK_HOST_COPY #46200 bytes=845312 total=44372234752
GGML_VK_HOST_COPY #46300 bytes=461312 total=44439639552
GGML_VK_HOST_COPY #46400 bytes=461312 total=44510653952
GGML_VK_HOST_COPY #46500 bytes=525312 total=44588196352
GGML_VK_HOST_COPY #46600 bytes=525312 total=44667492352
GGML_VK_HOST_COPY #46700 bytes=461312 total=44741207552
GGML_VK_HOST_COPY #46800 bytes=525312 total=44816138752
GGML_VK_HOST_COPY #46900 bytes=525312 total=44905405440
GGML_VK_HOST_COPY #47000 bytes=525312 total=44996247040
GGML_VK_HOST_COPY #47100 bytes=922112 total=45069398528
GGML_VK_HOST_COPY #47200 bytes=2099712 total=45153596416
GGML_VK_HOST_COPY #47300 bytes=1574912 total=45254934016
GGML_VK_HOST_COPY #47400 bytes=922112 total=45353225216
GGML_VK_HOST_COPY #47500 bytes=3226112 total=45440367616
GGML_VK_HOST_COPY #47600 bytes=358912 total=45504162816
GGML_VK_HOST_COPY #47700 bytes=717312 total=45565858304
GGML_VK_HOST_COPY #47800 bytes=461312 total=45639380992
GGML_VK_HOST_COPY #47900 bytes=422912 total=45712775680
GGML_VK_HOST_COPY #48000 bytes=845312 total=45782522368
GGML_VK_HOST_COPY #48100 bytes=1267712 total=45852269568
GGML_VK_HOST_COPY #48200 bytes=922112 total=45922669056
GGML_VK_HOST_COPY #48300 bytes=422912 total=45994028544
GGML_VK_HOST_COPY #48400 bytes=422912 total=46055750144
GGML_VK_HOST_COPY #48500 bytes=845312 total=46117471744
GGML_VK_HOST_COPY #48600 bytes=1843712 total=46186143744
GGML_VK_HOST_COPY #48700 bytes=422912 total=46253702144
GGML_VK_HOST_COPY #48800 bytes=422912 total=46317113344
GGML_VK_HOST_COPY #48900 bytes=461312 total=46382674944
GGML_VK_HOST_COPY #49000 bytes=461312 total=46456454144
GGML_VK_HOST_COPY #49100 bytes=525312 total=46532153344
GGML_VK_HOST_COPY #49200 bytes=525312 total=46621420032
GGML_VK_HOST_COPY #49300 bytes=461312 total=46710558720
GGML_VK_HOST_COPY #49400 bytes=1075712 total=46787102208
GGML_VK_HOST_COPY #49500 bytes=717312 total=46846289408
GGML_VK_HOST_COPY #49600 bytes=358912 total=46904043008
GGML_VK_HOST_COPY #49700 bytes=461312 total=46975415808
GGML_VK_HOST_COPY #49800 bytes=845312 total=47059332608
GGML_VK_HOST_COPY #49900 bytes=845312 total=47140907008
GGML_VK_HOST_COPY #50000 bytes=1382912 total=47227857408
GGML_VK_HOST_COPY #50100 bytes=461312 total=47312695808
GGML_VK_HOST_COPY #50200 bytes=1050112 total=47411511808
GGML_VK_HOST_COPY #50300 bytes=1050112 total=47514423296
GGML_VK_HOST_COPY #50400 bytes=1382912 total=47613571584
GGML_SCHED_UPLOAD_STATS layers=48 copies=5925 bytes=4715086848 branch_ms=57.40 id_ms=49.36 wait_ms=858.64
1.11.647.520 I slot print_timing: id  0 | task 0 | prompt processing, n_tokens =   2048, progress = 0.50, t =   6.47 s / 316.65 tokens per second
GGML_VK_HOST_COPY #50500 bytes=525312 total=47712304640
GGML_VK_HOST_COPY #50600 bytes=525312 total=47818365440
GGML_VK_HOST_COPY #50700 bytes=1050112 total=47911830528
GGML_VK_HOST_COPY #50800 bytes=1843712 total=47999407616
GGML_VK_HOST_COPY #50900 bytes=422912 total=48089065472
GGML_VK_HOST_COPY #51000 bytes=422912 total=48161769472
GGML_VK_HOST_COPY #51100 bytes=422912 total=48237852672
GGML_VK_HOST_COPY #51200 bytes=461312 total=48320118272
GGML_VK_HOST_COPY #51300 bytes=1050112 total=48402870272
GGML_VK_HOST_COPY #51400 bytes=1050112 total=48501058560
GGML_VK_HOST_COPY #51500 bytes=525312 total=48598722560
GGML_VK_HOST_COPY #51600 bytes=461312 total=48681154048
GGML_VK_HOST_COPY #51700 bytes=525312 total=48767975936
GGML_VK_HOST_COPY #51800 bytes=1050112 total=48849895936
GGML_VK_HOST_COPY #51900 bytes=461312 total=48927911936
GGML_VK_HOST_COPY #52000 bytes=461312 total=48999847936
GGML_VK_HOST_COPY #52100 bytes=422912 total=49068212736
GGML_VK_HOST_COPY #52200 bytes=422912 total=49136692736
GGML_VK_HOST_COPY #52300 bytes=1382912 total=49205979136
GGML_VK_HOST_COPY #52400 bytes=525312 total=49276391936
GGML_VK_HOST_COPY #52500 bytes=1050112 total=49355687936
GGML_VK_HOST_COPY #52600 bytes=461312 total=49434894336
GGML_VK_HOST_COPY #52700 bytes=461312 total=49502683136
GGML_VK_HOST_COPY #52800 bytes=525312 total=49586907136
GGML_VK_HOST_COPY #52900 bytes=525312 total=49671451136
GGML_VK_HOST_COPY #53000 bytes=461312 total=49748929536
GGML_VK_HOST_COPY #53100 bytes=525312 total=49828737536
GGML_VK_HOST_COPY #53200 bytes=525312 total=49925876736
GGML_VK_HOST_COPY #53300 bytes=2099712 total=50023540736
GGML_VK_HOST_COPY #53400 bytes=461312 total=50113447936
GGML_VK_HOST_COPY #53500 bytes=358912 total=50196340736
GGML_VK_HOST_COPY #53600 bytes=1434112 total=50256961024
GGML_VK_HOST_COPY #53700 bytes=1434112 total=50316865024
GGML_VK_HOST_COPY #53800 bytes=461312 total=50391667712
GGML_VK_HOST_COPY #53900 bytes=845312 total=50463180800
GGML_VK_HOST_COPY #54000 bytes=845312 total=50534617088
GGML_VK_HOST_COPY #54100 bytes=461312 total=50608933376
GGML_VK_HOST_COPY #54200 bytes=1843712 total=50686859776
GGML_VK_HOST_COPY #54300 bytes=845312 total=50761176064
GGML_VK_HOST_COPY #54400 bytes=422912 total=50835147264
GGML_VK_HOST_COPY #54500 bytes=1382912 total=50915569664
GGML_VK_HOST_COPY #54600 bytes=422912 total=50989464064
GGML_VK_HOST_COPY #54700 bytes=422912 total=51061323264
GGML_VK_HOST_COPY #54800 bytes=1690112 total=51137828864
GGML_VK_HOST_COPY #54900 bytes=1382912 total=51214449664
GGML_VK_HOST_COPY #55000 bytes=525312 total=51290340864
GGML_VK_HOST_COPY #55100 bytes=525312 total=51383805952
GGML_VK_HOST_COPY #55200 bytes=1050112 total=51472023552
GGML_VK_HOST_COPY #55300 bytes=922112 total=51547888640
GGML_VK_HOST_COPY #55400 bytes=717312 total=51616188928
GGML_VK_HOST_COPY #55500 bytes=358912 total=51676092928
GGML_VK_HOST_COPY #55600 bytes=461312 total=51740348928
GGML_VK_HOST_COPY #55700 bytes=422912 total=51819811328
GGML_VK_HOST_COPY #55800 bytes=845312 total=51905609728
GGML_VK_HOST_COPY #55900 bytes=422912 total=51992252928
GGML_VK_HOST_COPY #56000 bytes=2304512 total=52088227328
GGML_VK_HOST_COPY #56100 bytes=1574912 total=52173705728
GGML_VK_HOST_COPY #56200 bytes=525312 total=52281865216
GGML_VK_HOST_COPY #56300 bytes=525312 total=52386351616
GGML_VK_HOST_COPY #56400 bytes=1382912 total=52474018304
GGML_SCHED_UPLOAD_STATS layers=48 copies=5952 bytes=4811230208 branch_ms=57.21 id_ms=49.36 wait_ms=869.53
GGML_VK_HOST_COPY #56500 bytes=2624512 total=52580226560
GGML_VK_HOST_COPY #56600 bytes=1050112 total=52675790848
GGML_VK_HOST_COPY #56700 bytes=525312 total=52775554048
GGML_VK_HOST_COPY #56800 bytes=461312 total=52859854336
GGML_VK_HOST_COPY #56900 bytes=422912 total=52940372992
GGML_VK_HOST_COPY #57000 bytes=845312 total=53016878592
GGML_VK_HOST_COPY #57100 bytes=922112 total=53093883392
GGML_VK_HOST_COPY #57200 bytes=922112 total=53174574592
GGML_VK_HOST_COPY #57300 bytes=2099712 total=53266593792
GGML_VK_HOST_COPY #57400 bytes=3674112 total=53362158080
GGML_VK_HOST_COPY #57500 bytes=461312 total=53456839168
GGML_VK_HOST_COPY #57600 bytes=525312 total=53544723456
GGML_VK_HOST_COPY #57700 bytes=525312 total=53627693056
GGML_VK_HOST_COPY #57800 bytes=525312 total=53711187456
GGML_VK_HOST_COPY #57900 bytes=461312 total=53786771456
GGML_VK_HOST_COPY #58000 bytes=422912 total=53860397056
GGML_VK_HOST_COPY #58100 bytes=1690112 total=53926342656
GGML_VK_HOST_COPY #58200 bytes=922112 total=53989600256
GGML_VK_HOST_COPY #58300 bytes=461312 total=54061075456
GGML_VK_HOST_COPY #58400 bytes=2624512 total=54137581056
GGML_VK_HOST_COPY #58500 bytes=525312 total=54210579456
GGML_VK_HOST_COPY #58600 bytes=461312 total=54286509056
GGML_VK_HOST_COPY #58700 bytes=525312 total=54361581056
GGML_VK_HOST_COPY #58800 bytes=525312 total=54452947456
GGML_VK_HOST_COPY #58900 bytes=525312 total=54543789056
GGML_VK_HOST_COPY #59000 bytes=1382912 total=54621075456
GGML_VK_HOST_COPY #59100 bytes=1050112 total=54705145856
GGML_VK_HOST_COPY #59200 bytes=525312 total=54811731456
GGML_VK_HOST_COPY #59300 bytes=461312 total=54917421056
GGML_VK_HOST_COPY #59400 bytes=461312 total=55008710656
GGML_VK_HOST_COPY #59500 bytes=717312 total=55076550656
GGML_VK_HOST_COPY #59600 bytes=717312 total=55138604544
GGML_VK_HOST_COPY #59700 bytes=461312 total=55205420032
GGML_VK_HOST_COPY #59800 bytes=422912 total=55285112320
GGML_VK_HOST_COPY #59900 bytes=1690112 total=55356971520
GGML_VK_HOST_COPY #60000 bytes=422912 total=55430942208
GGML_VK_HOST_COPY #60100 bytes=1382912 total=55509597696
GGML_VK_HOST_COPY #60200 bytes=1690112 total=55595741184
GGML_VK_HOST_COPY #60300 bytes=422912 total=55670557184
GGML_VK_HOST_COPY #60400 bytes=422912 total=55746640384
GGML_VK_HOST_COPY #60500 bytes=461312 total=55829750784
GGML_VK_HOST_COPY #60600 bytes=1690112 total=55910019584
GGML_VK_HOST_COPY #60700 bytes=422912 total=55980189184
GGML_VK_HOST_COPY #60800 bytes=1690112 total=56059651584
GGML_VK_HOST_COPY #60900 bytes=461312 total=56140227584
GGML_VK_HOST_COPY #61000 bytes=1050112 total=56220009984
GGML_VK_HOST_COPY #61100 bytes=525312 total=56326595072
GGML_VK_HOST_COPY #61200 bytes=525312 total=56424783872
GGML_VK_HOST_COPY #61300 bytes=461312 total=56511375360
GGML_VK_HOST_COPY #61400 bytes=1434112 total=56587918848
GGML_VK_HOST_COPY #61500 bytes=1434112 total=56656066048
GGML_VK_HOST_COPY #61600 bytes=1382912 total=56726978048
GGML_VK_HOST_COPY #61700 bytes=422912 total=56819765248
GGML_VK_HOST_COPY #61800 bytes=845312 total=56908098048
GGML_VK_HOST_COPY #61900 bytes=422912 total=56999810048
GGML_VK_HOST_COPY #62000 bytes=461312 total=57101506048
GGML_VK_HOST_COPY #62100 bytes=1574912 total=57199490048
GGML_VK_HOST_COPY #62200 bytes=1050112 total=57309749248
GGML_VK_HOST_COPY #62300 bytes=525312 total=57429454848
GGML_VK_HOST_COPY #62400 bytes=922112 total=57522114048
GGML_SCHED_UPLOAD_STATS layers=48 copies=5991 bytes=5026086912 branch_ms=57.12 id_ms=49.22 wait_ms=896.37
GGML_VK_HOST_COPY #62500 bytes=1050112 total=57625138176
GGML_VK_HOST_COPY #62600 bytes=525312 total=57718078464
GGML_VK_HOST_COPY #62700 bytes=525312 total=57816792064
GGML_VK_HOST_COPY #62800 bytes=461312 total=57902615552
GGML_VK_HOST_COPY #62900 bytes=422912 total=57984071168
GGML_VK_HOST_COPY #63000 bytes=845312 total=58058887168
GGML_VK_HOST_COPY #63100 bytes=1843712 total=58137888768
GGML_VK_HOST_COPY #63200 bytes=1843712 total=58219040768
GGML_VK_HOST_COPY #63300 bytes=1574912 total=58310522368
GGML_VK_HOST_COPY #63400 bytes=1050112 total=58403462656
GGML_VK_HOST_COPY #63500 bytes=461312 total=58496441344
GGML_VK_HOST_COPY #63600 bytes=1050112 total=58583007232
GGML_VK_HOST_COPY #63700 bytes=525312 total=58667026432
GGML_VK_HOST_COPY #63800 bytes=2099712 total=58753144832
GGML_VK_HOST_COPY #63900 bytes=461312 total=58828012032
GGML_VK_HOST_COPY #64000 bytes=422912 total=58901599232
GGML_VK_HOST_COPY #64100 bytes=422912 total=58970501632
GGML_VK_HOST_COPY #64200 bytes=461312 total=59036984832
GGML_VK_HOST_COPY #64300 bytes=461312 total=59111224832
GGML_VK_HOST_COPY #64400 bytes=525312 total=59188831232
GGML_VK_HOST_COPY #64500 bytes=4198912 total=59267077632
GGML_VK_HOST_COPY #64600 bytes=461312 total=59339551232
GGML_VK_HOST_COPY #64700 bytes=1574912 total=59418540032
GGML_VK_HOST_COPY #64800 bytes=525312 total=59510956032
GGML_VK_HOST_COPY #64900 bytes=525312 total=59604421632
GGML_VK_HOST_COPY #65000 bytes=922112 total=59684690432
GGML_VK_HOST_COPY #65100 bytes=1050112 total=59772677632
GGML_VK_HOST_COPY #65200 bytes=525312 total=59876639232
GGML_VK_HOST_COPY #65300 bytes=1382912 total=59984594432
GGML_VK_HOST_COPY #65400 bytes=461312 total=60077266432
GGML_VK_HOST_COPY #65500 bytes=358912 total=60137784832
GGML_VK_HOST_COPY #65600 bytes=358912 total=60199121920
GGML_VK_HOST_COPY #65700 bytes=461312 total=60268241408
GGML_VK_HOST_COPY #65800 bytes=422912 total=60344938496
GGML_VK_HOST_COPY #65900 bytes=422912 total=60415952896
GGML_VK_HOST_COPY #66000 bytes=422912 total=60489923584
GGML_VK_HOST_COPY #66100 bytes=461312 total=60568425472
GGML_VK_HOST_COPY #66200 bytes=1267712 total=60656565760
GGML_VK_HOST_COPY #66300 bytes=422912 total=60732226560
GGML_VK_HOST_COPY #66400 bytes=845312 total=60812111360
GGML_VK_HOST_COPY #66500 bytes=461312 total=60899484160
GGML_VK_HOST_COPY #66600 bytes=422912 total=60984207360
GGML_VK_HOST_COPY #66700 bytes=1690112 total=61061135360
GGML_VK_HOST_COPY #66800 bytes=1382912 total=61142325760
GGML_VK_HOST_COPY #66900 bytes=922112 total=61236380160
GGML_VK_HOST_COPY #67000 bytes=1050112 total=61328501760
GGML_VK_HOST_COPY #67100 bytes=525312 total=61425640448
GGML_VK_HOST_COPY #67200 bytes=922112 total=61526939136
GGML_VK_HOST_COPY #67300 bytes=358912 total=61617153024
GGML_VK_HOST_COPY #67400 bytes=358912 total=61684583424
GGML_VK_HOST_COPY #67500 bytes=1434112 total=61752372224
GGML_VK_HOST_COPY #67600 bytes=461312 total=61831271424
GGML_VK_HOST_COPY #67700 bytes=1690112 total=61921754624
GGML_VK_HOST_COPY #67800 bytes=2112512 total=62018535424
GGML_VK_HOST_COPY #67900 bytes=845312 total=62109402624
GGML_VK_HOST_COPY #68000 bytes=2304512 total=62213402624
GGML_VK_HOST_COPY #68100 bytes=1050112 total=62315559424
GGML_VK_HOST_COPY #68200 bytes=525312 total=62423194112
GGML_VK_HOST_COPY #68300 bytes=461312 total=62527539200
GGML_SCHED_UPLOAD_STATS layers=48 copies=5961 bytes=5064674816 branch_ms=44.74 id_ms=36.79 wait_ms=910.14
1.16.955.938 I slot print_timing: id  0 | task 0 | prompt processing, n_tokens =   3578, progress = 0.87, t =  11.78 s / 303.84 tokens per second
GGML_VK_HOST_COPY #68400 bytes=1050112 total=62639328256
GGML_VK_HOST_COPY #68500 bytes=1050112 total=62737517056
GGML_VK_HOST_COPY #68600 bytes=525312 total=62832031744
GGML_VK_HOST_COPY #68700 bytes=922112 total=62921004032
GGML_VK_HOST_COPY #68800 bytes=422912 total=63011045888
GGML_VK_HOST_COPY #68900 bytes=422912 total=63082482688
GGML_VK_HOST_COPY #69000 bytes=845312 total=63162367488
GGML_VK_HOST_COPY #69100 bytes=461312 total=63238489088
GGML_VK_HOST_COPY #69200 bytes=1050112 total=63322418688
GGML_VK_HOST_COPY #69300 bytes=525312 total=63423756288
GGML_VK_HOST_COPY #69400 bytes=525312 total=63514597376
GGML_VK_HOST_COPY #69500 bytes=1382912 total=63602699264
GGML_VK_HOST_COPY #69600 bytes=1050112 total=63691978752
GGML_VK_HOST_COPY #69700 bytes=525312 total=63773898752
GGML_VK_HOST_COPY #69800 bytes=1382912 total=63856676352
GGML_VK_HOST_COPY #69900 bytes=922112 total=63929994752
GGML_VK_HOST_COPY #70000 bytes=422912 total=63997860352
GGML_VK_HOST_COPY #70100 bytes=422912 total=64069297152
GGML_VK_HOST_COPY #70200 bytes=461312 total=64143345152
GGML_VK_HOST_COPY #70300 bytes=525312 total=64215140352
GGML_VK_HOST_COPY #70400 bytes=1050112 total=64297585152
GGML_VK_HOST_COPY #70500 bytes=1050112 total=64375831552
GGML_VK_HOST_COPY #70600 bytes=922112 total=64446423552
GGML_VK_HOST_COPY #70700 bytes=1050112 total=64532810752
GGML_VK_HOST_COPY #70800 bytes=525312 total=64619453952
GGML_VK_HOST_COPY #70900 bytes=461312 total=64711511552
GGML_VK_HOST_COPY #71000 bytes=1382912 total=64792202752
GGML_VK_HOST_COPY #71100 bytes=1574912 total=64889777152
GGML_VK_HOST_COPY #71200 bytes=2099712 total=64997412352
GGML_VK_HOST_COPY #71300 bytes=1382912 total=65101041152
GGML_VK_HOST_COPY #71400 bytes=358912 total=65194737152
GGML_VK_HOST_COPY #71500 bytes=358912 total=65255715840
GGML_VK_HOST_COPY #71600 bytes=358912 total=65316695040
GGML_VK_HOST_COPY #71700 bytes=1382912 total=65393033728
GGML_VK_HOST_COPY #71800 bytes=422912 total=65466505216
GGML_VK_HOST_COPY #71900 bytes=845312 total=65543432704
GGML_VK_HOST_COPY #72000 bytes=422912 total=65615714304
GGML_VK_HOST_COPY #72100 bytes=461312 total=65693601792
GGML_VK_HOST_COPY #72200 bytes=845312 total=65779438080
GGML_VK_HOST_COPY #72300 bytes=1267712 total=65859745280
GGML_VK_HOST_COPY #72400 bytes=922112 total=65935521280
GGML_VK_HOST_COPY #72500 bytes=1843712 total=66022202880
GGML_VK_HOST_COPY #72600 bytes=845312 total=66109076480
GGML_VK_HOST_COPY #72700 bytes=845312 total=66191073280
GGML_VK_HOST_COPY #72800 bytes=461312 total=66274951680
GGML_VK_HOST_COPY #72900 bytes=461312 total=66363015680
GGML_VK_HOST_COPY #73000 bytes=525312 total=66462254080
GGML_VK_HOST_COPY #73100 bytes=1574912 total=66564640768
GGML_VK_HOST_COPY #73200 bytes=922112 total=66661971456
GGML_VK_HOST_COPY #73300 bytes=1792512 total=66754796544
GGML_VK_HOST_COPY #73400 bytes=358912 total=66822585344
GGML_VK_HOST_COPY #73500 bytes=358912 total=66890374144
GGML_VK_HOST_COPY #73600 bytes=922112 total=66972601344
GGML_VK_HOST_COPY #73700 bytes=1267712 total=67067846144
GGML_VK_HOST_COPY #73800 bytes=1690112 total=67162514944
GGML_VK_HOST_COPY #73900 bytes=461312 total=67253842944
GGML_VK_HOST_COPY #74000 bytes=922112 total=67355270144
GGML_VK_HOST_COPY #74100 bytes=525312 total=67470930944
GGML_VK_HOST_COPY #74200 bytes=1574912 total=67592210432
GGML_VK_HOST_COPY #74300 bytes=922112 total=67706757120
GGML_SCHED_UPLOAD_STATS layers=48 copies=5973 bytes=5145218560 branch_ms=57.52 id_ms=49.60 wait_ms=928.64
1.18.826.918 I slot print_timing: id  0 | task 0 | prompt processing, n_tokens =   4090, progress = 1.00, t =  13.65 s / 299.70 tokens per second
GGML_SCHED_UPLOAD_STATS layers=0 copies=0 bytes=0 branch_ms=0.00 id_ms=0.00 wait_ms=0.24
1.19.863.244 I slot print_timing: id  0 | task 0 | prompt eval time =   14683.40 ms /  4094 tokens (    3.59 ms per token,   278.82 tokens per second)
1.19.863.248 I slot print_timing: id  0 | task 0 |        eval time =       0.00 ms /     1 tokens (    0.00 ms per token,     0.00 tokens per second)
1.19.863.249 I slot print_timing: id  0 | task 0 |       total time =   14683.40 ms /  4095 tokens
1.19.863.251 I slot print_timing: id  0 | task 0 |    graphs reused =          1
1.19.863.315 I slot      release: id  0 | task 0 | stop processing: n_tokens = 4094, truncated = 0
1.19.923.903 I slot get_availabl: id  0 | task -1 | selected slot by LCP similarity, f_sim_best = 0.996 (> 0.100 thold), f_keep = 0.062
1.20.008.196 I slot launch_slot_: id  0 | task 5 | processing task, is_child = 0
GGML_VK_HOST_COPY #74400 bytes=525312 total=67804690944
GGML_VK_HOST_COPY #74500 bytes=525312 total=67920198144
GGML_VK_HOST_COPY #74600 bytes=525312 total=68024159744
GGML_VK_HOST_COPY #74700 bytes=1382912 total=68122706944
GGML_VK_HOST_COPY #74800 bytes=422912 total=68218332672
GGML_VK_HOST_COPY #74900 bytes=422912 total=68298639872
GGML_VK_HOST_COPY #75000 bytes=422912 total=68383171072
GGML_VK_HOST_COPY #75100 bytes=461312 total=68471311872
GGML_VK_HOST_COPY #75200 bytes=525312 total=68562742272
GGML_VK_HOST_COPY #75300 bytes=1574912 total=68678248960
GGML_VK_HOST_COPY #75400 bytes=525312 total=68791132160
GGML_VK_HOST_COPY #75500 bytes=922112 total=68890229248
GGML_VK_HOST_COPY #75600 bytes=525312 total=68984116736
GGML_VK_HOST_COPY #75700 bytes=525312 total=69074958336
GGML_VK_HOST_COPY #75800 bytes=1382912 total=69154881536
GGML_VK_HOST_COPY #75900 bytes=1267712 total=69237377536
GGML_VK_HOST_COPY #76000 bytes=845312 total=69309659136
GGML_VK_HOST_COPY #76100 bytes=845312 total=69384474624
GGML_VK_HOST_COPY #76200 bytes=922112 total=69464819712
GGML_VK_HOST_COPY #76300 bytes=1050112 total=69553702400
GGML_VK_HOST_COPY #76400 bytes=525312 total=69650316800
GGML_VK_HOST_COPY #76500 bytes=1574912 total=69749030400
GGML_VK_HOST_COPY #76600 bytes=461312 total=69836428800
GGML_VK_HOST_COPY #76700 bytes=525312 total=69934528000
GGML_VK_HOST_COPY #76800 bytes=3149312 total=70054757888
GGML_VK_HOST_COPY #76900 bytes=1574912 total=70179711488
GGML_VK_HOST_COPY #77000 bytes=922112 total=70285170176
GGML_VK_HOST_COPY #77100 bytes=1050112 total=70394072064
GGML_VK_HOST_COPY #77200 bytes=525312 total=70509579264
GGML_VK_HOST_COPY #77300 bytes=461312 total=70620120064
GGML_VK_HOST_COPY #77400 bytes=922112 total=70721547264
GGML_VK_HOST_COPY #77500 bytes=358912 total=70801675264
GGML_VK_HOST_COPY #77600 bytes=358912 total=70871614464
GGML_VK_HOST_COPY #77700 bytes=461312 total=70947646464
GGML_VK_HOST_COPY #77800 bytes=422912 total=71043083264
GGML_VK_HOST_COPY #77900 bytes=845312 total=71125502464
GGML_VK_HOST_COPY #78000 bytes=845312 total=71217213952
GGML_VK_HOST_COPY #78100 bytes=461312 total=71311344640
GGML_VK_HOST_COPY #78200 bytes=422912 total=71393033728
GGML_VK_HOST_COPY #78300 bytes=422912 total=71468694016
GGML_VK_HOST_COPY #78400 bytes=422912 total=71541398016
GGML_VK_HOST_COPY #78500 bytes=922112 total=71626120704
GGML_VK_HOST_COPY #78600 bytes=845312 total=71712571392
GGML_VK_HOST_COPY #78700 bytes=845312 total=71811041792
GGML_VK_HOST_COPY #78800 bytes=1382912 total=71906132992
GGML_VK_HOST_COPY #78900 bytes=1843712 total=72006638592
GGML_VK_HOST_COPY #79000 bytes=2624512 total=72112520192
GGML_VK_HOST_COPY #79100 bytes=1050112 total=72215956992
GGML_VK_HOST_COPY #79200 bytes=461312 total=72320161792
GGML_VK_HOST_COPY #79300 bytes=1075712 total=72418465792
GGML_VK_HOST_COPY #79400 bytes=358912 total=72494856192
GGML_VK_HOST_COPY #79500 bytes=717312 total=72567304192
GGML_VK_HOST_COPY #79600 bytes=461312 total=72650452992
GGML_VK_HOST_COPY #79700 bytes=422912 total=72752916992
GGML_VK_HOST_COPY #79800 bytes=422912 total=72829844992
GGML_VK_HOST_COPY #79900 bytes=1267712 total=72916910080
GGML_VK_HOST_COPY #80000 bytes=922112 total=73001939968
GGML_VK_HOST_COPY #80100 bytes=525312 total=73083321856
GGML_VK_HOST_COPY #80200 bytes=1574912 total=73184659456
GGML_VK_HOST_COPY #80300 bytes=525312 total=73279174656
GGML_VK_HOST_COPY #80400 bytes=1382912 total=73374521856
GGML_SCHED_UPLOAD_STATS layers=48 copies=6081 bytes=5636256256 branch_ms=33.00 id_ms=25.50 wait_ms=761.15
GGML_SCHED_UPLOAD_STATS layers=0 copies=0 bytes=0 branch_ms=0.00 id_ms=0.00 wait_ms=0.25
1.21.507.212 I slot print_timing: id  0 | task 5 | prompt eval time =    1498.98 ms /   255 tokens (    5.88 ms per token,   170.12 tokens per second)
1.21.507.214 I slot print_timing: id  0 | task 5 |        eval time =       0.00 ms /     1 tokens (    0.00 ms per token,     0.00 tokens per second)
1.21.507.214 I slot print_timing: id  0 | task 5 |       total time =    1498.98 ms /   256 tokens
1.21.507.215 I slot print_timing: id  0 | task 5 |    graphs reused =          1
1.21.507.228 I slot      release: id  0 | task 5 | stop processing: n_tokens = 255, truncated = 0
1.21.565.628 I slot get_availabl: id  0 | task -1 | selected slot by LRU, t_last = 3683920113036
1.21.637.524 I slot launch_slot_: id  0 | task 8 | processing task, is_child = 0
GGML_VK_HOST_COPY #80500 bytes=525312 total=73455839232
GGML_VK_HOST_COPY #80600 bytes=525312 total=73577119232
GGML_VK_HOST_COPY #80700 bytes=1050112 total=73685804032
GGML_VK_HOST_COPY #80800 bytes=2304512 total=73787128832
GGML_VK_HOST_COPY #80900 bytes=422912 total=73888960000
GGML_VK_HOST_COPY #81000 bytes=845312 total=73972646400
GGML_VK_HOST_COPY #81100 bytes=1267712 total=74058444800
GGML_VK_HOST_COPY #81200 bytes=1382912 total=74150233600
GGML_VK_HOST_COPY #81300 bytes=1050112 total=74242790400
GGML_VK_HOST_COPY #81400 bytes=1050112 total=74373516288
GGML_VK_HOST_COPY #81500 bytes=1574912 total=74503193088
GGML_VK_HOST_COPY #81600 bytes=461312 total=74603762176
GGML_VK_HOST_COPY #81700 bytes=1050112 total=74713662464
GGML_VK_HOST_COPY #81800 bytes=525312 total=74806603264
GGML_VK_HOST_COPY #81900 bytes=1843712 total=74896062464
GGML_VK_HOST_COPY #82000 bytes=922112 total=74982744064
GGML_VK_HOST_COPY #82100 bytes=422912 total=75059979264
GGML_VK_HOST_COPY #82200 bytes=422912 total=75138173952
GGML_VK_HOST_COPY #82300 bytes=922112 total=75220592640
GGML_VK_HOST_COPY #82400 bytes=525312 total=75306569728
GGML_VK_HOST_COPY #82500 bytes=525312 total=75423126528
GGML_VK_HOST_COPY #82600 bytes=525312 total=75533385728
GGML_VK_HOST_COPY #82700 bytes=461312 total=75643760128
GGML_VK_HOST_COPY #82800 bytes=1574912 total=75759868928
GGML_VK_HOST_COPY #82900 bytes=3674112 total=75911586816
GGML_VK_HOST_COPY #83000 bytes=2099712 total=76058057216
GGML_VK_HOST_COPY #83100 bytes=461312 total=76193621504
GGML_VK_HOST_COPY #83200 bytes=4198912 total=76321672192
GGML_VK_HOST_COPY #83300 bytes=525312 total=76445576192
GGML_VK_HOST_COPY #83400 bytes=922112 total=76568865792
GGML_VK_HOST_COPY #83500 bytes=717312 total=76681556992
GGML_VK_HOST_COPY #83600 bytes=1075712 total=76769774592
GGML_VK_HOST_COPY #83700 bytes=1434112 total=76852974592
GGML_VK_HOST_COPY #83800 bytes=922112 total=76957320192
GGML_VK_HOST_COPY #83900 bytes=1267712 total=77068155392
GGML_VK_HOST_COPY #84000 bytes=422912 total=77169582080
GGML_VK_HOST_COPY #84100 bytes=422912 total=77269319680
GGML_VK_HOST_COPY #84200 bytes=922112 total=77389139968
GGML_VK_HOST_COPY #84300 bytes=2112512 total=77478278656
GGML_VK_HOST_COPY #84400 bytes=845312 total=77578015744
GGML_VK_HOST_COPY #84500 bytes=2765312 total=77681055232
GGML_VK_HOST_COPY #84600 bytes=1382912 total=77780639232
GGML_VK_HOST_COPY #84700 bytes=845312 total=77901611520
GGML_VK_HOST_COPY #84800 bytes=1267712 total=78024581120
GGML_VK_HOST_COPY #84900 bytes=461312 total=78152427520
GGML_VK_HOST_COPY #85000 bytes=1050112 total=78286315520
GGML_VK_HOST_COPY #85100 bytes=525312 total=78431736320
GGML_VK_HOST_COPY #85200 bytes=461312 total=78571013120
GGML_VK_HOST_COPY #85300 bytes=922112 total=78697784320
GGML_VK_HOST_COPY #85400 bytes=2509312 total=78791019520
GGML_VK_HOST_COPY #85500 bytes=358912 total=78876728320
GGML_VK_HOST_COPY #85600 bytes=1382912 total=78980203520
GGML_VK_HOST_COPY #85700 bytes=845312 total=79104133120
GGML_VK_HOST_COPY #85800 bytes=1267712 total=79223723520
GGML_VK_HOST_COPY #85900 bytes=845312 total=79350916608
GGML_VK_HOST_COPY #86000 bytes=461312 total=79483984896
GGML_VK_HOST_COPY #86100 bytes=1050112 total=79605597184
GGML_VK_HOST_COPY #86200 bytes=2624512 total=79741571584
GGML_VK_HOST_COPY #86300 bytes=922112 total=79869264384
GGML_VK_HOST_COPY #86400 bytes=461312 total=79994653184
GGML_SCHED_UPLOAD_STATS layers=48 copies=5919 bytes=6550067712 branch_ms=76.64 id_ms=68.99 wait_ms=958.09
GGML_VK_HOST_COPY #86500 bytes=1574912 total=80101450752
GGML_VK_HOST_COPY #86600 bytes=1574912 total=80199639040
GGML_VK_HOST_COPY #86700 bytes=1382912 total=80293193728
GGML_VK_HOST_COPY #86800 bytes=460800 total=80382178816
GGML_VK_HOST_COPY #86900 bytes=845312 total=80464771584
GGML_VK_HOST_COPY #87000 bytes=845312 total=80547613184
GGML_VK_HOST_COPY #87100 bytes=461312 total=80631184384
GGML_VK_HOST_COPY #87200 bytes=2099712 total=80717789184
GGML_VK_HOST_COPY #87300 bytes=525312 total=80823849984
GGML_VK_HOST_COPY #87400 bytes=1050112 total=80918364672
GGML_VK_HOST_COPY #87500 bytes=922112 total=81008808960
GGML_VK_HOST_COPY #87600 bytes=525312 total=81099586048
GGML_VK_HOST_COPY #87700 bytes=525312 total=81173634048
GGML_VK_HOST_COPY #87800 bytes=1050112 total=81255029248
GGML_VK_HOST_COPY #87900 bytes=1382912 total=81324251648
GGML_VK_HOST_COPY #88000 bytes=845312 total=81388891648
GGML_VK_HOST_COPY #88100 bytes=422912 total=81450190848
GGML_VK_HOST_COPY #88200 bytes=461312 total=81516251648
GGML_VK_HOST_COPY #88300 bytes=525312 total=81587918848
GGML_VK_HOST_COPY #88400 bytes=525312 total=81666165248
GGML_VK_HOST_COPY #88500 bytes=461312 total=81746037248
GGML_VK_HOST_COPY #88600 bytes=525312 total=81824642048
GGML_VK_HOST_COPY #88700 bytes=525312 total=81917057536
GGML_VK_HOST_COPY #88800 bytes=525312 total=82006849536
GGML_VK_HOST_COPY #88900 bytes=461312 total=82082829824
GGML_VK_HOST_COPY #89000 bytes=525312 total=82164864512
GGML_VK_HOST_COPY #89100 bytes=525312 total=82252032512
GGML_VK_HOST_COPY #89200 bytes=461312 total=82339571712
GGML_VK_HOST_COPY #89300 bytes=461312 total=82417037312
GGML_VK_HOST_COPY #89400 bytes=358912 total=82473613312
GGML_VK_HOST_COPY #89500 bytes=358912 total=82529574400
GGML_VK_HOST_COPY #89600 bytes=461312 total=82594546688
GGML_VK_HOST_COPY #89700 bytes=845312 total=82659186176
GGML_VK_HOST_COPY #89800 bytes=422912 total=82727665664
GGML_VK_HOST_COPY #89900 bytes=922112 total=82797297152
GGML_VK_HOST_COPY #90000 bytes=461312 total=82865546752
GGML_VK_HOST_COPY #90100 bytes=2112512 total=82931453440
GGML_VK_HOST_COPY #90200 bytes=422912 total=82991485440
GGML_VK_HOST_COPY #90300 bytes=922112 total=83059696640
GGML_VK_HOST_COPY #90400 bytes=1267712 total=83127293440
GGML_VK_HOST_COPY #90500 bytes=422912 total=83191127040
GGML_VK_HOST_COPY #90600 bytes=922112 total=83255075840
GGML_VK_HOST_COPY #90700 bytes=461312 total=83324707840
GGML_VK_HOST_COPY #90800 bytes=1050112 total=83395530240
GGML_VK_HOST_COPY #90900 bytes=525312 total=83475350528
GGML_VK_HOST_COPY #91000 bytes=922112 total=83551804416
GGML_VK_HOST_COPY #91100 bytes=1075712 total=83617135104
GGML_VK_HOST_COPY #91200 bytes=358912 total=83668437504
GGML_VK_HOST_COPY #91300 bytes=922112 total=83721071104
GGML_VK_HOST_COPY #91400 bytes=461312 total=83785634304
GGML_VK_HOST_COPY #91500 bytes=845312 total=83859106304
GGML_VK_HOST_COPY #91600 bytes=422912 total=83928008704
GGML_VK_HOST_COPY #91700 bytes=461312 total=84002517504
GGML_VK_HOST_COPY #91800 bytes=1574912 total=84074747904
GGML_VK_HOST_COPY #91900 bytes=525312 total=84159816192
GGML_VK_HOST_COPY #92000 bytes=461312 total=84247252480
GGML_VK_HOST_COPY #92100 bytes=922112 total=84321031680
GGML_SCHED_UPLOAD_STATS layers=48 copies=5706 bytes=4321886720 branch_ms=67.64 id_ms=60.18 wait_ms=802.60
GGML_VK_HOST_COPY #92200 bytes=525312 total=84422798336
GGML_VK_HOST_COPY #92300 bytes=1574912 total=84517837824
GGML_VK_HOST_COPY #92400 bytes=461312 total=84615834112
GGML_VK_HOST_COPY #92500 bytes=461312 total=84706202112
GGML_VK_HOST_COPY #92600 bytes=422912 total=84785184768
GGML_VK_HOST_COPY #92700 bytes=422912 total=84866336768
GGML_VK_HOST_COPY #92800 bytes=922112 total=84946528768
GGML_VK_HOST_COPY #92900 bytes=2099712 total=85033927168
GGML_VK_HOST_COPY #93000 bytes=1050112 total=85134739968
GGML_VK_HOST_COPY #93100 bytes=1050112 total=85226105856
GGML_VK_HOST_COPY #93200 bytes=461312 total=85312607744
GGML_VK_HOST_COPY #93300 bytes=1050112 total=85404357632
GGML_VK_HOST_COPY #93400 bytes=525312 total=85478405632
GGML_VK_HOST_COPY #93500 bytes=525312 total=85557176832
GGML_VK_HOST_COPY #93600 bytes=1382912 total=85630866432
GGML_VK_HOST_COPY #93700 bytes=422912 total=85694661632
GGML_VK_HOST_COPY #93800 bytes=845312 total=85758495232
GGML_VK_HOST_COPY #93900 bytes=461312 total=85825247232
GGML_VK_HOST_COPY #94000 bytes=525312 total=85894725632
GGML_VK_HOST_COPY #94100 bytes=525312 total=85975596032
GGML_VK_HOST_COPY #94200 bytes=461312 total=86053573632
GGML_VK_HOST_COPY #94300 bytes=525312 total=86124434432
GGML_VK_HOST_COPY #94400 bytes=525312 total=86211077632
GGML_VK_HOST_COPY #94500 bytes=1050112 total=86291422720
GGML_VK_HOST_COPY #94600 bytes=461312 total=86365534208
GGML_VK_HOST_COPY #94700 bytes=525312 total=86447709696
GGML_VK_HOST_COPY #94800 bytes=525312 total=86540125696
GGML_VK_HOST_COPY #94900 bytes=525312 total=86626244096
GGML_VK_HOST_COPY #95000 bytes=461312 total=86714615296
GGML_VK_HOST_COPY #95100 bytes=358912 total=86789469696
GGML_VK_HOST_COPY #95200 bytes=2150912 total=86850806784
GGML_VK_HOST_COPY #95300 bytes=461312 total=86915523072
GGML_VK_HOST_COPY #95400 bytes=422912 total=86988034560
GGML_VK_HOST_COPY #95500 bytes=422912 total=87056936960
GGML_VK_HOST_COPY #95600 bytes=845312 total=87121192448
GGML_VK_HOST_COPY #95700 bytes=922112 total=87192129536
GGML_VK_HOST_COPY #95800 bytes=422912 total=87262183424
GGML_VK_HOST_COPY #95900 bytes=422912 total=87323482624
GGML_VK_HOST_COPY #96000 bytes=461312 total=87385050624
GGML_VK_HOST_COPY #96100 bytes=922112 total=87450535424
GGML_VK_HOST_COPY #96200 bytes=845312 total=87513793024
GGML_VK_HOST_COPY #96300 bytes=422912 total=87576359424
GGML_VK_HOST_COPY #96400 bytes=922112 total=87640538624
GGML_VK_HOST_COPY #96500 bytes=1050112 total=87712231424
GGML_VK_HOST_COPY #96600 bytes=1574912 total=87793101312
GGML_VK_HOST_COPY #96700 bytes=1050112 total=87872397312
GGML_VK_HOST_COPY #96800 bytes=461312 total=87941209600
GGML_VK_HOST_COPY #96900 bytes=358912 total=88000396288
GGML_VK_HOST_COPY #97000 bytes=717312 total=88054207488
GGML_VK_HOST_COPY #97100 bytes=922112 total=88110015488
GGML_VK_HOST_COPY #97200 bytes=1267712 total=88187941888
GGML_VK_HOST_COPY #97300 bytes=422912 total=88257689088
GGML_VK_HOST_COPY #97400 bytes=1267712 total=88332927488
GGML_VK_HOST_COPY #97500 bytes=461312 total=88414885888
GGML_VK_HOST_COPY #97600 bytes=525312 total=88496114688
GGML_VK_HOST_COPY #97700 bytes=525312 total=88599550976
GGML_VK_HOST_COPY #97800 bytes=922112 total=88700760064
GGML_VK_HOST_COPY #97900 bytes=922112 total=88786059264
GGML_SCHED_UPLOAD_STATS layers=48 copies=5802 bytes=4460995072 branch_ms=57.27 id_ms=49.34 wait_ms=826.32
GGML_VK_HOST_COPY #98000 bytes=525312 total=88891128320
GGML_VK_HOST_COPY #98100 bytes=1050112 total=88984593408
GGML_VK_HOST_COPY #98200 bytes=461312 total=89079479296
GGML_VK_HOST_COPY #98300 bytes=461312 total=89173072896
GGML_VK_HOST_COPY #98400 bytes=422912 total=89250749952
GGML_VK_HOST_COPY #98500 bytes=845312 total=89325988352
GGML_VK_HOST_COPY #98600 bytes=461312 total=89404337152
GGML_VK_HOST_COPY #98700 bytes=1050112 total=89488100352
GGML_VK_HOST_COPY #98800 bytes=3149312 total=89584189952
GGML_VK_HOST_COPY #98900 bytes=525312 total=89678179840
GGML_VK_HOST_COPY #99000 bytes=4147712 total=89768137728
GGML_VK_HOST_COPY #99100 bytes=1050112 total=89858978816
GGML_VK_HOST_COPY #99200 bytes=525312 total=89938274816
GGML_VK_HOST_COPY #99300 bytes=525312 total=90021244416
GGML_VK_HOST_COPY #99400 bytes=1843712 total=90096226816
GGML_VK_HOST_COPY #99500 bytes=422912 total=90164745216
GGML_VK_HOST_COPY #99600 bytes=422912 total=90233647616
GGML_VK_HOST_COPY #99700 bytes=461312 total=90303126016
GGML_VK_HOST_COPY #99800 bytes=525312 total=90373922816
GGML_VK_HOST_COPY #99900 bytes=525312 total=90457942016
GGML_VK_HOST_COPY #100000 bytes=1050112 total=90537762816
GGML_VK_HOST_COPY #100100 bytes=461312 total=90603772416
GGML_VK_HOST_COPY #100200 bytes=1574912 total=90690082816
GGML_VK_HOST_COPY #100300 bytes=1574912 total=90771477504
GGML_VK_HOST_COPY #100400 bytes=461312 total=90854958592
GGML_VK_HOST_COPY #100500 bytes=461312 total=90933806592
GGML_VK_HOST_COPY #100600 bytes=525312 total=91025966080
GGML_VK_HOST_COPY #100700 bytes=1050112 total=91123630080
GGML_VK_HOST_COPY #100800 bytes=2304512 total=91216250880
GGML_VK_HOST_COPY #100900 bytes=358912 total=91302881280
GGML_VK_HOST_COPY #101000 bytes=1792512 total=91362784768
GGML_VK_HOST_COPY #101100 bytes=717312 total=91424480768
GGML_VK_HOST_COPY #101200 bytes=461312 total=91501485056
GGML_VK_HOST_COPY #101300 bytes=422912 total=91570809344
GGML_VK_HOST_COPY #101400 bytes=845312 total=91641823232
GGML_VK_HOST_COPY #101500 bytes=461312 total=91714680320
GGML_VK_HOST_COPY #101600 bytes=461312 total=91790302720
GGML_VK_HOST_COPY #101700 bytes=1690112 total=91853329408
GGML_VK_HOST_COPY #101800 bytes=422912 total=91914628608
GGML_VK_HOST_COPY #101900 bytes=922112 total=91977694208
GGML_VK_HOST_COPY #102000 bytes=422912 total=92044100608
GGML_VK_HOST_COPY #102100 bytes=422912 total=92112158208
GGML_VK_HOST_COPY #102200 bytes=422912 total=92178948608
GGML_VK_HOST_COPY #102300 bytes=461312 total=92248004608
GGML_VK_HOST_COPY #102400 bytes=525312 total=92318404608
GGML_VK_HOST_COPY #102500 bytes=525312 total=92399799808
GGML_VK_HOST_COPY #102600 bytes=1050112 total=92489591296
GGML_VK_HOST_COPY #102700 bytes=461312 total=92571280384
GGML_VK_HOST_COPY #102800 bytes=717312 total=92643932672
GGML_VK_HOST_COPY #102900 bytes=358912 total=92701327872
GGML_VK_HOST_COPY #103000 bytes=461312 total=92762819072
GGML_VK_HOST_COPY #103100 bytes=461312 total=92838441472
GGML_VK_HOST_COPY #103200 bytes=422912 total=92920323072
GGML_VK_HOST_COPY #103300 bytes=422912 total=93005276672
GGML_VK_HOST_COPY #103400 bytes=922112 total=93097334272
GGML_VK_HOST_COPY #103500 bytes=2624512 total=93183068672
GGML_VK_HOST_COPY #103600 bytes=525312 total=93290178560
GGML_VK_HOST_COPY #103700 bytes=2624512 total=93389941760
GGML_VK_HOST_COPY #103800 bytes=922112 total=93481666048
GGML_SCHED_UPLOAD_STATS layers=48 copies=5925 bytes=4715086848 branch_ms=55.35 id_ms=48.03 wait_ms=858.27
1.27.649.981 I slot print_timing: id  0 | task 8 | prompt processing, n_tokens =   2048, progress = 0.12, t =   6.01 s / 340.63 tokens per second
GGML_VK_HOST_COPY #103900 bytes=525312 total=93584674304
GGML_VK_HOST_COPY #104000 bytes=1050112 total=93684961792
GGML_VK_HOST_COPY #104100 bytes=525312 total=93786299392
GGML_VK_HOST_COPY #104200 bytes=461312 total=93872110080
GGML_VK_HOST_COPY #104300 bytes=422912 total=93952167936
GGML_VK_HOST_COPY #104400 bytes=422912 total=94027828736
GGML_VK_HOST_COPY #104500 bytes=461312 total=94104295936
GGML_VK_HOST_COPY #104600 bytes=1382912 total=94183604736
GGML_VK_HOST_COPY #104700 bytes=1574912 total=94273140736
GGML_VK_HOST_COPY #104800 bytes=1050112 total=94369229824
GGML_VK_HOST_COPY #104900 bytes=461312 total=94463949312
GGML_VK_HOST_COPY #105000 bytes=525312 total=94552652800
GGML_VK_HOST_COPY #105100 bytes=525312 total=94634572800
GGML_VK_HOST_COPY #105200 bytes=525312 total=94714918400
GGML_VK_HOST_COPY #105300 bytes=461312 total=94791859200
GGML_VK_HOST_COPY #105400 bytes=422912 total=94864524800
GGML_VK_HOST_COPY #105500 bytes=422912 total=94931737600
GGML_VK_HOST_COPY #105600 bytes=922112 total=94997068800
GGML_VK_HOST_COPY #105700 bytes=461312 total=95069004800
GGML_VK_HOST_COPY #105800 bytes=525312 total=95143513600
GGML_VK_HOST_COPY #105900 bytes=4198912 total=95220185600
GGML_VK_HOST_COPY #106000 bytes=461312 total=95291008000
GGML_VK_HOST_COPY #106100 bytes=525312 total=95365286400
GGML_VK_HOST_COPY #106200 bytes=525312 total=95454028800
GGML_VK_HOST_COPY #106300 bytes=525312 total=95541196800
GGML_VK_HOST_COPY #106400 bytes=461312 total=95616563200
GGML_VK_HOST_COPY #106500 bytes=2624512 total=95697958400
GGML_VK_HOST_COPY #106600 bytes=525312 total=95801395200
GGML_VK_HOST_COPY #106700 bytes=1843712 total=95900851200
GGML_VK_HOST_COPY #106800 bytes=922112 total=95986150400
GGML_VK_HOST_COPY #106900 bytes=717312 total=96052454400
GGML_VK_HOST_COPY #107000 bytes=717312 total=96114508288
GGML_VK_HOST_COPY #107100 bytes=1843712 total=96182296576
GGML_VK_HOST_COPY #107200 bytes=422912 total=96257380864
GGML_VK_HOST_COPY #107300 bytes=422912 total=96326283264
GGML_VK_HOST_COPY #107400 bytes=1267712 total=96394340352
GGML_VK_HOST_COPY #107500 bytes=461312 total=96468272640
GGML_VK_HOST_COPY #107600 bytes=1267712 total=96550307328
GGML_VK_HOST_COPY #107700 bytes=422912 total=96622166528
GGML_VK_HOST_COPY #107800 bytes=422912 total=96697827328
GGML_VK_HOST_COPY #107900 bytes=1382912 total=96780438528
GGML_VK_HOST_COPY #108000 bytes=1267712 total=96855945728
GGML_VK_HOST_COPY #108100 bytes=845312 total=96926960128
GGML_VK_HOST_COPY #108200 bytes=461312 total=96996323328
GGML_VK_HOST_COPY #108300 bytes=922112 total=97079779328
GGML_VK_HOST_COPY #108400 bytes=1050112 total=97157462528
GGML_VK_HOST_COPY #108500 bytes=525312 total=97247254016
GGML_VK_HOST_COPY #108600 bytes=461312 total=97335752704
GGML_VK_HOST_COPY #108700 bytes=358912 total=97415265792
GGML_VK_HOST_COPY #108800 bytes=358912 total=97475528192
GGML_VK_HOST_COPY #108900 bytes=717312 total=97533640192
GGML_VK_HOST_COPY #109000 bytes=922112 total=97603835392
GGML_VK_HOST_COPY #109100 bytes=1690112 total=97692206592
GGML_VK_HOST_COPY #109200 bytes=422912 total=97777582592
GGML_VK_HOST_COPY #109300 bytes=1267712 total=97859156992
GGML_VK_HOST_COPY #109400 bytes=461312 total=97952174592
GGML_VK_HOST_COPY #109500 bytes=2099712 total=98048699392
GGML_VK_HOST_COPY #109600 bytes=525312 total=98151086080
GGML_VK_HOST_COPY #109700 bytes=461312 total=98253127168
GGML_SCHED_UPLOAD_STATS layers=48 copies=5952 bytes=4811230208 branch_ms=57.10 id_ms=49.26 wait_ms=881.04
GGML_VK_HOST_COPY #109800 bytes=5242880 total=98357031424
GGML_VK_HOST_COPY #109900 bytes=525312 total=98454170624
GGML_VK_HOST_COPY #110000 bytes=1050112 total=98549210112
GGML_VK_HOST_COPY #110100 bytes=922112 total=98638963200
GGML_VK_HOST_COPY #110200 bytes=5242880 total=98729504256
GGML_VK_HOST_COPY #110300 bytes=422912 total=98801785856
GGML_VK_HOST_COPY #110400 bytes=845312 total=98881248256
GGML_VK_HOST_COPY #110500 bytes=461312 total=98957830656
GGML_VK_HOST_COPY #110600 bytes=1574912 total=99043923456
GGML_VK_HOST_COPY #110700 bytes=1050112 total=99144735744
GGML_VK_HOST_COPY #110800 bytes=1050112 total=99237151744
GGML_VK_HOST_COPY #110900 bytes=1382912 total=99324012032
GGML_VK_HOST_COPY #111000 bytes=1050112 total=99412894720
GGML_VK_HOST_COPY #111100 bytes=1050112 total=99494814720
GGML_VK_HOST_COPY #111200 bytes=461312 total=99576939520
GGML_VK_HOST_COPY #111300 bytes=461312 total=99650257920
GGML_VK_HOST_COPY #111400 bytes=845312 total=99716741120
GGML_VK_HOST_COPY #111500 bytes=422912 total=99784376320
GGML_VK_HOST_COPY #111600 bytes=1382912 total=99854469120
GGML_VK_HOST_COPY #111700 bytes=525312 total=99923307520
GGML_VK_HOST_COPY #111800 bytes=525312 total=100003653120
GGML_VK_HOST_COPY #111900 bytes=1050112 total=100080325120
GGML_VK_HOST_COPY #112000 bytes=461312 total=100150456320
GGML_VK_HOST_COPY #112100 bytes=525312 total=100235525120
GGML_VK_HOST_COPY #112200 bytes=1574912 total=100317445120
GGML_VK_HOST_COPY #112300 bytes=461312 total=100404331520
GGML_VK_HOST_COPY #112400 bytes=1382912 total=100485022720
GGML_VK_HOST_COPY #112500 bytes=2624512 total=100581713920
GGML_VK_HOST_COPY #112600 bytes=525312 total=100684101120
GGML_VK_HOST_COPY #112700 bytes=461312 total=100781829120
GGML_VK_HOST_COPY #112800 bytes=358912 total=100873835520
GGML_VK_HOST_COPY #112900 bytes=358400 total=100934814208
GGML_VK_HOST_COPY #113000 bytes=358912 total=100994359808
GGML_VK_HOST_COPY #113100 bytes=461312 total=101070288896
GGML_VK_HOST_COPY #113200 bytes=1267712 total=101145680384
GGML_VK_HOST_COPY #113300 bytes=1690112 total=101224297472
GGML_VK_HOST_COPY #113400 bytes=422912 total=101295734272
GGML_VK_HOST_COPY #113500 bytes=461312 total=101374005760
GGML_VK_HOST_COPY #113600 bytes=1267712 total=101459688448
GGML_VK_HOST_COPY #113700 bytes=845312 total=101537461248
GGML_VK_HOST_COPY #113800 bytes=922112 total=101610702848
GGML_VK_HOST_COPY #113900 bytes=461312 total=101693237248
GGML_VK_HOST_COPY #114000 bytes=845312 total=101774389248
GGML_VK_HOST_COPY #114100 bytes=422912 total=101847093248
GGML_VK_HOST_COPY #114200 bytes=461312 total=101920258048
GGML_VK_HOST_COPY #114300 bytes=461312 total=102005096448
GGML_VK_HOST_COPY #114400 bytes=525312 total=102096053248
GGML_VK_HOST_COPY #114500 bytes=525312 total=102192142336
GGML_VK_HOST_COPY #114600 bytes=922112 total=102291405824
GGML_VK_HOST_COPY #114700 bytes=358912 total=102379469312
GGML_VK_HOST_COPY #114800 bytes=717312 total=102448333312
GGML_VK_HOST_COPY #114900 bytes=1075712 total=102514330112
GGML_VK_HOST_COPY #115000 bytes=922112 total=102594611712
GGML_VK_HOST_COPY #115100 bytes=1267712 total=102687514112
GGML_VK_HOST_COPY #115200 bytes=845312 total=102784717312
GGML_VK_HOST_COPY #115300 bytes=461312 total=102881075712
GGML_VK_HOST_COPY #115400 bytes=922112 total=102977434112
GGML_VK_HOST_COPY #115500 bytes=2624512 total=103081306112
GGML_VK_HOST_COPY #115600 bytes=1050112 total=103182118912
GGML_VK_HOST_COPY #115700 bytes=922112 total=103291546112
GGML_SCHED_UPLOAD_STATS layers=48 copies=5991 bytes=5026086912 branch_ms=57.52 id_ms=49.43 wait_ms=908.17
GGML_VK_HOST_COPY #115800 bytes=1050112 total=103399905280
GGML_VK_HOST_COPY #115900 bytes=1050112 total=103500193280
GGML_VK_HOST_COPY #116000 bytes=525312 total=103592083968
GGML_VK_HOST_COPY #116100 bytes=461312 total=103680864256
GGML_VK_HOST_COPY #116200 bytes=422912 total=103772480512
GGML_VK_HOST_COPY #116300 bytes=422912 total=103844762112
GGML_VK_HOST_COPY #116400 bytes=2957312 total=103926336512
GGML_VK_HOST_COPY #116500 bytes=461312 total=104002880512
GGML_VK_HOST_COPY #116600 bytes=525312 total=104087974912
GGML_VK_HOST_COPY #116700 bytes=525312 total=104186163200
GGML_VK_HOST_COPY #116800 bytes=1574912 total=104278579200
GGML_VK_HOST_COPY #116900 bytes=461312 total=104363276288
GGML_VK_HOST_COPY #117000 bytes=525312 total=104452350976
GGML_VK_HOST_COPY #117100 bytes=525312 total=104534270976
GGML_VK_HOST_COPY #117200 bytes=461312 total=104616920576
GGML_VK_HOST_COPY #117300 bytes=461312 total=104691621376
GGML_VK_HOST_COPY #117400 bytes=1690112 total=104761867776
GGML_VK_HOST_COPY #117500 bytes=422912 total=104828658176
GGML_VK_HOST_COPY #117600 bytes=461312 total=104902437376
GGML_VK_HOST_COPY #117700 bytes=1050112 total=104973106176
GGML_VK_HOST_COPY #117800 bytes=1574912 total=105056600576
GGML_VK_HOST_COPY #117900 bytes=525312 total=105135371776
GGML_VK_HOST_COPY #118000 bytes=1382912 total=105203160576
GGML_VK_HOST_COPY #118100 bytes=525312 total=105293131776
GGML_VK_HOST_COPY #118200 bytes=525312 total=105382398976
GGML_VK_HOST_COPY #118300 bytes=461312 total=105466686976
GGML_VK_HOST_COPY #118400 bytes=525312 total=105550130176
GGML_VK_HOST_COPY #118500 bytes=2624512 total=105655141376
GGML_VK_HOST_COPY #118600 bytes=1050112 total=105753854976
GGML_VK_HOST_COPY #118700 bytes=461312 total=105851429376
GGML_VK_HOST_COPY #118800 bytes=358912 total=105938418176
GGML_VK_HOST_COPY #118900 bytes=358912 total=105996888064
GGML_VK_HOST_COPY #119000 bytes=358912 total=106054641664
GGML_VK_HOST_COPY #119100 bytes=922112 total=106131185152
GGML_VK_HOST_COPY #119200 bytes=422912 total=106202160640
GGML_VK_HOST_COPY #119300 bytes=845312 total=106282044928
GGML_VK_HOST_COPY #119400 bytes=1267712 total=106356438528
GGML_VK_HOST_COPY #119500 bytes=922112 total=106433673216
GGML_VK_HOST_COPY #119600 bytes=845312 total=106520546304
GGML_VK_HOST_COPY #119700 bytes=422912 total=106597051904
GGML_VK_HOST_COPY #119800 bytes=922112 total=106679893504
GGML_VK_HOST_COPY #119900 bytes=422912 total=106761544704
GGML_VK_HOST_COPY #120000 bytes=1267712 total=106848610304
GGML_VK_HOST_COPY #120100 bytes=845312 total=106932296704
GGML_VK_HOST_COPY #120200 bytes=922112 total=107013103104
GGML_VK_HOST_COPY #120300 bytes=1050112 total=107103983104
GGML_VK_HOST_COPY #120400 bytes=1574912 total=107205845504
GGML_VK_HOST_COPY #120500 bytes=1050112 total=107301934592
GGML_VK_HOST_COPY #120600 bytes=922112 total=107395079680
GGML_VK_HOST_COPY #120700 bytes=717312 total=107478586368
GGML_VK_HOST_COPY #120800 bytes=717312 total=107543149568
GGML_VK_HOST_COPY #120900 bytes=717312 total=107612371968
GGML_VK_HOST_COPY #121000 bytes=461312 total=107697107968
GGML_VK_HOST_COPY #121100 bytes=422912 total=107788090368
GGML_VK_HOST_COPY #121200 bytes=1690112 total=107886983168
GGML_VK_HOST_COPY #121300 bytes=461312 total=107987872768
GGML_VK_HOST_COPY #121400 bytes=525312 total=108085984768
GGML_VK_HOST_COPY #121500 bytes=3674112 total=108199917568
GGML_VK_HOST_COPY #121600 bytes=2624512 total=108304928256
GGML_VK_HOST_COPY #121700 bytes=1382912 total=108405279744
GGML_SCHED_UPLOAD_STATS layers=48 copies=5964 bytes=5068669952 branch_ms=57.35 id_ms=49.39 wait_ms=924.16
GGML_VK_HOST_COPY #121800 bytes=1050112 total=108508992000
GGML_VK_HOST_COPY #121900 bytes=1050112 total=108607705088
GGML_VK_HOST_COPY #122000 bytes=1050112 total=108707993088
GGML_VK_HOST_COPY #122100 bytes=461312 total=108791371776
GGML_VK_HOST_COPY #122200 bytes=845312 total=108875308032
GGML_VK_HOST_COPY #122300 bytes=422912 total=108951391232
GGML_VK_HOST_COPY #122400 bytes=845312 total=109024940032
GGML_VK_HOST_COPY #122500 bytes=461312 total=109109778432
GGML_VK_HOST_COPY #122600 bytes=525312 total=109192082432
GGML_VK_HOST_COPY #122700 bytes=525312 total=109291845120
GGML_VK_HOST_COPY #122800 bytes=922112 total=109389150208
GGML_VK_HOST_COPY #122900 bytes=922112 total=109475371008
GGML_VK_HOST_COPY #123000 bytes=1574912 total=109561117696
GGML_VK_HOST_COPY #123100 bytes=1050112 total=109642512896
GGML_VK_HOST_COPY #123200 bytes=461312 total=109720132096
GGML_VK_HOST_COPY #123300 bytes=845312 total=109793220096
GGML_VK_HOST_COPY #123400 bytes=845312 total=109861277696
GGML_VK_HOST_COPY #123500 bytes=422912 total=109931447296
GGML_VK_HOST_COPY #123600 bytes=461312 total=110007261696
GGML_VK_HOST_COPY #123700 bytes=2099712 total=110080080896
GGML_VK_HOST_COPY #123800 bytes=525312 total=110159376896
GGML_VK_HOST_COPY #123900 bytes=461312 total=110238864896
GGML_VK_HOST_COPY #124000 bytes=525312 total=110313207296
GGML_VK_HOST_COPY #124100 bytes=1050112 total=110402474496
GGML_VK_HOST_COPY #124200 bytes=525312 total=110493316096
GGML_VK_HOST_COPY #124300 bytes=461312 total=110576810496
GGML_VK_HOST_COPY #124400 bytes=1574912 total=110661252096
GGML_VK_HOST_COPY #124500 bytes=525312 total=110773610496
GGML_VK_HOST_COPY #124600 bytes=525312 total=110880196096
GGML_VK_HOST_COPY #124700 bytes=2304512 total=110976016896
GGML_VK_HOST_COPY #124800 bytes=717312 total=111056400896
GGML_VK_HOST_COPY #124900 bytes=358912 total=111118096384
GGML_VK_HOST_COPY #125000 bytes=922112 total=111179945472
GGML_VK_HOST_COPY #125100 bytes=1382912 total=111258793472
GGML_VK_HOST_COPY #125200 bytes=845312 total=111329077760
GGML_VK_HOST_COPY #125300 bytes=422912 total=111407272448
GGML_VK_HOST_COPY #125400 bytes=1382912 total=111488270336
GGML_VK_HOST_COPY #125500 bytes=461312 total=111569422336
GGML_VK_HOST_COPY #125600 bytes=422912 total=111650074624
GGML_VK_HOST_COPY #125700 bytes=422912 total=111727847424
GGML_VK_HOST_COPY #125800 bytes=461312 total=111810420224
GGML_VK_HOST_COPY #125900 bytes=422912 total=111896449024
GGML_VK_HOST_COPY #126000 bytes=422912 total=111976756224
GGML_VK_HOST_COPY #126100 bytes=422912 total=112062977024
GGML_VK_HOST_COPY #126200 bytes=461312 total=112154458624
GGML_VK_HOST_COPY #126300 bytes=525312 total=112236084224
GGML_VK_HOST_COPY #126400 bytes=1050112 total=112347392512
GGML_VK_HOST_COPY #126500 bytes=4723712 total=112450829312
GGML_VK_HOST_COPY #126600 bytes=922112 total=112541478400
GGML_VK_HOST_COPY #126700 bytes=358912 total=112621349888
GGML_VK_HOST_COPY #126800 bytes=717312 total=112689497088
GGML_VK_HOST_COPY #126900 bytes=922112 total=112757593088
GGML_VK_HOST_COPY #127000 bytes=1843712 total=112846578688
GGML_VK_HOST_COPY #127100 bytes=845312 total=112937215488
GGML_VK_HOST_COPY #127200 bytes=422912 total=113036530688
GGML_VK_HOST_COPY #127300 bytes=461312 total=113135653888
GGML_VK_HOST_COPY #127400 bytes=525312 total=113231116288
GGML_VK_HOST_COPY #127500 bytes=525312 total=113359743488
GGML_VK_HOST_COPY #127600 bytes=2099712 total=113474725376
GGML_VK_HOST_COPY #127700 bytes=922112 total=113586264064
GGML_SCHED_UPLOAD_STATS layers=48 copies=5973 bytes=5146524160 branch_ms=57.34 id_ms=49.39 wait_ms=939.78
1.34.827.398 I slot print_timing: id  0 | task 8 | prompt processing, n_tokens =   4096, progress = 0.25, t =  13.19 s / 310.54 tokens per second
GGML_VK_HOST_COPY #127800 bytes=525312 total=113694353920
GGML_VK_HOST_COPY #127900 bytes=1050112 total=113788343808
GGML_VK_HOST_COPY #128000 bytes=1843712 total=113887261696
GGML_VK_HOST_COPY #128100 bytes=922112 total=113973943296
GGML_VK_HOST_COPY #128200 bytes=422912 total=114053809152
GGML_VK_HOST_COPY #128300 bytes=1690112 total=114129047552
GGML_VK_HOST_COPY #128400 bytes=1382912 total=114207127552
GGML_VK_HOST_COPY #128500 bytes=461312 total=114287357952
GGML_VK_HOST_COPY #128600 bytes=525312 total=114381514752
GGML_VK_HOST_COPY #128700 bytes=1050112 total=114473405440
GGML_VK_HOST_COPY #128800 bytes=1382912 total=114565808128
GGML_VK_HOST_COPY #128900 bytes=1050112 total=114655510016
GGML_VK_HOST_COPY #129000 bytes=525312 total=114741103616
GGML_VK_HOST_COPY #129100 bytes=525312 total=114826697216
GGML_VK_HOST_COPY #129200 bytes=1382912 total=114903753216
GGML_VK_HOST_COPY #129300 bytes=422912 total=114978569216
GGML_VK_HOST_COPY #129400 bytes=422912 total=115051273216
GGML_VK_HOST_COPY #129500 bytes=922112 total=115124630016
GGML_VK_HOST_COPY #129600 bytes=525312 total=115197807616
GGML_VK_HOST_COPY #129700 bytes=1574912 total=115277103616
GGML_VK_HOST_COPY #129800 bytes=1574912 total=115350626816
GGML_VK_HOST_COPY #129900 bytes=461312 total=115424073216
GGML_VK_HOST_COPY #130000 bytes=525312 total=115503676416
GGML_VK_HOST_COPY #130100 bytes=525312 total=115593993216
GGML_VK_HOST_COPY #130200 bytes=1050112 total=115684834816
GGML_VK_HOST_COPY #130300 bytes=922112 total=115768598016
GGML_VK_HOST_COPY #130400 bytes=1050112 total=115849033216
GGML_VK_HOST_COPY #130500 bytes=2099712 total=115965065216
GGML_VK_HOST_COPY #130600 bytes=461312 total=116076514816
GGML_VK_HOST_COPY #130700 bytes=461312 total=116173334016
GGML_VK_HOST_COPY #130800 bytes=358912 total=116239740416
GGML_VK_HOST_COPY #130900 bytes=717312 total=116301077504
GGML_VK_HOST_COPY #131000 bytes=1843712 total=116365588992
GGML_VK_HOST_COPY #131100 bytes=422912 total=116444090880
GGML_VK_HOST_COPY #131200 bytes=845312 total=116512993280
GGML_VK_HOST_COPY #131300 bytes=845312 total=116587808768
GGML_VK_HOST_COPY #131400 bytes=461312 total=116670995456
GGML_VK_HOST_COPY #131500 bytes=845312 total=116753337344
GGML_VK_HOST_COPY #131600 bytes=422912 total=116829842944
GGML_VK_HOST_COPY #131700 bytes=845312 total=116905926144
GGML_VK_HOST_COPY #131800 bytes=1382912 total=116987999744
GGML_VK_HOST_COPY #131900 bytes=422912 total=117069074944
GGML_VK_HOST_COPY #132000 bytes=845312 total=117149382144
GGML_VK_HOST_COPY #132100 bytes=2112512 total=117235180544
GGML_VK_HOST_COPY #132200 bytes=461312 total=117319750144
GGML_VK_HOST_COPY #132300 bytes=1050112 total=117407225344
GGML_VK_HOST_COPY #132400 bytes=1574912 total=117521157632
GGML_VK_HOST_COPY #132500 bytes=1574912 total=117626693632
GGML_VK_HOST_COPY #132600 bytes=461312 total=117721208320
GGML_VK_HOST_COPY #132700 bytes=358912 total=117806558208
GGML_VK_HOST_COPY #132800 bytes=358912 total=117873988608
GGML_VK_HOST_COPY #132900 bytes=461312 total=117943262208
GGML_VK_HOST_COPY #133000 bytes=1382912 total=118034091008
GGML_VK_HOST_COPY #133100 bytes=1267712 total=118128299008
GGML_VK_HOST_COPY #133200 bytes=422912 total=118233950208
GGML_VK_HOST_COPY #133300 bytes=922112 total=118335223808
GGML_VK_HOST_COPY #133400 bytes=1050112 total=118435153408
GGML_VK_HOST_COPY #133500 bytes=1050112 total=118558007808
GGML_VK_HOST_COPY #133600 bytes=525312 total=118663543808
GGML_VK_HOST_COPY #133700 bytes=922112 total=118770014208
GGML_SCHED_UPLOAD_STATS layers=48 copies=6024 bytes=5200004608 branch_ms=57.18 id_ms=49.17 wait_ms=944.38
GGML_VK_HOST_COPY #133800 bytes=1050112 total=118875966976
GGML_VK_HOST_COPY #133900 bytes=1050112 total=118975204864
GGML_VK_HOST_COPY #134000 bytes=525312 total=119076017664
GGML_VK_HOST_COPY #134100 bytes=461312 total=119161380352
GGML_VK_HOST_COPY #134200 bytes=1690112 total=119243588608
GGML_VK_HOST_COPY #134300 bytes=1267712 total=119320516608
GGML_VK_HOST_COPY #134400 bytes=422912 total=119393643008
GGML_VK_HOST_COPY #134500 bytes=461312 total=119475332608
GGML_VK_HOST_COPY #134600 bytes=525312 total=119560247808
GGML_VK_HOST_COPY #134700 bytes=525312 total=119655812096
GGML_VK_HOST_COPY #134800 bytes=461312 total=119751222784
GGML_VK_HOST_COPY #134900 bytes=1843712 total=119837904384
GGML_VK_HOST_COPY #135000 bytes=525312 total=119922588672
GGML_VK_HOST_COPY #135100 bytes=525312 total=120005558272
GGML_VK_HOST_COPY #135200 bytes=922112 total=120087529472
GGML_VK_HOST_COPY #135300 bytes=422912 total=120163535872
GGML_VK_HOST_COPY #135400 bytes=1690112 total=120232015872
GGML_VK_HOST_COPY #135500 bytes=422912 total=120302185472
GGML_VK_HOST_COPY #135600 bytes=461312 total=120379190272
GGML_VK_HOST_COPY #135700 bytes=525312 total=120450563072
GGML_VK_HOST_COPY #135800 bytes=525312 total=120533532672
GGML_VK_HOST_COPY #135900 bytes=461312 total=120616092672
GGML_VK_HOST_COPY #136000 bytes=461312 total=120688489472
GGML_VK_HOST_COPY #136100 bytes=1050112 total=120781827072
GGML_VK_HOST_COPY #136200 bytes=525312 total=120879491072
GGML_VK_HOST_COPY #136300 bytes=461312 total=120962179072
GGML_VK_HOST_COPY #136400 bytes=525312 total=121048617472
GGML_VK_HOST_COPY #136500 bytes=525312 total=121159401472
GGML_VK_HOST_COPY #136600 bytes=2624512 total=121262838272
GGML_VK_HOST_COPY #136700 bytes=2765312 total=121359593472
GGML_VK_HOST_COPY #136800 bytes=358912 total=121445353472
GGML_VK_HOST_COPY #136900 bytes=717312 total=121506332160
GGML_VK_HOST_COPY #137000 bytes=358912 total=121567669760
GGML_VK_HOST_COPY #137100 bytes=922112 total=121643189248
GGML_VK_HOST_COPY #137200 bytes=422912 total=121721998336
GGML_VK_HOST_COPY #137300 bytes=422912 total=121806106624
GGML_VK_HOST_COPY #137400 bytes=461312 total=121887949312
GGML_VK_HOST_COPY #137500 bytes=461312 total=121976013312
GGML_VK_HOST_COPY #137600 bytes=422912 total=122059046400
GGML_VK_HOST_COPY #137700 bytes=422912 total=122142310400
GGML_VK_HOST_COPY #137800 bytes=1382912 total=122228377600
GGML_VK_HOST_COPY #137900 bytes=422912 total=122306995200
GGML_VK_HOST_COPY #138000 bytes=422912 total=122397017600
GGML_VK_HOST_COPY #138100 bytes=845312 total=122484083200
GGML_VK_HOST_COPY #138200 bytes=461312 total=122572492800
GGML_VK_HOST_COPY #138300 bytes=1050112 total=122667238400
GGML_VK_HOST_COPY #138400 bytes=525312 total=122787993088
GGML_VK_HOST_COPY #138500 bytes=525312 total=122904025088
GGML_VK_HOST_COPY #138600 bytes=461312 total=123000139776
GGML_VK_HOST_COPY #138700 bytes=717312 total=123086667264
GGML_VK_HOST_COPY #138800 bytes=358912 total=123159473664
GGML_VK_HOST_COPY #138900 bytes=922112 total=123232433664
GGML_VK_HOST_COPY #139000 bytes=461312 total=123326027264
GGML_VK_HOST_COPY #139100 bytes=2112512 total=123425841664
GGML_VK_HOST_COPY #139200 bytes=422912 total=123528958464
GGML_VK_HOST_COPY #139300 bytes=461312 total=123634302464
GGML_VK_HOST_COPY #139400 bytes=3674112 total=123740440064
GGML_VK_HOST_COPY #139500 bytes=1574912 total=123863819264
GGML_VK_HOST_COPY #139600 bytes=525312 total=123976177664
GGML_VK_HOST_COPY #139700 bytes=922112 total=124081892864
GGML_SCHED_UPLOAD_STATS layers=48 copies=5994 bytes=5296782848 branch_ms=56.94 id_ms=49.10 wait_ms=960.64
GGML_VK_HOST_COPY #139800 bytes=1050112 total=124187960832
GGML_VK_HOST_COPY #139900 bytes=525312 total=124284574720
GGML_VK_HOST_COPY #140000 bytes=2624512 total=124389585920
GGML_VK_HOST_COPY #140100 bytes=461312 total=124471415808
GGML_VK_HOST_COPY #140200 bytes=422912 total=124552548864
GGML_VK_HOST_COPY #140300 bytes=422912 total=124630744064
GGML_VK_HOST_COPY #140400 bytes=1267712 total=124705137664
GGML_VK_HOST_COPY #140500 bytes=461312 total=124785368064
GGML_VK_HOST_COPY #140600 bytes=525312 total=124870142464
GGML_VK_HOST_COPY #140700 bytes=1050112 total=124964132352
GGML_VK_HOST_COPY #140800 bytes=461312 total=125059159040
GGML_VK_HOST_COPY #140900 bytes=460800 total=125144918528
GGML_VK_HOST_COPY #141000 bytes=1050112 total=125231036928
GGML_VK_HOST_COPY #141100 bytes=2099712 total=125314531328
GGML_VK_HOST_COPY #141200 bytes=1843712 total=125394595328
GGML_VK_HOST_COPY #141300 bytes=1690112 total=125469603328
GGML_VK_HOST_COPY #141400 bytes=1267712 total=125538083328
GGML_VK_HOST_COPY #141500 bytes=422912 total=125607830528
GGML_VK_HOST_COPY #141600 bytes=461312 total=125684259328
GGML_VK_HOST_COPY #141700 bytes=525312 total=125756681728
GGML_VK_HOST_COPY #141800 bytes=1050112 total=125837552128
GGML_VK_HOST_COPY #141900 bytes=922112 total=125918268928
GGML_VK_HOST_COPY #142000 bytes=922112 total=125987440128
GGML_VK_HOST_COPY #142100 bytes=525312 total=126082236928
GGML_VK_HOST_COPY #142200 bytes=525312 total=126177276928
GGML_VK_HOST_COPY #142300 bytes=1843712 total=126260284928
GGML_VK_HOST_COPY #142400 bytes=525312 total=126345020928
GGML_VK_HOST_COPY #142500 bytes=525312 total=126456854528
GGML_VK_HOST_COPY #142600 bytes=1050112 total=126560291328
GGML_VK_HOST_COPY #142700 bytes=3226112 total=126659158528
GGML_VK_HOST_COPY #142800 bytes=358912 total=126743792128
GGML_VK_HOST_COPY #142900 bytes=717312 total=126807638016
GGML_VK_HOST_COPY #143000 bytes=461312 total=126871842304
GGML_VK_HOST_COPY #143100 bytes=922112 total=126952533504
GGML_VK_HOST_COPY #143200 bytes=845312 total=127027118592
GGML_VK_HOST_COPY #143300 bytes=422912 total=127106158080
GGML_VK_HOST_COPY #143400 bytes=461312 total=127188077568
GGML_VK_HOST_COPY #143500 bytes=922112 total=127273837568
GGML_VK_HOST_COPY #143600 bytes=422912 total=127350841856
GGML_VK_HOST_COPY #143700 bytes=422912 total=127433683456
GGML_VK_HOST_COPY #143800 bytes=1382912 total=127519059456
GGML_VK_HOST_COPY #143900 bytes=845312 total=127599520256
GGML_VK_HOST_COPY #144000 bytes=845312 total=127690809856
GGML_VK_HOST_COPY #144100 bytes=845312 total=127779987456
GGML_VK_HOST_COPY #144200 bytes=1843712 total=127878841856
GGML_VK_HOST_COPY #144300 bytes=1574912 total=127972013056
GGML_VK_HOST_COPY #144400 bytes=525312 total=128088569344
GGML_VK_HOST_COPY #144500 bytes=461312 total=128207032832
GGML_VK_HOST_COPY #144600 bytes=461312 total=128306616832
GGML_VK_HOST_COPY #144700 bytes=3226112 total=128383877120
GGML_VK_HOST_COPY #144800 bytes=1434112 total=128456683520
GGML_VK_HOST_COPY #144900 bytes=1382912 total=128532613120
GGML_VK_HOST_COPY #145000 bytes=845312 total=128628856320
GGML_VK_HOST_COPY #145100 bytes=1267712 total=128723525120
GGML_VK_HOST_COPY #145200 bytes=422912 total=128816081920
GGML_VK_HOST_COPY #145300 bytes=922112 total=128920043520
GGML_VK_HOST_COPY #145400 bytes=1050112 total=129019640320
GGML_VK_HOST_COPY #145500 bytes=1050112 total=129143019520
GGML_VK_HOST_COPY #145600 bytes=1574912 total=129272171520
GGML_VK_HOST_COPY #145700 bytes=461312 total=129372856320
GGML_SCHED_UPLOAD_STATS layers=48 copies=5967 bytes=5252813824 branch_ms=57.52 id_ms=49.34 wait_ms=969.44
GGML_VK_HOST_COPY #145800 bytes=2099712 total=129485388288
GGML_VK_HOST_COPY #145900 bytes=2099712 total=129577803776
GGML_VK_HOST_COPY #146000 bytes=461312 total=129673854464
GGML_VK_HOST_COPY #146100 bytes=461312 total=129764222464
GGML_VK_HOST_COPY #146200 bytes=2957312 total=129843742720
GGML_VK_HOST_COPY #146300 bytes=422912 total=129915601920
GGML_VK_HOST_COPY #146400 bytes=461312 total=129994718720
GGML_VK_HOST_COPY #146500 bytes=461312 total=130077253120
GGML_VK_HOST_COPY #146600 bytes=525312 total=130167045120
GGML_VK_HOST_COPY #146700 bytes=525312 total=130261035008
GGML_VK_HOST_COPY #146800 bytes=922112 total=130348074496
GGML_VK_HOST_COPY #146900 bytes=1050112 total=130436969984
GGML_VK_HOST_COPY #147000 bytes=525312 total=130524137984
GGML_VK_HOST_COPY #147100 bytes=1050112 total=130610781184
GGML_VK_HOST_COPY #147200 bytes=1382912 total=130689091584
GGML_VK_HOST_COPY #147300 bytes=1267712 total=130763945984
GGML_VK_HOST_COPY #147400 bytes=422912 total=130835805184
GGML_VK_HOST_COPY #147500 bytes=461312 total=130906358784
GGML_VK_HOST_COPY #147600 bytes=525312 total=130980726784
GGML_VK_HOST_COPY #147700 bytes=525312 total=131063696384
GGML_VK_HOST_COPY #147800 bytes=1050112 total=131139843584
GGML_VK_HOST_COPY #147900 bytes=1382912 total=131218857984
GGML_VK_HOST_COPY #148000 bytes=525312 total=131301571584
GGML_VK_HOST_COPY #148100 bytes=1050112 total=131396611584
GGML_VK_HOST_COPY #148200 bytes=1050112 total=131490601984
GGML_VK_HOST_COPY #148300 bytes=922112 total=131577334784
GGML_VK_HOST_COPY #148400 bytes=525312 total=131660509184
GGML_VK_HOST_COPY #148500 bytes=1050112 total=131774441984
GGML_VK_HOST_COPY #148600 bytes=461312 total=131882153984
GGML_VK_HOST_COPY #148700 bytes=2304512 total=131977129984
GGML_VK_HOST_COPY #148800 bytes=1075712 total=132046813184
GGML_VK_HOST_COPY #148900 bytes=717312 total=132112451072
GGML_VK_HOST_COPY #149000 bytes=922112 total=132188892160
GGML_VK_HOST_COPY #149100 bytes=845312 total=132271579648
GGML_VK_HOST_COPY #149200 bytes=845312 total=132349774848
GGML_VK_HOST_COPY #149300 bytes=422912 total=132422055936
GGML_VK_HOST_COPY #149400 bytes=461312 total=132503053824
GGML_VK_HOST_COPY #149500 bytes=845312 total=132597530112
GGML_VK_HOST_COPY #149600 bytes=845312 total=132673190912
GGML_VK_HOST_COPY #149700 bytes=422912 total=132752230912
GGML_VK_HOST_COPY #149800 bytes=461312 total=132837568512
GGML_VK_HOST_COPY #149900 bytes=845312 total=132933350912
GGML_VK_HOST_COPY #150000 bytes=1690112 total=133018726912
GGML_VK_HOST_COPY #150100 bytes=1382912 total=133106445312
GGML_VK_HOST_COPY #150200 bytes=461312 total=133206029312
GGML_VK_HOST_COPY #150300 bytes=525312 total=133312128512
GGML_VK_HOST_COPY #150400 bytes=1050112 total=133427635200
GGML_VK_HOST_COPY #150500 bytes=1843712 total=133540773888
GGML_VK_HOST_COPY #150600 bytes=358912 total=133641534976
GGML_VK_HOST_COPY #150700 bytes=717312 total=133717566976
GGML_VK_HOST_COPY #150800 bytes=358912 total=133787864576
GGML_VK_HOST_COPY #150900 bytes=461312 total=133874085376
GGML_VK_HOST_COPY #151000 bytes=422912 total=133971365376
GGML_VK_HOST_COPY #151100 bytes=845312 total=134065189376
GGML_VK_HOST_COPY #151200 bytes=422912 total=134159858176
GGML_VK_HOST_COPY #151300 bytes=461312 total=134259288576
GGML_VK_HOST_COPY #151400 bytes=2099712 total=134371557376
GGML_VK_HOST_COPY #151500 bytes=1050112 total=134493362176
GGML_VK_HOST_COPY #151600 bytes=3226112 total=134615179776
GGML_SCHED_UPLOAD_STATS layers=48 copies=5970 bytes=5309288960 branch_ms=57.09 id_ms=49.12 wait_ms=983.90
1.42.622.511 I slot print_timing: id  0 | task 8 | prompt processing, n_tokens =   6144, progress = 0.38, t =  20.98 s / 292.78 tokens per second
GGML_VK_HOST_COPY #151700 bytes=525312 total=134733753344
GGML_VK_HOST_COPY #151800 bytes=2624512 total=134834566144
GGML_VK_HOST_COPY #151900 bytes=525312 total=134925932032
GGML_VK_HOST_COPY #152000 bytes=461312 total=135013790720
GGML_VK_HOST_COPY #152100 bytes=422912 total=135104523776
GGML_VK_HOST_COPY #152200 bytes=1690112 total=135175960576
GGML_VK_HOST_COPY #152300 bytes=422912 total=135255000576
GGML_VK_HOST_COPY #152400 bytes=2304512 total=135333195776
GGML_VK_HOST_COPY #152500 bytes=525312 total=135415730176
GGML_VK_HOST_COPY #152600 bytes=1050112 total=135512344576
GGML_VK_HOST_COPY #152700 bytes=1050112 total=135600036864
GGML_VK_HOST_COPY #152800 bytes=922112 total=135681610752
GGML_VK_HOST_COPY #152900 bytes=1050112 total=135772234240
GGML_VK_HOST_COPY #153000 bytes=1574912 total=135856778240
GGML_VK_HOST_COPY #153100 bytes=525312 total=135944471040
GGML_VK_HOST_COPY #153200 bytes=461312 total=136023216640
GGML_VK_HOST_COPY #153300 bytes=422912 total=136095843840
GGML_VK_HOST_COPY #153400 bytes=422912 total=136168125440
GGML_VK_HOST_COPY #153500 bytes=461312 total=136242327040
GGML_VK_HOST_COPY #153600 bytes=525312 total=136314352640
GGML_VK_HOST_COPY #153700 bytes=2099712 total=136402570240
GGML_VK_HOST_COPY #153800 bytes=525312 total=136487114240
GGML_VK_HOST_COPY #153900 bytes=3226112 total=136558640640
GGML_VK_HOST_COPY #154000 bytes=1574912 total=136646679040
GGML_VK_HOST_COPY #154100 bytes=1050112 total=136740669440
GGML_VK_HOST_COPY #154200 bytes=1050112 total=136839383040
GGML_VK_HOST_COPY #154300 bytes=461312 total=136921367040
GGML_VK_HOST_COPY #154400 bytes=525312 total=137009827840
GGML_VK_HOST_COPY #154500 bytes=525312 total=137115888640
GGML_VK_HOST_COPY #154600 bytes=461312 total=137223959040
GGML_VK_HOST_COPY #154700 bytes=461312 total=137320778240
GGML_VK_HOST_COPY #154800 bytes=717312 total=137385290240
GGML_VK_HOST_COPY #154900 bytes=358912 total=137453078528
GGML_VK_HOST_COPY #155000 bytes=922112 total=137530185216
GGML_VK_HOST_COPY #155100 bytes=422912 total=137612719104
GGML_VK_HOST_COPY #155200 bytes=1267712 total=137695560192
GGML_VK_HOST_COPY #155300 bytes=2112512 total=137776289792
GGML_VK_HOST_COPY #155400 bytes=461312 total=137853946880
GGML_VK_HOST_COPY #155500 bytes=845312 total=137946311168
GGML_VK_HOST_COPY #155600 bytes=422912 total=138024083968
GGML_VK_HOST_COPY #155700 bytes=422912 total=138098477568
GGML_VK_HOST_COPY #155800 bytes=922112 total=138178784768
GGML_VK_HOST_COPY #155900 bytes=845312 total=138274106368
GGML_VK_HOST_COPY #156000 bytes=422912 total=138356525568
GGML_VK_HOST_COPY #156100 bytes=1382912 total=138444282368
GGML_VK_HOST_COPY #156200 bytes=922112 total=138544787968
GGML_VK_HOST_COPY #156300 bytes=525312 total=138648992768
GGML_VK_HOST_COPY #156400 bytes=1050112 total=138770272256
GGML_VK_HOST_COPY #156500 bytes=1843712 total=138888006144
GGML_VK_HOST_COPY #156600 bytes=717312 total=138991941632
GGML_VK_HOST_COPY #156700 bytes=358912 total=139069048832
GGML_VK_HOST_COPY #156800 bytes=358912 total=139140421632
GGML_VK_HOST_COPY #156900 bytes=1382912 total=139228639232
GGML_VK_HOST_COPY #157000 bytes=1690112 total=139329106432
GGML_VK_HOST_COPY #157100 bytes=2112512 total=139420818432
GGML_VK_HOST_COPY #157200 bytes=422912 total=139519288832
GGML_VK_HOST_COPY #157300 bytes=461312 total=139622213632
GGML_VK_HOST_COPY #157400 bytes=1050112 total=139731372032
GGML_VK_HOST_COPY #157500 bytes=1050112 total=139865772032
GGML_VK_HOST_COPY #157600 bytes=461312 total=139993080832
GGML_SCHED_UPLOAD_STATS layers=48 copies=6000 bytes=5377093120 branch_ms=57.25 id_ms=49.24 wait_ms=1000.59
GGML_VK_HOST_COPY #157700 bytes=525312 total=140118707200
GGML_VK_HOST_COPY #157800 bytes=525312 total=140217945600
GGML_VK_HOST_COPY #157900 bytes=525312 total=140311410688
GGML_VK_HOST_COPY #158000 bytes=922112 total=140399397376
GGML_VK_HOST_COPY #158100 bytes=422912 total=140488056832
GGML_VK_HOST_COPY #158200 bytes=845312 total=140559493632
GGML_VK_HOST_COPY #158300 bytes=845312 total=140638956032
GGML_VK_HOST_COPY #158400 bytes=922112 total=140714271232
GGML_VK_HOST_COPY #158500 bytes=1050112 total=140799442432
GGML_VK_HOST_COPY #158600 bytes=1050112 total=140895532032
GGML_VK_HOST_COPY #158700 bytes=1050112 total=140983749120
GGML_VK_HOST_COPY #158800 bytes=922112 total=141065323008
GGML_VK_HOST_COPY #158900 bytes=1050112 total=141157060096
GGML_VK_HOST_COPY #159000 bytes=1574912 total=141240554496
GGML_VK_HOST_COPY #159100 bytes=1050112 total=141328247296
GGML_VK_HOST_COPY #159200 bytes=461312 total=141407056896
GGML_VK_HOST_COPY #159300 bytes=845312 total=141479760896
GGML_VK_HOST_COPY #159400 bytes=422912 total=141551620096
GGML_VK_HOST_COPY #159500 bytes=922112 total=141627780096
GGML_VK_HOST_COPY #159600 bytes=1050112 total=141699882496
GGML_VK_HOST_COPY #159700 bytes=525312 total=141784951296
GGML_VK_HOST_COPY #159800 bytes=525312 total=141867396096
GGML_VK_HOST_COPY #159900 bytes=461312 total=141940868096
GGML_VK_HOST_COPY #160000 bytes=1574912 total=142026960896
GGML_VK_HOST_COPY #160100 bytes=525312 total=142120951296
GGML_VK_HOST_COPY #160200 bytes=1574912 total=142216516096
GGML_VK_HOST_COPY #160300 bytes=1382912 total=142297296896
GGML_VK_HOST_COPY #160400 bytes=2099712 total=142386820096
GGML_VK_HOST_COPY #160500 bytes=525312 total=142497079296
GGML_VK_HOST_COPY #160600 bytes=461312 total=142605341696
GGML_VK_HOST_COPY #160700 bytes=461312 total=142702160896
GGML_VK_HOST_COPY #160800 bytes=358912 total=142768362496
GGML_VK_HOST_COPY #160900 bytes=717312 total=142836509184
GGML_VK_HOST_COPY #161000 bytes=922112 total=142912387072
GGML_VK_HOST_COPY #161100 bytes=1267712 total=142995957760
GGML_VK_HOST_COPY #161200 bytes=422912 total=143078798848
GGML_VK_HOST_COPY #161300 bytes=422912 total=143154882048
GGML_VK_HOST_COPY #161400 bytes=1382912 total=143233076736
GGML_VK_HOST_COPY #161500 bytes=422912 total=143326938624
GGML_VK_HOST_COPY #161600 bytes=422912 total=143408090624
GGML_VK_HOST_COPY #161700 bytes=922112 total=143478836224
GGML_VK_HOST_COPY #161800 bytes=461312 total=143565057024
GGML_VK_HOST_COPY #161900 bytes=845312 total=143655885824
GGML_VK_HOST_COPY #162000 bytes=422912 total=143745485824
GGML_VK_HOST_COPY #162100 bytes=922112 total=143836775424
GGML_VK_HOST_COPY #162200 bytes=525312 total=143929242624
GGML_VK_HOST_COPY #162300 bytes=1050112 total=144042125824
GGML_VK_HOST_COPY #162400 bytes=3149312 total=144154483712
GGML_VK_HOST_COPY #162500 bytes=2304512 total=144267136000
GGML_VK_HOST_COPY #162600 bytes=358912 total=144364517888
GGML_VK_HOST_COPY #162700 bytes=358912 total=144438757888
GGML_VK_HOST_COPY #162800 bytes=1434112 total=144509055488
GGML_VK_HOST_COPY #162900 bytes=461312 total=144593125888
GGML_VK_HOST_COPY #163000 bytes=422912 total=144690521088
GGML_VK_HOST_COPY #163100 bytes=422912 total=144786457088
GGML_VK_HOST_COPY #163200 bytes=1690112 total=144883660288
GGML_VK_HOST_COPY #163300 bytes=461312 total=144986085888
GGML_VK_HOST_COPY #163400 bytes=525312 total=145101849088
GGML_VK_HOST_COPY #163500 bytes=525312 total=145226277888
GGML_VK_HOST_COPY #163600 bytes=922112 total=145351602688
GGML_VK_HOST_COPY #163700 bytes=1843712 total=145471461888
GGML_SCHED_UPLOAD_STATS layers=48 copies=6009 bytes=5354953728 branch_ms=57.72 id_ms=49.52 wait_ms=1007.38
GGML_VK_HOST_COPY #163800 bytes=525312 total=145572358656
GGML_VK_HOST_COPY #163900 bytes=1574912 total=145663724544
GGML_VK_HOST_COPY #164000 bytes=461312 total=145757586432
GGML_VK_HOST_COPY #164100 bytes=461312 total=145845189632
GGML_VK_HOST_COPY #164200 bytes=422912 total=145920524288
GGML_VK_HOST_COPY #164300 bytes=422912 total=145997874688
GGML_VK_HOST_COPY #164400 bytes=922112 total=146073381888
GGML_VK_HOST_COPY #164500 bytes=1050112 total=146157989888
GGML_VK_HOST_COPY #164600 bytes=3149312 total=146249356288
GGML_VK_HOST_COPY #164700 bytes=525312 total=146338622976
GGML_VK_HOST_COPY #164800 bytes=461312 total=146422257664
GGML_VK_HOST_COPY #164900 bytes=1050112 total=146509770752
GGML_VK_HOST_COPY #165000 bytes=525312 total=146594839552
GGML_VK_HOST_COPY #165100 bytes=525312 total=146683057152
GGML_VK_HOST_COPY #165200 bytes=461312 total=146758205952
GGML_VK_HOST_COPY #165300 bytes=422912 total=146832522752
GGML_VK_HOST_COPY #165400 bytes=1690112 total=146905649152
GGML_VK_HOST_COPY #165500 bytes=922112 total=146975319552
GGML_VK_HOST_COPY #165600 bytes=1382912 total=147052324352
GGML_VK_HOST_COPY #165700 bytes=1574912 total=147135921152
GGML_VK_HOST_COPY #165800 bytes=525312 total=147215217152
GGML_VK_HOST_COPY #165900 bytes=461312 total=147299645952
GGML_VK_HOST_COPY #166000 bytes=525312 total=147383383552
GGML_VK_HOST_COPY #166100 bytes=1050112 total=147482621952
GGML_VK_HOST_COPY #166200 bytes=1050112 total=147576087552
GGML_VK_HOST_COPY #166300 bytes=461312 total=147663165952
GGML_VK_HOST_COPY #166400 bytes=1050112 total=147746596352
GGML_VK_HOST_COPY #166500 bytes=525312 total=147857380352
GGML_VK_HOST_COPY #166600 bytes=525312 total=147965015552
GGML_VK_HOST_COPY #166700 bytes=461312 total=148059786752
GGML_VK_HOST_COPY #166800 bytes=717312 total=148142474752
GGML_VK_HOST_COPY #166900 bytes=717312 total=148212413440
GGML_VK_HOST_COPY #167000 bytes=461312 total=148288649728
GGML_VK_HOST_COPY #167100 bytes=422912 total=148375254016
GGML_VK_HOST_COPY #167200 bytes=845312 total=148458095616
GGML_VK_HOST_COPY #167300 bytes=422912 total=148532911104
GGML_VK_HOST_COPY #167400 bytes=461312 total=148616865792
GGML_VK_HOST_COPY #167500 bytes=422912 total=148713146880
GGML_VK_HOST_COPY #167600 bytes=422912 total=148789230080
GGML_VK_HOST_COPY #167700 bytes=845312 total=148868692480
GGML_VK_HOST_COPY #167800 bytes=461312 total=148948922880
GGML_VK_HOST_COPY #167900 bytes=3379712 total=149045012480
GGML_VK_HOST_COPY #168000 bytes=845312 total=149130810880
GGML_VK_HOST_COPY #168100 bytes=422912 total=149217031680
GGML_VK_HOST_COPY #168200 bytes=461312 total=149319226880
GGML_VK_HOST_COPY #168300 bytes=1050112 total=149409953280
GGML_VK_HOST_COPY #168400 bytes=1050112 total=149533856768
GGML_VK_HOST_COPY #168500 bytes=461312 total=149657017856
GGML_VK_HOST_COPY #168600 bytes=461312 total=149765357056
GGML_VK_HOST_COPY #168700 bytes=358912 total=149839186944
GGML_VK_HOST_COPY #168800 bytes=717312 total=149918086144
GGML_VK_HOST_COPY #168900 bytes=461312 total=149998316544
GGML_VK_HOST_COPY #169000 bytes=461312 total=150095596544
GGML_VK_HOST_COPY #169100 bytes=4224512 total=150196486144
GGML_VK_HOST_COPY #169200 bytes=422912 total=150300025344
GGML_VK_HOST_COPY #169300 bytes=461312 total=150408172544
GGML_VK_HOST_COPY #169400 bytes=525312 total=150517970944
GGML_VK_HOST_COPY #169500 bytes=1050112 total=150656569344
GGML_VK_HOST_COPY #169600 bytes=525312 total=150797791744
GGML_VK_HOST_COPY #169700 bytes=461312 total=150911314944
GGML_SCHED_UPLOAD_STATS layers=48 copies=6009 bytes=5453795328 branch_ms=57.19 id_ms=49.20 wait_ms=1024.38
GGML_VK_HOST_COPY #169800 bytes=525312 total=151025613312
GGML_VK_HOST_COPY #169900 bytes=525312 total=151116979200
GGML_VK_HOST_COPY #170000 bytes=461312 total=151211980288
GGML_VK_HOST_COPY #170100 bytes=1382912 total=151302809088
GGML_VK_HOST_COPY #170200 bytes=845312 total=151378950144
GGML_VK_HOST_COPY #170300 bytes=1267712 total=151451654144
GGML_VK_HOST_COPY #170400 bytes=1382912 total=151531922944
GGML_VK_HOST_COPY #170500 bytes=2304512 total=151614457344
GGML_VK_HOST_COPY #170600 bytes=1050112 total=151701958144
GGML_VK_HOST_COPY #170700 bytes=525312 total=151789650432
GGML_VK_HOST_COPY #170800 bytes=922112 total=151876651520
GGML_VK_HOST_COPY #170900 bytes=525312 total=151959748608
GGML_VK_HOST_COPY #171000 bytes=525312 total=152046916608
GGML_VK_HOST_COPY #171100 bytes=525312 total=152131460608
GGML_VK_HOST_COPY #171200 bytes=922112 total=152213572608
GGML_VK_HOST_COPY #171300 bytes=422912 total=152287697408
GGML_VK_HOST_COPY #171400 bytes=422912 total=152358711808
GGML_VK_HOST_COPY #171500 bytes=845312 total=152432260608
GGML_VK_HOST_COPY #171600 bytes=461312 total=152507307008
GGML_VK_HOST_COPY #171700 bytes=525312 total=152586923008
GGML_VK_HOST_COPY #171800 bytes=1574912 total=152674091008
GGML_VK_HOST_COPY #171900 bytes=922112 total=152763972608
GGML_VK_HOST_COPY #172000 bytes=922112 total=152841899008
GGML_VK_HOST_COPY #172100 bytes=525312 total=152935659008
GGML_VK_HOST_COPY #172200 bytes=525312 total=153028599808
GGML_VK_HOST_COPY #172300 bytes=461312 total=153116510208
GGML_VK_HOST_COPY #172400 bytes=525312 total=153198775808
GGML_VK_HOST_COPY #172500 bytes=2099712 total=153302212608
GGML_VK_HOST_COPY #172600 bytes=525312 total=153411422208
GGML_VK_HOST_COPY #172700 bytes=922112 total=153515563008
GGML_VK_HOST_COPY #172800 bytes=358912 total=153605060608
GGML_VK_HOST_COPY #172900 bytes=358912 total=153676074496
GGML_VK_HOST_COPY #173000 bytes=922112 total=153749443584
GGML_VK_HOST_COPY #173100 bytes=922112 total=153841193984
GGML_VK_HOST_COPY #173200 bytes=422912 total=153915548672
GGML_VK_HOST_COPY #173300 bytes=1267712 total=153994588160
GGML_VK_HOST_COPY #173400 bytes=461312 total=154075355648
GGML_VK_HOST_COPY #173500 bytes=461312 total=154160654848
GGML_VK_HOST_COPY #173600 bytes=422912 total=154243726336
GGML_VK_HOST_COPY #173700 bytes=422912 total=154331636736
GGML_VK_HOST_COPY #173800 bytes=1382912 total=154420545536
GGML_VK_HOST_COPY #173900 bytes=1267712 total=154507687936
GGML_VK_HOST_COPY #174000 bytes=422912 total=154606580736
GGML_VK_HOST_COPY #174100 bytes=845312 total=154703361536
GGML_VK_HOST_COPY #174200 bytes=2304512 total=154805211136
GGML_VK_HOST_COPY #174300 bytes=2099712 total=154905831936
GGML_VK_HOST_COPY #174400 bytes=1050112 total=155038657024
GGML_VK_HOST_COPY #174500 bytes=1574912 total=155168333824
GGML_VK_HOST_COPY #174600 bytes=1382912 total=155270669312
GGML_VK_HOST_COPY #174700 bytes=358912 total=155357760000
GGML_VK_HOST_COPY #174800 bytes=358912 total=155435225600
GGML_VK_HOST_COPY #174900 bytes=1075712 total=155509824000
GGML_VK_HOST_COPY #175000 bytes=461312 total=155598348800
GGML_VK_HOST_COPY #175100 bytes=422912 total=155703654400
GGML_VK_HOST_COPY #175200 bytes=422912 total=155806348800
GGML_VK_HOST_COPY #175300 bytes=461312 total=155914227200
GGML_VK_HOST_COPY #175400 bytes=2304512 total=156025331200
GGML_VK_HOST_COPY #175500 bytes=1574912 total=156150630400
GGML_VK_HOST_COPY #175600 bytes=1050112 total=156273484800
GGML_VK_HOST_COPY #175700 bytes=922112 total=156392153600
GGML_SCHED_UPLOAD_STATS layers=48 copies=6057 bytes=5538120704 branch_ms=57.63 id_ms=49.54 wait_ms=1035.45
1.50.993.088 I slot print_timing: id  0 | task 8 | prompt processing, n_tokens =   8192, progress = 0.50, t =  29.36 s / 279.06 tokens per second
GGML_VK_HOST_COPY #175800 bytes=525312 total=156511213568
GGML_VK_HOST_COPY #175900 bytes=525312 total=156613600768
GGML_VK_HOST_COPY #176000 bytes=1050112 total=156705491456
GGML_VK_HOST_COPY #176100 bytes=461312 total=156792274944
GGML_VK_HOST_COPY #176200 bytes=1267712 total=156879552000
GGML_VK_HOST_COPY #176300 bytes=422912 total=156952256000
GGML_VK_HOST_COPY #176400 bytes=422912 total=157028339200
GGML_VK_HOST_COPY #176500 bytes=1843712 total=157108608000
GGML_VK_HOST_COPY #176600 bytes=525312 total=157187366400
GGML_VK_HOST_COPY #176700 bytes=525312 total=157283980288
GGML_VK_HOST_COPY #176800 bytes=525312 total=157373247488
GGML_VK_HOST_COPY #176900 bytes=461312 total=157456229376
GGML_VK_HOST_COPY #177000 bytes=1050112 total=157543806464
GGML_VK_HOST_COPY #177100 bytes=525312 total=157623102464
GGML_VK_HOST_COPY #177200 bytes=525312 total=157706072064
GGML_VK_HOST_COPY #177300 bytes=1843712 total=157782833664
GGML_VK_HOST_COPY #177400 bytes=422912 total=157851121664
GGML_VK_HOST_COPY #177500 bytes=422912 total=157924248064
GGML_VK_HOST_COPY #177600 bytes=922112 total=157994571264
GGML_VK_HOST_COPY #177700 bytes=922112 total=158069272064
GGML_VK_HOST_COPY #177800 bytes=1050112 total=158154814464
GGML_VK_HOST_COPY #177900 bytes=2099712 total=158232011264
GGML_VK_HOST_COPY #178000 bytes=461312 total=158314955264
GGML_VK_HOST_COPY #178100 bytes=1574912 total=158399256064
GGML_VK_HOST_COPY #178200 bytes=525312 total=158495345664
GGML_VK_HOST_COPY #178300 bytes=525312 total=158590910464
GGML_VK_HOST_COPY #178400 bytes=922112 total=158677553664
GGML_VK_HOST_COPY #178500 bytes=525312 total=158760894464
GGML_VK_HOST_COPY #178600 bytes=525312 total=158872203264
GGML_VK_HOST_COPY #178700 bytes=525312 total=158981412864
GGML_VK_HOST_COPY #178800 bytes=922112 total=159073790464
GGML_VK_HOST_COPY #178900 bytes=358912 total=159152228864
GGML_VK_HOST_COPY #179000 bytes=358912 total=159221809152
GGML_VK_HOST_COPY #179100 bytes=1843712 total=159300503040
GGML_VK_HOST_COPY #179200 bytes=845312 total=159389065728
GGML_VK_HOST_COPY #179300 bytes=845312 total=159465148928
GGML_VK_HOST_COPY #179400 bytes=845312 total=159537852416
GGML_VK_HOST_COPY #179500 bytes=461312 total=159616968704
GGML_VK_HOST_COPY #179600 bytes=845312 total=159705915392
GGML_VK_HOST_COPY #179700 bytes=2112512 total=159786222592
GGML_VK_HOST_COPY #179800 bytes=845312 total=159869064192
GGML_VK_HOST_COPY #179900 bytes=922112 total=159956705792
GGML_VK_HOST_COPY #180000 bytes=845312 total=160053294592
GGML_VK_HOST_COPY #180100 bytes=422912 total=160139515392
GGML_VK_HOST_COPY #180200 bytes=461312 total=160228808192
GGML_VK_HOST_COPY #180300 bytes=461312 total=160335304192
GGML_VK_HOST_COPY #180400 bytes=525312 total=160440174592
GGML_VK_HOST_COPY #180500 bytes=525312 total=160572474880
GGML_VK_HOST_COPY #180600 bytes=2304512 total=160706119168
GGML_VK_HOST_COPY #180700 bytes=358912 total=160815686656
GGML_VK_HOST_COPY #180800 bytes=1075712 total=160893152256
GGML_VK_HOST_COPY #180900 bytes=358912 total=160962733056
GGML_VK_HOST_COPY #181000 bytes=922112 total=161053305856
GGML_VK_HOST_COPY #181100 bytes=422912 total=161156729856
GGML_VK_HOST_COPY #181200 bytes=2957312 total=161255622656
GGML_VK_HOST_COPY #181300 bytes=845312 total=161353248256
GGML_VK_HOST_COPY #181400 bytes=461312 total=161456787456
GGML_VK_HOST_COPY #181500 bytes=1050112 total=161566035456
GGML_VK_HOST_COPY #181600 bytes=3674112 total=161685741056
GGML_VK_HOST_COPY #181700 bytes=461312 total=161812601856
GGML_VK_HOST_COPY #181800 bytes=461312 total=161909881856
GGML_SCHED_UPLOAD_STATS layers=48 copies=6045 bytes=5443624960 branch_ms=57.24 id_ms=49.22 wait_ms=1036.48
GGML_VK_HOST_COPY #181900 bytes=525312 total=162019930624
GGML_VK_HOST_COPY #182000 bytes=1050112 total=162112870912
GGML_VK_HOST_COPY #182100 bytes=461312 total=162209625600
GGML_VK_HOST_COPY #182200 bytes=461312 total=162295846400
GGML_VK_HOST_COPY #182300 bytes=845312 total=162374061056
GGML_VK_HOST_COPY #182400 bytes=422912 total=162448032256
GGML_VK_HOST_COPY #182500 bytes=461312 total=162526803456
GGML_VK_HOST_COPY #182600 bytes=1382912 total=162607494656
GGML_VK_HOST_COPY #182700 bytes=1574912 total=162696800256
GGML_VK_HOST_COPY #182800 bytes=525312 total=162783442944
GGML_VK_HOST_COPY #182900 bytes=461312 total=162873964032
GGML_VK_HOST_COPY #183000 bytes=525312 total=162958725120
GGML_VK_HOST_COPY #183100 bytes=525312 total=163043793920
GGML_VK_HOST_COPY #183200 bytes=525312 total=163124664320
GGML_VK_HOST_COPY #183300 bytes=922112 total=163198725120
GGML_VK_HOST_COPY #183400 bytes=461312 total=163271582720
GGML_VK_HOST_COPY #183500 bytes=422912 total=163342289920
GGML_VK_HOST_COPY #183600 bytes=1690112 total=163414571520
GGML_VK_HOST_COPY #183700 bytes=461312 total=163488389120
GGML_VK_HOST_COPY #183800 bytes=1050112 total=163566059520
GGML_VK_HOST_COPY #183900 bytes=525312 total=163653227520
GGML_VK_HOST_COPY #184000 bytes=525312 total=163743019520
GGML_VK_HOST_COPY #184100 bytes=461312 total=163818245120
GGML_VK_HOST_COPY #184200 bytes=525312 total=163906987520
GGML_VK_HOST_COPY #184300 bytes=1574912 total=164000453120
GGML_VK_HOST_COPY #184400 bytes=922112 total=164090757120
GGML_VK_HOST_COPY #184500 bytes=461312 total=164176056320
GGML_VK_HOST_COPY #184600 bytes=525312 total=164274718720
GGML_VK_HOST_COPY #184700 bytes=3674112 total=164380779520
GGML_VK_HOST_COPY #184800 bytes=922112 total=164482462720
GGML_VK_HOST_COPY #184900 bytes=358912 total=164575339520
GGML_VK_HOST_COPY #185000 bytes=1075712 total=164647070208
GGML_VK_HOST_COPY #185100 bytes=922112 total=164720080896
GGML_VK_HOST_COPY #185200 bytes=922112 total=164809066496
GGML_VK_HOST_COPY #185300 bytes=422912 total=164889910784
GGML_VK_HOST_COPY #185400 bytes=422912 total=164971484672
GGML_VK_HOST_COPY #185500 bytes=1843712 total=165059202560
GGML_VK_HOST_COPY #185600 bytes=845312 total=165148187648
GGML_VK_HOST_COPY #185700 bytes=2957312 total=165226382848
GGML_VK_HOST_COPY #185800 bytes=422912 total=165302043648
GGML_VK_HOST_COPY #185900 bytes=1382912 total=165386728448
GGML_VK_HOST_COPY #186000 bytes=422912 total=165472219648
GGML_VK_HOST_COPY #186100 bytes=2112512 total=165565621248
GGML_VK_HOST_COPY #186200 bytes=422912 total=165659022848
GGML_VK_HOST_COPY #186300 bytes=922112 total=165753038848
GGML_VK_HOST_COPY #186400 bytes=525312 total=165849525248
GGML_VK_HOST_COPY #186500 bytes=525312 total=165981825536
GGML_VK_HOST_COPY #186600 bytes=1574912 total=166103105536
GGML_VK_HOST_COPY #186700 bytes=461312 total=166202522624
GGML_VK_HOST_COPY #186800 bytes=717312 total=166295347712
GGML_VK_HOST_COPY #186900 bytes=717312 total=166374246912
GGML_VK_HOST_COPY #187000 bytes=2765312 total=166455501312
GGML_VK_HOST_COPY #187100 bytes=1382912 total=166551859712
GGML_VK_HOST_COPY #187200 bytes=422912 total=166656742912
GGML_VK_HOST_COPY #187300 bytes=1690112 total=166758592512
GGML_VK_HOST_COPY #187400 bytes=1382912 total=166865971712
GGML_VK_HOST_COPY #187500 bytes=525312 total=166971597312
GGML_VK_HOST_COPY #187600 bytes=4198912 total=167114918912
GGML_VK_HOST_COPY #187700 bytes=1050112 total=167250893312
GGML_VK_HOST_COPY #187800 bytes=1843712 total=167377715712
GGML_SCHED_UPLOAD_STATS layers=48 copies=6015 bytes=5479936000 branch_ms=57.53 id_ms=49.51 wait_ms=1049.00
GGML_VK_HOST_COPY #187900 bytes=525312 total=167493550080
GGML_VK_HOST_COPY #188000 bytes=4198912 total=167588064768
GGML_VK_HOST_COPY #188100 bytes=1050112 total=167687827968
GGML_VK_HOST_COPY #188200 bytes=461312 total=167769670656
GGML_VK_HOST_COPY #188300 bytes=845312 total=167849267712
GGML_VK_HOST_COPY #188400 bytes=1267712 total=167928307712
GGML_VK_HOST_COPY #188500 bytes=2112512 total=168003968512
GGML_VK_HOST_COPY #188600 bytes=461312 total=168081779712
GGML_VK_HOST_COPY #188700 bytes=525312 total=168168320512
GGML_VK_HOST_COPY #188800 bytes=1050112 total=168260736000
GGML_VK_HOST_COPY #188900 bytes=461312 total=168354956288
GGML_VK_HOST_COPY #189000 bytes=922112 total=168431961088
GGML_VK_HOST_COPY #189100 bytes=525312 total=168524107776
GGML_VK_HOST_COPY #189200 bytes=1050112 total=168604978176
GGML_VK_HOST_COPY #189300 bytes=461312 total=168682482176
GGML_VK_HOST_COPY #189400 bytes=461312 total=168755339776
GGML_VK_HOST_COPY #189500 bytes=845312 total=168827275776
GGML_VK_HOST_COPY #189600 bytes=422912 total=168896600576
GGML_VK_HOST_COPY #189700 bytes=1382912 total=168975755776
GGML_VK_HOST_COPY #189800 bytes=525312 total=169050827776
GGML_VK_HOST_COPY #189900 bytes=525312 total=169140619776
GGML_VK_HOST_COPY #190000 bytes=525312 total=169229362176
GGML_VK_HOST_COPY #190100 bytes=2304512 total=169304152576
GGML_VK_HOST_COPY #190200 bytes=525312 total=169394712576
GGML_VK_HOST_COPY #190300 bytes=1050112 total=169488702976
GGML_VK_HOST_COPY #190400 bytes=461312 total=169584088576
GGML_VK_HOST_COPY #190500 bytes=461312 total=169669387776
GGML_VK_HOST_COPY #190600 bytes=525312 total=169764286976
GGML_VK_HOST_COPY #190700 bytes=525312 total=169871397376
GGML_VK_HOST_COPY #190800 bytes=922112 total=169974155776
GGML_VK_HOST_COPY #190900 bytes=358912 total=170066878976
GGML_VK_HOST_COPY #191000 bytes=358912 total=170138968064
GGML_VK_HOST_COPY #191100 bytes=717312 total=170207832064
GGML_VK_HOST_COPY #191200 bytes=461312 total=170296100352
GGML_VK_HOST_COPY #191300 bytes=1690112 total=170375907840
GGML_VK_HOST_COPY #191400 bytes=845312 total=170459593728
GGML_VK_HOST_COPY #191500 bytes=461312 total=170542012416
GGML_VK_HOST_COPY #191600 bytes=1382912 total=170630998016
GGML_VK_HOST_COPY #191700 bytes=1267712 total=170714107904
GGML_VK_HOST_COPY #191800 bytes=422912 total=170795259904
GGML_VK_HOST_COPY #191900 bytes=922112 total=170878984704
GGML_VK_HOST_COPY #192000 bytes=422912 total=170961749504
GGML_VK_HOST_COPY #192100 bytes=845312 total=171061064704
GGML_VK_HOST_COPY #192200 bytes=845312 total=171151931904
GGML_VK_HOST_COPY #192300 bytes=1382912 total=171247829504
GGML_VK_HOST_COPY #192400 bytes=525312 total=171345480704
GGML_VK_HOST_COPY #192500 bytes=1574912 total=171458888704
GGML_VK_HOST_COPY #192600 bytes=525312 total=171569672192
GGML_VK_HOST_COPY #192700 bytes=461312 total=171674810880
GGML_VK_HOST_COPY #192800 bytes=1434112 total=171774445568
GGML_VK_HOST_COPY #192900 bytes=1075712 total=171853703168
GGML_VK_HOST_COPY #193000 bytes=717312 total=171927943168
GGML_VK_HOST_COPY #193100 bytes=922112 total=172021997568
GGML_VK_HOST_COPY #193200 bytes=422912 total=172125690368
GGML_VK_HOST_COPY #193300 bytes=422912 total=172227539968
GGML_VK_HOST_COPY #193400 bytes=1690112 total=172328122368
GGML_VK_HOST_COPY #193500 bytes=1382912 total=172429703168
GGML_VK_HOST_COPY #193600 bytes=525312 total=172545184768
GGML_VK_HOST_COPY #193700 bytes=1574912 total=172687456768
GGML_VK_HOST_COPY #193800 bytes=922112 total=172826707968
GGML_SCHED_UPLOAD_STATS layers=48 copies=6054 bytes=5507194368 branch_ms=56.66 id_ms=48.65 wait_ms=1061.80
GGML_VK_HOST_COPY #193900 bytes=5242880 total=172958721536
GGML_VK_HOST_COPY #194000 bytes=525312 total=173055860736
GGML_VK_HOST_COPY #194100 bytes=1574912 total=173149850624
GGML_VK_HOST_COPY #194200 bytes=461312 total=173238477312
GGML_VK_HOST_COPY #194300 bytes=461312 total=173325158912
GGML_VK_HOST_COPY #194400 bytes=422912 total=173400762368
GGML_VK_HOST_COPY #194500 bytes=845312 total=173478112768
GGML_VK_HOST_COPY #194600 bytes=461312 total=173554272768
GGML_VK_HOST_COPY #194700 bytes=1050112 total=173639264768
GGML_VK_HOST_COPY #194800 bytes=525312 total=173729056768
GGML_VK_HOST_COPY #194900 bytes=2099712 total=173821472256
GGML_VK_HOST_COPY #195000 bytes=461312 total=173903532544
GGML_VK_HOST_COPY #195100 bytes=525312 total=173990328832
GGML_VK_HOST_COPY #195200 bytes=2099712 total=174073823232
GGML_VK_HOST_COPY #195300 bytes=525312 total=174159416832
GGML_VK_HOST_COPY #195400 bytes=461312 total=174234796032
GGML_VK_HOST_COPY #195500 bytes=845312 total=174306616832
GGML_VK_HOST_COPY #195600 bytes=422912 total=174378476032
GGML_VK_HOST_COPY #195700 bytes=422912 total=174449490432
GGML_VK_HOST_COPY #195800 bytes=922112 total=174527992832
GGML_VK_HOST_COPY #195900 bytes=525312 total=174601068032
GGML_VK_HOST_COPY #196000 bytes=525312 total=174685612032
GGML_VK_HOST_COPY #196100 bytes=461312 total=174769400832
GGML_VK_HOST_COPY #196200 bytes=922112 total=174844562432
GGML_VK_HOST_COPY #196300 bytes=1050112 total=174936940032
GGML_VK_HOST_COPY #196400 bytes=1574912 total=175034079232
GGML_VK_HOST_COPY #196500 bytes=461312 total=175124242432
GGML_VK_HOST_COPY #196600 bytes=525312 total=175211077632
GGML_VK_HOST_COPY #196700 bytes=525312 total=175318188032
GGML_VK_HOST_COPY #196800 bytes=1574912 total=175421100032
GGML_VK_HOST_COPY #196900 bytes=922112 total=175515692032
GGML_VK_HOST_COPY #197000 bytes=717312 total=175599916032
GGML_VK_HOST_COPY #197100 bytes=717312 total=175669137920
GGML_VK_HOST_COPY #197200 bytes=461312 total=175737335808
GGML_VK_HOST_COPY #197300 bytes=461312 total=175827243008
GGML_VK_HOST_COPY #197400 bytes=845312 total=175900368896
GGML_VK_HOST_COPY #197500 bytes=422912 total=175977718784
GGML_VK_HOST_COPY #197600 bytes=461312 total=176060943872
GGML_VK_HOST_COPY #197700 bytes=922112 total=176150390272
GGML_VK_HOST_COPY #197800 bytes=422912 total=176229160960
GGML_VK_HOST_COPY #197900 bytes=422912 total=176310312960
GGML_VK_HOST_COPY #198000 bytes=1382912 total=176393384960
GGML_VK_HOST_COPY #198100 bytes=1267712 total=176477608960
GGML_VK_HOST_COPY #198200 bytes=422912 total=176578613760
GGML_VK_HOST_COPY #198300 bytes=422912 total=176680040960
GGML_VK_HOST_COPY #198400 bytes=461312 total=176785730560
GGML_VK_HOST_COPY #198500 bytes=2624512 total=176890319360
GGML_VK_HOST_COPY #198600 bytes=525312 total=177014747648
GGML_VK_HOST_COPY #198700 bytes=1050112 total=177138126848
GGML_VK_HOST_COPY #198800 bytes=922112 total=177235009536
GGML_VK_HOST_COPY #198900 bytes=358912 total=177323994624
GGML_VK_HOST_COPY #199000 bytes=358912 total=177404327424
GGML_VK_HOST_COPY #199100 bytes=922112 total=177484711424
GGML_VK_HOST_COPY #199200 bytes=1843712 total=177581069824
GGML_VK_HOST_COPY #199300 bytes=422912 total=177683034624
GGML_VK_HOST_COPY #199400 bytes=845312 total=177778548224
GGML_VK_HOST_COPY #199500 bytes=1382912 total=177880743424
GGML_VK_HOST_COPY #199600 bytes=922112 total=177978945024
GGML_VK_HOST_COPY #199700 bytes=525312 total=178092442624
GGML_VK_HOST_COPY #199800 bytes=1574912 total=178227892224
GGML_VK_HOST_COPY #199900 bytes=461312 total=178362919424
GGML_SCHED_UPLOAD_STATS layers=48 copies=6090 bytes=5513740800 branch_ms=57.65 id_ms=49.45 wait_ms=1071.34
1.59.838.047 I slot print_timing: id  0 | task 8 | prompt processing, n_tokens =  10240, progress = 0.62, t =  38.20 s / 268.06 tokens per second
GGML_VK_HOST_COPY #200000 bytes=1050112 total=178490299392
GGML_VK_HOST_COPY #200100 bytes=1574912 total=178591112192
GGML_VK_HOST_COPY #200200 bytes=525312 total=178680378880
GGML_VK_HOST_COPY #200300 bytes=922112 total=178769159168
GGML_VK_HOST_COPY #200400 bytes=2112512 total=178859469824
GGML_VK_HOST_COPY #200500 bytes=1690112 total=178931329024
GGML_VK_HOST_COPY #200600 bytes=422912 total=179009524224
GGML_VK_HOST_COPY #200700 bytes=461312 total=179088103424
GGML_VK_HOST_COPY #200800 bytes=1050112 total=179172673024
GGML_VK_HOST_COPY #200900 bytes=1050112 total=179269287424
GGML_VK_HOST_COPY #201000 bytes=525312 total=179356454912
GGML_VK_HOST_COPY #201100 bytes=922112 total=179438745600
GGML_VK_HOST_COPY #201200 bytes=525312 total=179524261888
GGML_VK_HOST_COPY #201300 bytes=1050112 total=179609855488
GGML_VK_HOST_COPY #201400 bytes=525312 total=179694924288
GGML_VK_HOST_COPY #201500 bytes=461312 total=179770930688
GGML_VK_HOST_COPY #201600 bytes=422912 total=179844402688
GGML_VK_HOST_COPY #201700 bytes=845312 total=179916684288
GGML_VK_HOST_COPY #201800 bytes=922112 total=179988889088
GGML_VK_HOST_COPY #201900 bytes=461312 total=180065433088
GGML_VK_HOST_COPY #202000 bytes=525312 total=180144703488
GGML_VK_HOST_COPY #202100 bytes=525312 total=180226623488
GGML_VK_HOST_COPY #202200 bytes=461312 total=180308735488
GGML_VK_HOST_COPY #202300 bytes=2099712 total=180388953088
GGML_VK_HOST_COPY #202400 bytes=525312 total=180485567488
GGML_VK_HOST_COPY #202500 bytes=525312 total=180577458688
GGML_VK_HOST_COPY #202600 bytes=2765312 total=180669439488
GGML_VK_HOST_COPY #202700 bytes=525312 total=180754521088
GGML_VK_HOST_COPY #202800 bytes=525312 total=180862681088
GGML_VK_HOST_COPY #202900 bytes=525312 total=180966642688
GGML_VK_HOST_COPY #203000 bytes=2304512 total=181061477888
GGML_VK_HOST_COPY #203100 bytes=358912 total=181144268288
GGML_VK_HOST_COPY #203200 bytes=358912 total=181212414976
GGML_VK_HOST_COPY #203300 bytes=461312 total=181287166464
GGML_VK_HOST_COPY #203400 bytes=422912 total=181372311552
GGML_VK_HOST_COPY #203500 bytes=422912 total=181448394752
GGML_VK_HOST_COPY #203600 bytes=422912 total=181520253440
GGML_VK_HOST_COPY #203700 bytes=461312 total=181599868928
GGML_VK_HOST_COPY #203800 bytes=2112512 total=181687510016
GGML_VK_HOST_COPY #203900 bytes=845312 total=181766550016
GGML_VK_HOST_COPY #204000 bytes=422912 total=181846012416
GGML_VK_HOST_COPY #204100 bytes=922112 total=181930927616
GGML_VK_HOST_COPY #204200 bytes=422912 total=182017110016
GGML_VK_HOST_COPY #204300 bytes=422912 total=182111778816
GGML_VK_HOST_COPY #204400 bytes=422912 total=182213628416
GGML_VK_HOST_COPY #204500 bytes=922112 total=182316668416
GGML_VK_HOST_COPY #204600 bytes=1050112 total=182423778816
GGML_VK_HOST_COPY #204700 bytes=2099712 total=182552405504
GGML_VK_HOST_COPY #204800 bytes=461312 total=182672814592
GGML_VK_HOST_COPY #204900 bytes=461312 total=182781614592
GGML_VK_HOST_COPY #205000 bytes=717312 total=182858311680
GGML_VK_HOST_COPY #205100 bytes=717312 total=182939361280
GGML_VK_HOST_COPY #205200 bytes=461312 total=183027015680
GGML_VK_HOST_COPY #205300 bytes=922112 total=183131207680
GGML_VK_HOST_COPY #205400 bytes=422912 total=183224647680
GGML_VK_HOST_COPY #205500 bytes=422912 total=183326074880
GGML_VK_HOST_COPY #205600 bytes=461312 total=183429729280
GGML_VK_HOST_COPY #205700 bytes=525312 total=183533626880
GGML_VK_HOST_COPY #205800 bytes=525312 total=183683770880
GGML_VK_HOST_COPY #205900 bytes=1574912 total=183826567680
GGML_VK_HOST_COPY #206000 bytes=1382912 total=183958958080
GGML_SCHED_UPLOAD_STATS layers=48 copies=6057 bytes=5542677504 branch_ms=88.28 id_ms=49.28 wait_ms=1077.74
GGML_VK_HOST_COPY #206100 bytes=1050112 total=184082318848
GGML_VK_HOST_COPY #206200 bytes=525312 total=184174734336
GGML_VK_HOST_COPY #206300 bytes=1050112 total=184278171136
GGML_VK_HOST_COPY #206400 bytes=1382912 total=184360129024
GGML_VK_HOST_COPY #206500 bytes=1690112 total=184440532480
GGML_VK_HOST_COPY #206600 bytes=1690112 total=184519572480
GGML_VK_HOST_COPY #206700 bytes=422912 total=184592698880
GGML_VK_HOST_COPY #206800 bytes=461312 total=184675847680
GGML_VK_HOST_COPY #206900 bytes=1050112 total=184762593280
GGML_VK_HOST_COPY #207000 bytes=525312 total=184854483968
GGML_VK_HOST_COPY #207100 bytes=922112 total=184950278656
GGML_VK_HOST_COPY #207200 bytes=461312 total=185026361856
GGML_VK_HOST_COPY #207300 bytes=1050112 total=185116345344
GGML_VK_HOST_COPY #207400 bytes=1050112 total=185201938944
GGML_VK_HOST_COPY #207500 bytes=922112 total=185282258944
GGML_VK_HOST_COPY #207600 bytes=461312 total=185356498944
GGML_VK_HOST_COPY #207700 bytes=3802112 total=185428665344
GGML_VK_HOST_COPY #207800 bytes=422912 total=185500102144
GGML_VK_HOST_COPY #207900 bytes=461312 total=185577222144
GGML_VK_HOST_COPY #208000 bytes=525312 total=185652639744
GGML_VK_HOST_COPY #208100 bytes=525312 total=185741382144
GGML_VK_HOST_COPY #208200 bytes=525312 total=185825401344
GGML_VK_HOST_COPY #208300 bytes=461312 total=185899039744
GGML_VK_HOST_COPY #208400 bytes=1050112 total=185989241344
GGML_VK_HOST_COPY #208500 bytes=1574912 total=186082706944
GGML_VK_HOST_COPY #208600 bytes=1050112 total=186179846144
GGML_VK_HOST_COPY #208700 bytes=461312 total=186263430144
GGML_VK_HOST_COPY #208800 bytes=3674112 total=186358482944
GGML_VK_HOST_COPY #208900 bytes=2099712 total=186466642944
GGML_VK_HOST_COPY #209000 bytes=461312 total=186575826944
GGML_VK_HOST_COPY #209100 bytes=358912 total=186666809344
GGML_VK_HOST_COPY #209200 bytes=1434112 total=186738182144
GGML_VK_HOST_COPY #209300 bytes=358912 total=186804895232
GGML_VK_HOST_COPY #209400 bytes=1843712 total=186889835520
GGML_VK_HOST_COPY #209500 bytes=422912 total=186964996608
GGML_VK_HOST_COPY #209600 bytes=1267712 total=187047415296
GGML_VK_HOST_COPY #209700 bytes=1267200 total=187125609984
GGML_VK_HOST_COPY #209800 bytes=1382912 total=187206761984
GGML_VK_HOST_COPY #209900 bytes=422912 total=187292406272
GGML_VK_HOST_COPY #210000 bytes=422912 total=187373135872
GGML_VK_HOST_COPY #210100 bytes=2304512 total=187455209472
GGML_VK_HOST_COPY #210200 bytes=461312 total=187546499072
GGML_VK_HOST_COPY #210300 bytes=422912 total=187637903872
GGML_VK_HOST_COPY #210400 bytes=422912 total=187727503872
GGML_VK_HOST_COPY #210500 bytes=461312 total=187825513472
GGML_VK_HOST_COPY #210600 bytes=525312 total=187925699072
GGML_VK_HOST_COPY #210700 bytes=1574912 total=188051702272
GGML_VK_HOST_COPY #210800 bytes=525312 total=188163010560
GGML_VK_HOST_COPY #210900 bytes=922112 total=188277890048
GGML_VK_HOST_COPY #211000 bytes=358912 total=188378395136
GGML_VK_HOST_COPY #211100 bytes=717312 total=188455860736
GGML_VK_HOST_COPY #211200 bytes=358912 total=188524366336
GGML_VK_HOST_COPY #211300 bytes=1382912 total=188616935936
GGML_VK_HOST_COPY #211400 bytes=422912 total=188720398336
GGML_VK_HOST_COPY #211500 bytes=845312 total=188823515136
GGML_VK_HOST_COPY #211600 bytes=422912 total=188924097536
GGML_VK_HOST_COPY #211700 bytes=461312 total=189029863936
GGML_VK_HOST_COPY #211800 bytes=1574912 total=189153076736
GGML_VK_HOST_COPY #211900 bytes=525312 total=189308993536
GGML_VK_HOST_COPY #212000 bytes=461312 total=189460174336
GGML_SCHED_UPLOAD_STATS layers=48 copies=6030 bytes=5538209280 branch_ms=57.47 id_ms=49.30 wait_ms=1082.38
GGML_VK_HOST_COPY #212100 bytes=1050112 total=189597935104
GGML_VK_HOST_COPY #212200 bytes=525312 total=189700847104
GGML_VK_HOST_COPY #212300 bytes=525312 total=189791688192
GGML_VK_HOST_COPY #212400 bytes=461312 total=189879316480
GGML_VK_HOST_COPY #212500 bytes=422912 total=189965979136
GGML_VK_HOST_COPY #212600 bytes=1267712 total=190041217536
GGML_VK_HOST_COPY #212700 bytes=422912 total=190119835136
GGML_VK_HOST_COPY #212800 bytes=922112 total=190199105536
GGML_VK_HOST_COPY #212900 bytes=2624512 total=190284238336
GGML_VK_HOST_COPY #213000 bytes=1574912 total=190380852224
GGML_VK_HOST_COPY #213100 bytes=525312 total=190468545024
GGML_VK_HOST_COPY #213200 bytes=1843712 total=190554893312
GGML_VK_HOST_COPY #213300 bytes=525312 total=190640742400
GGML_VK_HOST_COPY #213400 bytes=525312 total=190721612800
GGML_VK_HOST_COPY #213500 bytes=1050112 total=190805107200
GGML_VK_HOST_COPY #213600 bytes=1382912 total=190882931200
GGML_VK_HOST_COPY #213700 bytes=1267712 total=190952332800
GGML_VK_HOST_COPY #213800 bytes=422912 total=191025881600
GGML_VK_HOST_COPY #213900 bytes=922112 total=191097126400
GGML_VK_HOST_COPY #214000 bytes=922112 total=191172748800
GGML_VK_HOST_COPY #214100 bytes=1050112 total=191260915200
GGML_VK_HOST_COPY #214200 bytes=525312 total=191342835200
GGML_VK_HOST_COPY #214300 bytes=461312 total=191427161600
GGML_VK_HOST_COPY #214400 bytes=1574912 total=191513830400
GGML_VK_HOST_COPY #214500 bytes=1050112 total=191609395200
GGML_VK_HOST_COPY #214600 bytes=1574912 total=191705484800
GGML_VK_HOST_COPY #214700 bytes=922112 total=191790041600
GGML_VK_HOST_COPY #214800 bytes=525312 total=191879987200
GGML_VK_HOST_COPY #214900 bytes=1050112 total=191993395200
GGML_VK_HOST_COPY #215000 bytes=922112 total=192103360000
GGML_VK_HOST_COPY #215100 bytes=461312 total=192197875200
GGML_VK_HOST_COPY #215200 bytes=358912 total=192273548800
GGML_VK_HOST_COPY #215300 bytes=1434112 total=192347429888
GGML_VK_HOST_COPY #215400 bytes=1843712 total=192427403776
GGML_VK_HOST_COPY #215500 bytes=422912 total=192513240064
GGML_VK_HOST_COPY #215600 bytes=3379712 total=192593969152
GGML_VK_HOST_COPY #215700 bytes=422912 total=192669629952
GGML_VK_HOST_COPY #215800 bytes=1382912 total=192750474240
GGML_VK_HOST_COPY #215900 bytes=1267712 total=192837846528
GGML_VK_HOST_COPY #216000 bytes=422912 total=192917731328
GGML_VK_HOST_COPY #216100 bytes=422912 total=192996348928
GGML_VK_HOST_COPY #216200 bytes=2304512 total=193082684928
GGML_VK_HOST_COPY #216300 bytes=422912 total=193181923328
GGML_VK_HOST_COPY #216400 bytes=422912 total=193273634816
GGML_VK_HOST_COPY #216500 bytes=1843712 total=193372987904
GGML_VK_HOST_COPY #216600 bytes=1050112 total=193476385792
GGML_VK_HOST_COPY #216700 bytes=2624512 total=193591892992
GGML_VK_HOST_COPY #216800 bytes=2624512 total=193719470080
GGML_VK_HOST_COPY #216900 bytes=922112 total=193836269568
GGML_VK_HOST_COPY #217000 bytes=1434112 total=193945120256
GGML_VK_HOST_COPY #217100 bytes=1075712 total=194024736256
GGML_VK_HOST_COPY #217200 bytes=1434112 total=194099693056
GGML_VK_HOST_COPY #217300 bytes=461312 total=194193389056
GGML_VK_HOST_COPY #217400 bytes=422912 total=194295430656
GGML_VK_HOST_COPY #217500 bytes=422912 total=194392633344
GGML_VK_HOST_COPY #217600 bytes=1267712 total=194486034944
GGML_VK_HOST_COPY #217700 bytes=461312 total=194586962432
GGML_VK_HOST_COPY #217800 bytes=1050112 total=194703403520
GGML_VK_HOST_COPY #217900 bytes=1050112 total=194847249920
GGML_VK_HOST_COPY #218000 bytes=922112 total=194994513920
GGML_VK_HOST_COPY #218100 bytes=461312 total=195107000320
GGML_SCHED_UPLOAD_STATS layers=48 copies=6036 bytes=5553825280 branch_ms=57.59 id_ms=49.49 wait_ms=1089.88
GGML_VK_HOST_COPY #218200 bytes=1574912 total=195226303488
GGML_VK_HOST_COPY #218300 bytes=1050112 total=195318194176
GGML_VK_HOST_COPY #218400 bytes=461312 total=195412273664
GGML_VK_HOST_COPY #218500 bytes=461312 total=195500798464
GGML_VK_HOST_COPY #218600 bytes=422912 total=195577208320
GGML_VK_HOST_COPY #218700 bytes=422912 total=195651601920
GGML_VK_HOST_COPY #218800 bytes=922112 total=195733445120
GGML_VK_HOST_COPY #218900 bytes=2304512 total=195818283520
GGML_VK_HOST_COPY #219000 bytes=1050112 total=195907883520
GGML_VK_HOST_COPY #219100 bytes=2624512 total=195998724608
GGML_VK_HOST_COPY #219200 bytes=461312 total=196084164096
GGML_VK_HOST_COPY #219300 bytes=525312 total=196171446784
GGML_VK_HOST_COPY #219400 bytes=525312 total=196254941184
GGML_VK_HOST_COPY #219500 bytes=525312 total=196342633984
GGML_VK_HOST_COPY #219600 bytes=922112 total=196421417984
GGML_VK_HOST_COPY #219700 bytes=845312 total=196495081984
GGML_VK_HOST_COPY #219800 bytes=422912 total=196563561984
GGML_VK_HOST_COPY #219900 bytes=1690112 total=196634153984
GGML_VK_HOST_COPY #220000 bytes=461312 total=196706704384
GGML_VK_HOST_COPY #220100 bytes=525312 total=196784541184
GGML_VK_HOST_COPY #220200 bytes=1050112 total=196873283584
GGML_VK_HOST_COPY #220300 bytes=1382912 total=196963421184
GGML_VK_HOST_COPY #220400 bytes=461312 total=197041347584
GGML_VK_HOST_COPY #220500 bytes=525312 total=197134070784
GGML_VK_HOST_COPY #220600 bytes=525312 total=197231734784
GGML_VK_HOST_COPY #220700 bytes=461312 total=197322998784
GGML_VK_HOST_COPY #220800 bytes=1574912 total=197409718784
GGML_VK_HOST_COPY #220900 bytes=525312 total=197511581184
GGML_VK_HOST_COPY #221000 bytes=525312 total=197612393984
GGML_VK_HOST_COPY #221100 bytes=461312 total=197712272384
GGML_VK_HOST_COPY #221200 bytes=717312 total=197797981184
GGML_VK_HOST_COPY #221300 bytes=1075712 total=197864694272
GGML_VK_HOST_COPY #221400 bytes=461312 total=197931151360
GGML_VK_HOST_COPY #221500 bytes=461312 total=198015528960
GGML_VK_HOST_COPY #221600 bytes=1690112 total=198094645248
GGML_VK_HOST_COPY #221700 bytes=422912 total=198174529536
GGML_VK_HOST_COPY #221800 bytes=1382912 total=198260289024
GGML_VK_HOST_COPY #221900 bytes=845312 total=198347354112
GGML_VK_HOST_COPY #222000 bytes=422912 total=198429773312
GGML_VK_HOST_COPY #222100 bytes=422912 total=198508390912
GGML_VK_HOST_COPY #222200 bytes=922112 total=198597645312
GGML_VK_HOST_COPY #222300 bytes=845312 total=198688435712
GGML_VK_HOST_COPY #222400 bytes=845312 total=198776345600
GGML_VK_HOST_COPY #222500 bytes=422912 total=198866790400
GGML_VK_HOST_COPY #222600 bytes=461312 total=198964876288
GGML_VK_HOST_COPY #222700 bytes=525312 total=199069720576
GGML_VK_HOST_COPY #222800 bytes=525312 total=199197822464
GGML_VK_HOST_COPY #222900 bytes=922112 total=199324221952
GGML_VK_HOST_COPY #223000 bytes=1382912 total=199425188352
GGML_VK_HOST_COPY #223100 bytes=717312 total=199515095040
GGML_VK_HOST_COPY #223200 bytes=717312 total=199592919040
GGML_VK_HOST_COPY #223300 bytes=2765312 total=199672739840
GGML_VK_HOST_COPY #223400 bytes=922112 total=199767715840
GGML_VK_HOST_COPY #223500 bytes=1267712 total=199872867840
GGML_VK_HOST_COPY #223600 bytes=1690112 total=199974295040
GGML_VK_HOST_COPY #223700 bytes=922112 total=200084669440
GGML_VK_HOST_COPY #223800 bytes=525312 total=200194621440
GGML_VK_HOST_COPY #223900 bytes=1574912 total=200343191040
GGML_VK_HOST_COPY #224000 bytes=2099712 total=200473917440
GGML_VK_HOST_COPY #224100 bytes=2304512 total=200606807040
GGML_SCHED_UPLOAD_STATS layers=48 copies=6030 bytes=5529426944 branch_ms=56.65 id_ms=48.74 wait_ms=1092.06
2.09.134.216 I slot print_timing: id  0 | task 8 | prompt processing, n_tokens =  12288, progress = 0.75, t =  47.50 s / 258.71 tokens per second
GGML_VK_HOST_COPY #224200 bytes=525312 total=200732612608
GGML_VK_HOST_COPY #224300 bytes=525312 total=200826602496
GGML_VK_HOST_COPY #224400 bytes=1574912 total=200929514496
GGML_VK_HOST_COPY #224500 bytes=1843712 total=201011203584
GGML_VK_HOST_COPY #224600 bytes=422912 total=201091338240
GGML_VK_HOST_COPY #224700 bytes=422912 total=201170378240
GGML_VK_HOST_COPY #224800 bytes=422912 total=201245616640
GGML_VK_HOST_COPY #224900 bytes=1382912 total=201329149440
GGML_VK_HOST_COPY #225000 bytes=1050112 total=201415767040
GGML_VK_HOST_COPY #225100 bytes=1050112 total=201508182528
GGML_VK_HOST_COPY #225200 bytes=461312 total=201603324416
GGML_VK_HOST_COPY #225300 bytes=461312 total=201682172416
GGML_VK_HOST_COPY #225400 bytes=1574912 total=201770171904
GGML_VK_HOST_COPY #225500 bytes=1050112 total=201851042304
GGML_VK_HOST_COPY #225600 bytes=1382912 total=201928674304
GGML_VK_HOST_COPY #225700 bytes=461312 total=202000610304
GGML_VK_HOST_COPY #225800 bytes=422912 total=202066824704
GGML_VK_HOST_COPY #225900 bytes=422912 total=202139528704
GGML_VK_HOST_COPY #226000 bytes=461312 total=202214805504
GGML_VK_HOST_COPY #226100 bytes=525312 total=202287624704
GGML_VK_HOST_COPY #226200 bytes=525312 total=202384763904
GGML_VK_HOST_COPY #226300 bytes=525312 total=202472981504
GGML_VK_HOST_COPY #226400 bytes=461312 total=202550037504
GGML_VK_HOST_COPY #226500 bytes=1050112 total=202649685504
GGML_VK_HOST_COPY #226600 bytes=525312 total=202744200704
GGML_VK_HOST_COPY #226700 bytes=922112 total=202840699904
GGML_VK_HOST_COPY #226800 bytes=461312 total=202927381504
GGML_VK_HOST_COPY #226900 bytes=1050112 total=203021819904
GGML_VK_HOST_COPY #227000 bytes=1050112 total=203128405504
GGML_VK_HOST_COPY #227100 bytes=922112 total=203238037504
GGML_VK_HOST_COPY #227200 bytes=717312 total=203331272704
GGML_VK_HOST_COPY #227300 bytes=358912 total=203403003904
GGML_VK_HOST_COPY #227400 bytes=717312 total=203470792192
GGML_VK_HOST_COPY #227500 bytes=461312 total=203551892480
GGML_VK_HOST_COPY #227600 bytes=422912 total=203632583168
GGML_VK_HOST_COPY #227700 bytes=1267712 total=203712467456
GGML_VK_HOST_COPY #227800 bytes=422912 total=203792352256
GGML_VK_HOST_COPY #227900 bytes=2304512 total=203874425344
GGML_VK_HOST_COPY #228000 bytes=422912 total=203958303232
GGML_VK_HOST_COPY #228100 bytes=422912 total=204037343232
GGML_VK_HOST_COPY #228200 bytes=845312 total=204116383232
GGML_VK_HOST_COPY #228300 bytes=461312 total=204196575232
GGML_VK_HOST_COPY #228400 bytes=3802112 total=204292012032
GGML_VK_HOST_COPY #228500 bytes=1267712 total=204383301632
GGML_VK_HOST_COPY #228600 bytes=422912 total=204480504832
GGML_VK_HOST_COPY #228700 bytes=922112 total=204589765632
GGML_VK_HOST_COPY #228800 bytes=2099712 total=204702712832
GGML_VK_HOST_COPY #228900 bytes=525312 total=204832389120
GGML_VK_HOST_COPY #229000 bytes=461312 total=204962987008
GGML_VK_HOST_COPY #229100 bytes=717312 total=205073066496
GGML_VK_HOST_COPY #229200 bytes=1075712 total=205154832896
GGML_VK_HOST_COPY #229300 bytes=717312 total=205231223296
GGML_VK_HOST_COPY #229400 bytes=461312 total=205330448896
GGML_VK_HOST_COPY #229500 bytes=422912 total=205436215296
GGML_VK_HOST_COPY #229600 bytes=422912 total=205530461696
GGML_VK_HOST_COPY #229700 bytes=1267712 total=205625552896
GGML_VK_HOST_COPY #229800 bytes=461312 total=205729552896
GGML_VK_HOST_COPY #229900 bytes=525312 total=205836381696
GGML_VK_HOST_COPY #230000 bytes=525312 total=205983376896
GGML_VK_HOST_COPY #230100 bytes=6298112 total=206126173696
GGML_VK_HOST_COPY #230200 bytes=461312 total=206241808896
GGML_SCHED_UPLOAD_STATS layers=48 copies=6084 bytes=5606998528 branch_ms=57.42 id_ms=49.20 wait_ms=1109.69
GGML_VK_HOST_COPY #230300 bytes=1050112 total=206365323264
GGML_VK_HOST_COPY #230400 bytes=525312 total=206458263552
GGML_VK_HOST_COPY #230500 bytes=525312 total=206558026752
GGML_VK_HOST_COPY #230600 bytes=461312 total=206637578240
GGML_VK_HOST_COPY #230700 bytes=422912 total=206718788096
GGML_VK_HOST_COPY #230800 bytes=422912 total=206797405696
GGML_VK_HOST_COPY #230900 bytes=2304512 total=206876676096
GGML_VK_HOST_COPY #231000 bytes=1843712 total=206955524096
GGML_VK_HOST_COPY #231100 bytes=525312 total=207047364096
GGML_VK_HOST_COPY #231200 bytes=1574912 total=207138729984
GGML_VK_HOST_COPY #231300 bytes=922112 total=207231542272
GGML_VK_HOST_COPY #231400 bytes=525312 total=207316175360
GGML_VK_HOST_COPY #231500 bytes=1050112 total=207400719360
GGML_VK_HOST_COPY #231600 bytes=1050112 total=207484213760
GGML_VK_HOST_COPY #231700 bytes=1382912 total=207563010560
GGML_VK_HOST_COPY #231800 bytes=845312 total=207637442560
GGML_VK_HOST_COPY #231900 bytes=422912 total=207706344960
GGML_VK_HOST_COPY #232000 bytes=422912 total=207773135360
GGML_VK_HOST_COPY #232100 bytes=922112 total=207850140160
GGML_VK_HOST_COPY #232200 bytes=1574912 total=207930447360
GGML_VK_HOST_COPY #232300 bytes=525312 total=208022863360
GGML_VK_HOST_COPY #232400 bytes=461312 total=208115484160
GGML_VK_HOST_COPY #232500 bytes=461312 total=208195714560
GGML_VK_HOST_COPY #232600 bytes=525312 total=208294210560
GGML_VK_HOST_COPY #232700 bytes=1050112 total=208390300160
GGML_VK_HOST_COPY #232800 bytes=922112 total=208479464960
GGML_VK_HOST_COPY #232900 bytes=525312 total=208562908160
GGML_VK_HOST_COPY #233000 bytes=2624512 total=208668968960
GGML_VK_HOST_COPY #233100 bytes=525312 total=208772930560
GGML_VK_HOST_COPY #233200 bytes=922112 total=208871477760
GGML_VK_HOST_COPY #233300 bytes=717312 total=208963791360
GGML_VK_HOST_COPY #233400 bytes=717312 total=209033013248
GGML_VK_HOST_COPY #233500 bytes=358912 total=209105102848
GGML_VK_HOST_COPY #233600 bytes=461312 total=209191835136
GGML_VK_HOST_COPY #233700 bytes=422912 total=209269645824
GGML_VK_HOST_COPY #233800 bytes=845312 total=209351642112
GGML_VK_HOST_COPY #233900 bytes=1382912 total=209432448000
GGML_VK_HOST_COPY #234000 bytes=461312 total=209519129600
GGML_VK_HOST_COPY #234100 bytes=422912 total=209600780288
GGML_VK_HOST_COPY #234200 bytes=845312 total=209685733888
GGML_VK_HOST_COPY #234300 bytes=1382912 total=209769266688
GGML_VK_HOST_COPY #234400 bytes=461312 total=209853644288
GGML_VK_HOST_COPY #234500 bytes=845312 total=209950578688
GGML_VK_HOST_COPY #234600 bytes=2112512 total=210045246976
GGML_VK_HOST_COPY #234700 bytes=461312 total=210139876864
GGML_VK_HOST_COPY #234800 bytes=2099712 total=210250225152
GGML_VK_HOST_COPY #234900 bytes=525312 total=210374653952
GGML_VK_HOST_COPY #235000 bytes=2624512 total=210496458240
GGML_VK_HOST_COPY #235100 bytes=461312 total=210616291328
GGML_VK_HOST_COPY #235200 bytes=358912 total=210718332416
GGML_VK_HOST_COPY #235300 bytes=358912 total=210802249216
GGML_VK_HOST_COPY #235400 bytes=1075712 total=210892975616
GGML_VK_HOST_COPY #235500 bytes=461312 total=210994454016
GGML_VK_HOST_COPY #235600 bytes=845312 total=211099375616
GGML_VK_HOST_COPY #235700 bytes=422912 total=211200802304
GGML_VK_HOST_COPY #235800 bytes=1382912 total=211309640192
GGML_VK_HOST_COPY #235900 bytes=922112 total=211413371392
GGML_VK_HOST_COPY #236000 bytes=2099712 total=211536980480
GGML_VK_HOST_COPY #236100 bytes=1050112 total=211678727680
GGML_VK_HOST_COPY #236200 bytes=461312 total=211808506880
GGML_SCHED_UPLOAD_STATS layers=48 copies=6033 bytes=5596319744 branch_ms=57.55 id_ms=49.39 wait_ms=1110.64
GGML_VK_HOST_COPY #236300 bytes=1050112 total=211937474048
GGML_VK_HOST_COPY #236400 bytes=525312 total=212036712448
GGML_VK_HOST_COPY #236500 bytes=1574912 total=212127553536
GGML_VK_HOST_COPY #236600 bytes=1382912 total=212215796224
GGML_VK_HOST_COPY #236700 bytes=845312 total=212301076480
GGML_VK_HOST_COPY #236800 bytes=422912 total=212375470080
GGML_VK_HOST_COPY #236900 bytes=422912 total=212452820480
GGML_VK_HOST_COPY #237000 bytes=922112 total=212533818880
GGML_VK_HOST_COPY #237100 bytes=525312 total=212618209280
GGML_VK_HOST_COPY #237200 bytes=1050112 total=212715347968
GGML_VK_HOST_COPY #237300 bytes=1050112 total=212805664768
GGML_VK_HOST_COPY #237400 bytes=461312 total=212889273856
GGML_VK_HOST_COPY #237500 bytes=2099712 total=212976748544
GGML_VK_HOST_COPY #237600 bytes=525312 total=213059718144
GGML_VK_HOST_COPY #237700 bytes=525312 total=213146886144
GGML_VK_HOST_COPY #237800 bytes=461312 total=213221714944
GGML_VK_HOST_COPY #237900 bytes=422912 total=213291078144
GGML_VK_HOST_COPY #238000 bytes=422912 total=213364204544
GGML_VK_HOST_COPY #238100 bytes=461312 total=213438674944
GGML_VK_HOST_COPY #238200 bytes=525312 total=213512774144
GGML_VK_HOST_COPY #238300 bytes=525312 total=213602041344
GGML_VK_HOST_COPY #238400 bytes=525312 total=213689734144
GGML_VK_HOST_COPY #238500 bytes=922112 total=213767276544
GGML_VK_HOST_COPY #238600 bytes=525312 total=213860460544
GGML_VK_HOST_COPY #238700 bytes=525312 total=213955500544
GGML_VK_HOST_COPY #238800 bytes=525312 total=214055788544
GGML_VK_HOST_COPY #238900 bytes=461312 total=214140729344
GGML_VK_HOST_COPY #239000 bytes=1050112 total=214230892544
GGML_VK_HOST_COPY #239100 bytes=525312 total=214341676544
GGML_VK_HOST_COPY #239200 bytes=2304512 total=214450719744
GGML_VK_HOST_COPY #239300 bytes=461312 total=214545234944
GGML_VK_HOST_COPY #239400 bytes=1075712 total=214618911744
GGML_VK_HOST_COPY #239500 bytes=717312 total=214686341632
GGML_VK_HOST_COPY #239600 bytes=461312 total=214760632320
GGML_VK_HOST_COPY #239700 bytes=422912 total=214847851008
GGML_VK_HOST_COPY #239800 bytes=1267712 total=214930270208
GGML_VK_HOST_COPY #239900 bytes=845312 total=215010999296
GGML_VK_HOST_COPY #240000 bytes=461312 total=215097296384
GGML_VK_HOST_COPY #240100 bytes=422912 total=215193500672
GGML_VK_HOST_COPY #240200 bytes=845312 total=215277187072
GGML_VK_HOST_COPY #240300 bytes=845312 total=215360873472
GGML_VK_HOST_COPY #240400 bytes=461312 total=215446095872
GGML_VK_HOST_COPY #240500 bytes=2112512 total=215546678272
GGML_VK_HOST_COPY #240600 bytes=422912 total=215637967360
GGML_VK_HOST_COPY #240700 bytes=461312 total=215736245248
GGML_VK_HOST_COPY #240800 bytes=1843712 total=215843202048
GGML_VK_HOST_COPY #240900 bytes=525312 total=215952001536
GGML_VK_HOST_COPY #241000 bytes=525312 total=216076954624
GGML_VK_HOST_COPY #241100 bytes=461312 total=216203341312
GGML_VK_HOST_COPY #241200 bytes=358912 total=216313011200
GGML_VK_HOST_COPY #241300 bytes=1434112 total=216401945600
GGML_VK_HOST_COPY #241400 bytes=1075712 total=216485145088
GGML_VK_HOST_COPY #241500 bytes=1382912 total=216592357376
GGML_VK_HOST_COPY #241600 bytes=422912 total=216704113664
GGML_VK_HOST_COPY #241700 bytes=845312 total=216814833664
GGML_VK_HOST_COPY #241800 bytes=845312 total=216912036864
GGML_VK_HOST_COPY #241900 bytes=922112 total=217026788864
GGML_VK_HOST_COPY #242000 bytes=1050112 total=217156376064
GGML_VK_HOST_COPY #242100 bytes=525312 total=217310193664
GGML_VK_HOST_COPY #242200 bytes=922112 total=217461016064
GGML_SCHED_UPLOAD_STATS layers=48 copies=5997 bytes=5655846912 branch_ms=57.50 id_ms=49.44 wait_ms=1121.72
GGML_VK_HOST_COPY #242300 bytes=1050112 total=217604856832
GGML_VK_HOST_COPY #242400 bytes=525312 total=217703570432
GGML_VK_HOST_COPY #242500 bytes=1050112 total=217794936320
GGML_VK_HOST_COPY #242600 bytes=461312 total=217882590208
GGML_VK_HOST_COPY #242700 bytes=1690112 total=217969099264
GGML_VK_HOST_COPY #242800 bytes=422912 total=218042225664
GGML_VK_HOST_COPY #242900 bytes=422912 total=218119576064
GGML_VK_HOST_COPY #243000 bytes=922112 total=218201073664
GGML_VK_HOST_COPY #243100 bytes=525312 total=218285067264
GGML_VK_HOST_COPY #243200 bytes=525312 total=218382205952
GGML_VK_HOST_COPY #243300 bytes=525312 total=218475146752
GGML_VK_HOST_COPY #243400 bytes=461312 total=218557783040
GGML_VK_HOST_COPY #243500 bytes=525312 total=218643670528
GGML_VK_HOST_COPY #243600 bytes=525312 total=218722966528
GGML_VK_HOST_COPY #243700 bytes=1050112 total=218807510528
GGML_VK_HOST_COPY #243800 bytes=922112 total=218881084928
GGML_VK_HOST_COPY #243900 bytes=422912 total=218948412928
GGML_VK_HOST_COPY #244000 bytes=422912 total=219020694528
GGML_VK_HOST_COPY #244100 bytes=461312 total=219094128128
GGML_VK_HOST_COPY #244200 bytes=525312 total=219168099328
GGML_VK_HOST_COPY #244300 bytes=525312 total=219254742528
GGML_VK_HOST_COPY #244400 bytes=4198912 total=219338761728
GGML_VK_HOST_COPY #244500 bytes=461312 total=219416944128
GGML_VK_HOST_COPY #244600 bytes=525312 total=219503843328
GGML_VK_HOST_COPY #244700 bytes=525312 total=219600457728
GGML_VK_HOST_COPY #244800 bytes=525312 total=219700220928
GGML_VK_HOST_COPY #244900 bytes=461312 total=219784816128
GGML_VK_HOST_COPY #245000 bytes=2099712 total=219871382528
GGML_VK_HOST_COPY #245100 bytes=525312 total=219981116928
GGML_VK_HOST_COPY #245200 bytes=461312 total=220085641728
GGML_VK_HOST_COPY #245300 bytes=461312 total=220179235328
GGML_VK_HOST_COPY #245400 bytes=358912 total=220245795328
GGML_VK_HOST_COPY #245500 bytes=1075712 total=220311433216
GGML_VK_HOST_COPY #245600 bytes=461312 total=220384290304
GGML_VK_HOST_COPY #245700 bytes=422912 total=220464174592
GGML_VK_HOST_COPY #245800 bytes=1267712 total=220546171392
GGML_VK_HOST_COPY #245900 bytes=422912 total=220623521280
GGML_VK_HOST_COPY #246000 bytes=461312 total=220707975168
GGML_VK_HOST_COPY #246100 bytes=845312 total=220802873856
GGML_VK_HOST_COPY #246200 bytes=845312 total=220890784256
GGML_VK_HOST_COPY #246300 bytes=845312 total=220981229056
GGML_VK_HOST_COPY #246400 bytes=922112 total=221075513856
GGML_VK_HOST_COPY #246500 bytes=422912 total=221174944256
GGML_VK_HOST_COPY #246600 bytes=422912 total=221269190144
GGML_VK_HOST_COPY #246700 bytes=1382912 total=221365125632
GGML_VK_HOST_COPY #246800 bytes=922112 total=221470700032
GGML_VK_HOST_COPY #246900 bytes=525312 total=221584504320
GGML_VK_HOST_COPY #247000 bytes=1050112 total=221705783808
GGML_VK_HOST_COPY #247100 bytes=1382912 total=221827741696
GGML_VK_HOST_COPY #247200 bytes=358912 total=221933673984
GGML_VK_HOST_COPY #247300 bytes=1075712 total=222025117184
GGML_VK_HOST_COPY #247400 bytes=358912 total=222107600384
GGML_VK_HOST_COPY #247500 bytes=461312 total=222211280384
GGML_VK_HOST_COPY #247600 bytes=422912 total=222320425984
GGML_VK_HOST_COPY #247700 bytes=422912 total=222423542784
GGML_VK_HOST_COPY #247800 bytes=1690112 total=222514409984
GGML_VK_HOST_COPY #247900 bytes=922112 total=222614608384
GGML_VK_HOST_COPY #248000 bytes=2624512 total=222737437184
GGML_VK_HOST_COPY #248100 bytes=1050112 total=222887581184
GGML_VK_HOST_COPY #248200 bytes=922112 total=223038441984
GGML_VK_HOST_COPY #248300 bytes=4608512 total=223177193984
GGML_SCHED_UPLOAD_STATS layers=48 copies=6027 bytes=5592759808 branch_ms=57.27 id_ms=49.34 wait_ms=1125.88
2.18.769.004 I slot print_timing: id  0 | task 8 | prompt processing, n_tokens =  14336, progress = 0.88, t =  57.13 s / 250.93 tokens per second
GGML_VK_HOST_COPY #248400 bytes=1050112 total=223278461952
GGML_VK_HOST_COPY #248500 bytes=525312 total=223370877440
GGML_VK_HOST_COPY #248600 bytes=922112 total=223461398528
GGML_VK_HOST_COPY #248700 bytes=461312 total=223548540928
GGML_VK_HOST_COPY #248800 bytes=422912 total=223624758784
GGML_VK_HOST_COPY #248900 bytes=422912 total=223701686784
GGML_VK_HOST_COPY #249000 bytes=461312 total=223778499584
GGML_VK_HOST_COPY #249100 bytes=525312 total=223865731584
GGML_VK_HOST_COPY #249200 bytes=1050112 total=223957622784
GGML_VK_HOST_COPY #249300 bytes=525312 total=224052137472
GGML_VK_HOST_COPY #249400 bytes=461312 total=224137512960
GGML_VK_HOST_COPY #249500 bytes=1050112 total=224222760448
GGML_VK_HOST_COPY #249600 bytes=525312 total=224306254848
GGML_VK_HOST_COPY #249700 bytes=1050112 total=224389749248
GGML_VK_HOST_COPY #249800 bytes=461312 total=224465678848
GGML_VK_HOST_COPY #249900 bytes=422912 total=224538190848
GGML_VK_HOST_COPY #250000 bytes=845312 total=224608782848
GGML_VK_HOST_COPY #250100 bytes=422912 total=224678530048
GGML_VK_HOST_COPY #250200 bytes=922112 total=224756955648
GGML_VK_HOST_COPY #250300 bytes=525312 total=224835790848
GGML_VK_HOST_COPY #250400 bytes=1050112 total=224926107648
GGML_VK_HOST_COPY #250500 bytes=461312 total=225012034048
GGML_VK_HOST_COPY #250600 bytes=525312 total=225094082048
GGML_VK_HOST_COPY #250700 bytes=525312 total=225192795648
GGML_VK_HOST_COPY #250800 bytes=1050112 total=225289410048
GGML_VK_HOST_COPY #250900 bytes=461312 total=225381800448
GGML_VK_HOST_COPY #251000 bytes=1050112 total=225466613248
GGML_VK_HOST_COPY #251100 bytes=2099712 total=225577922048
GGML_VK_HOST_COPY #251200 bytes=525312 total=225686606848
GGML_VK_HOST_COPY #251300 bytes=461312 total=225782517248
GGML_VK_HOST_COPY #251400 bytes=717312 total=225861467648
GGML_VK_HOST_COPY #251500 bytes=717312 total=225927463936
GGML_VK_HOST_COPY #251600 bytes=922112 total=225992897024
GGML_VK_HOST_COPY #251700 bytes=922112 total=226077735424
GGML_VK_HOST_COPY #251800 bytes=422912 total=226150323712
GGML_VK_HOST_COPY #251900 bytes=422912 total=226230208000
GGML_VK_HOST_COPY #252000 bytes=461312 total=226316044288
GGML_VK_HOST_COPY #252100 bytes=922112 total=226399500288
GGML_VK_HOST_COPY #252200 bytes=422912 total=226489483776
GGML_VK_HOST_COPY #252300 bytes=1267712 total=226574437376
GGML_VK_HOST_COPY #252400 bytes=2304512 total=226668376576
GGML_VK_HOST_COPY #252500 bytes=422912 total=226762430976
GGML_VK_HOST_COPY #252600 bytes=845312 total=226859211264
GGML_VK_HOST_COPY #252700 bytes=1267712 total=226959793664
GGML_VK_HOST_COPY #252800 bytes=461312 total=227061719552
GGML_VK_HOST_COPY #252900 bytes=525312 total=227168189440
GGML_VK_HOST_COPY #253000 bytes=2624512 total=227298390528
GGML_VK_HOST_COPY #253100 bytes=1382912 total=227425750016
GGML_VK_HOST_COPY #253200 bytes=461312 total=227537314816
GGML_VK_HOST_COPY #253300 bytes=1075712 total=227626197504
GGML_VK_HOST_COPY #253400 bytes=717312 total=227714415104
GGML_VK_HOST_COPY #253500 bytes=461312 total=227813282304
GGML_VK_HOST_COPY #253600 bytes=845312 total=227930799104
GGML_VK_HOST_COPY #253700 bytes=845312 total=228021243904
GGML_VK_HOST_COPY #253800 bytes=422912 total=228112955904
GGML_VK_HOST_COPY #253900 bytes=461312 total=228214997504
GGML_VK_HOST_COPY #254000 bytes=525312 total=228318831104
GGML_VK_HOST_COPY #254100 bytes=1574912 total=228477896704
GGML_VK_HOST_COPY #254200 bytes=1574912 total=228631714304
GGML_VK_HOST_COPY #254300 bytes=1843712 total=228756514304
GGML_SCHED_UPLOAD_STATS layers=48 copies=6027 bytes=5618615808 branch_ms=57.12 id_ms=49.23 wait_ms=1136.69
GGML_VK_HOST_COPY #254400 bytes=525312 total=228877635072
GGML_VK_HOST_COPY #254500 bytes=1050112 total=228970575360
GGML_VK_HOST_COPY #254600 bytes=525312 total=229067714560
GGML_VK_HOST_COPY #254700 bytes=922112 total=229152283648
GGML_VK_HOST_COPY #254800 bytes=422912 total=229231035904
GGML_VK_HOST_COPY #254900 bytes=845312 total=229307541504
GGML_VK_HOST_COPY #255000 bytes=922112 total=229385314304
GGML_VK_HOST_COPY #255100 bytes=1382912 total=229464162304
GGML_VK_HOST_COPY #255200 bytes=525312 total=229556258304
GGML_VK_HOST_COPY #255300 bytes=525312 total=229647099392
GGML_VK_HOST_COPY #255400 bytes=461312 total=229739130880
GGML_VK_HOST_COPY #255500 bytes=525312 total=229825133568
GGML_VK_HOST_COPY #255600 bytes=1050112 total=229909152768
GGML_VK_HOST_COPY #255700 bytes=1050112 total=229992647168
GGML_VK_HOST_COPY #255800 bytes=922112 total=230070061568
GGML_VK_HOST_COPY #255900 bytes=461312 total=230143840768
GGML_VK_HOST_COPY #256000 bytes=422912 total=230213203968
GGML_VK_HOST_COPY #256100 bytes=422912 total=230282106368
GGML_VK_HOST_COPY #256200 bytes=461312 total=230357728768
GGML_VK_HOST_COPY #256300 bytes=525312 total=230436858368
GGML_VK_HOST_COPY #256400 bytes=525312 total=230531373568
GGML_VK_HOST_COPY #256500 bytes=461312 total=230624711168
GGML_VK_HOST_COPY #256600 bytes=922112 total=230702176768
GGML_VK_HOST_COPY #256700 bytes=1050112 total=230802592768
GGML_VK_HOST_COPY #256800 bytes=525312 total=230901831168
GGML_VK_HOST_COPY #256900 bytes=1382912 total=230988743168
GGML_VK_HOST_COPY #257000 bytes=461312 total=231073581568
GGML_VK_HOST_COPY #257100 bytes=1050112 total=231176570368
GGML_VK_HOST_COPY #257200 bytes=525312 total=231286304768
GGML_VK_HOST_COPY #257300 bytes=1843712 total=231392480768
GGML_VK_HOST_COPY #257400 bytes=358912 total=231483360768
GGML_VK_HOST_COPY #257500 bytes=358912 total=231544697856
GGML_VK_HOST_COPY #257600 bytes=717312 total=231606035456
GGML_VK_HOST_COPY #257700 bytes=461312 total=231685087744
GGML_VK_HOST_COPY #257800 bytes=422912 total=231761746432
GGML_VK_HOST_COPY #257900 bytes=845312 total=231845432320
GGML_VK_HOST_COPY #258000 bytes=422912 total=231921937920
GGML_VK_HOST_COPY #258100 bytes=922112 total=232003934208
GGML_VK_HOST_COPY #258200 bytes=845312 total=232097604096
GGML_VK_HOST_COPY #258300 bytes=422912 total=232185092096
GGML_VK_HOST_COPY #258400 bytes=461312 total=232270506496
GGML_VK_HOST_COPY #258500 bytes=461312 total=232365021696
GGML_VK_HOST_COPY #258600 bytes=422912 total=232460381696
GGML_VK_HOST_COPY #258700 bytes=422912 total=232550825984
GGML_VK_HOST_COPY #258800 bytes=922112 total=232646185472
GGML_VK_HOST_COPY #258900 bytes=922112 total=232744387072
GGML_VK_HOST_COPY #259000 bytes=3674112 total=232869736960
GGML_VK_HOST_COPY #259100 bytes=1050112 total=232999413248
GGML_VK_HOST_COPY #259200 bytes=1843712 total=233123598336
GGML_VK_HOST_COPY #259300 bytes=358912 total=233235265024
GGML_VK_HOST_COPY #259400 bytes=358912 total=233319540224
GGML_VK_HOST_COPY #259500 bytes=358912 total=233404890624
GGML_VK_HOST_COPY #259600 bytes=461312 total=233503757824
GGML_VK_HOST_COPY #259700 bytes=845312 total=233614631424
GGML_VK_HOST_COPY #259800 bytes=845312 total=233719437824
GGML_VK_HOST_COPY #259900 bytes=2304512 total=233828084224
GGML_VK_HOST_COPY #260000 bytes=1843712 total=233932276224
GGML_VK_HOST_COPY #260100 bytes=1574912 total=234059905024
GGML_VK_HOST_COPY #260200 bytes=525312 total=234199028224
GGML_VK_HOST_COPY #260300 bytes=461312 total=234347559424
GGML_SCHED_UPLOAD_STATS layers=48 copies=6039 bytes=5640484352 branch_ms=57.21 id_ms=49.21 wait_ms=1137.82
GGML_VK_HOST_COPY #260400 bytes=525312 total=234488658432
GGML_VK_HOST_COPY #260500 bytes=525312 total=234587372032
GGML_VK_HOST_COPY #260600 bytes=3149312 total=234681361920
GGML_VK_HOST_COPY #260700 bytes=461312 total=234766327808
GGML_VK_HOST_COPY #260800 bytes=422912 total=234852757504
GGML_VK_HOST_COPY #260900 bytes=2112512 total=234927573504
GGML_VK_HOST_COPY #261000 bytes=422912 total=235003234304
GGML_VK_HOST_COPY #261100 bytes=461312 total=235084770304
GGML_VK_HOST_COPY #261200 bytes=525312 total=235168827904
GGML_VK_HOST_COPY #261300 bytes=525312 total=235265966592
GGML_VK_HOST_COPY #261400 bytes=1050112 total=235359432192
GGML_VK_HOST_COPY #261500 bytes=922112 total=235442862080
GGML_VK_HOST_COPY #261600 bytes=525312 total=235527955968
GGML_VK_HOST_COPY #261700 bytes=1050112 total=235606727168
GGML_VK_HOST_COPY #261800 bytes=525312 total=235689171968
GGML_VK_HOST_COPY #261900 bytes=922112 total=235761760768
GGML_VK_HOST_COPY #262000 bytes=422912 total=235829895168
GGML_VK_HOST_COPY #262100 bytes=422912 total=235903443968
GGML_VK_HOST_COPY #262200 bytes=922112 total=235978874368
GGML_VK_HOST_COPY #262300 bytes=525312 total=236054343168
GGML_VK_HOST_COPY #262400 bytes=525312 total=236144659968
GGML_VK_HOST_COPY #262500 bytes=1574912 total=236237075968
GGML_VK_HOST_COPY #262600 bytes=922112 total=236315155968
GGML_VK_HOST_COPY #262700 bytes=1574912 total=236412141568
GGML_VK_HOST_COPY #262800 bytes=1050112 total=236506131968
GGML_VK_HOST_COPY #262900 bytes=525312 total=236606419968
GGML_VK_HOST_COPY #263000 bytes=1843712 total=236693805568
GGML_VK_HOST_COPY #263100 bytes=1574912 total=236786707968
GGML_VK_HOST_COPY #263200 bytes=1574912 total=236894867968
GGML_VK_HOST_COPY #263300 bytes=461312 total=237005920768
GGML_VK_HOST_COPY #263400 bytes=358912 total=237103507968
GGML_VK_HOST_COPY #263500 bytes=358912 total=237172013568
GGML_VK_HOST_COPY #263600 bytes=717312 total=237243027456
GGML_VK_HOST_COPY #263700 bytes=922112 total=237324127744
GGML_VK_HOST_COPY #263800 bytes=422912 total=237409887232
GGML_VK_HOST_COPY #263900 bytes=422912 total=237494840320
GGML_VK_HOST_COPY #264000 bytes=845312 total=237576414720
GGML_VK_HOST_COPY #264100 bytes=461312 total=237661713408
GGML_VK_HOST_COPY #264200 bytes=845312 total=237750276096
GGML_VK_HOST_COPY #264300 bytes=422912 total=237839876096
GGML_VK_HOST_COPY #264400 bytes=2957312 total=237924829696
GGML_VK_HOST_COPY #264500 bytes=461312 total=238014276096
GGML_VK_HOST_COPY #264600 bytes=422912 total=238121194496
GGML_VK_HOST_COPY #264700 bytes=422912 total=238218397696
GGML_VK_HOST_COPY #264800 bytes=1382912 total=238314103296
GGML_VK_HOST_COPY #264900 bytes=922112 total=238422442496
GGML_VK_HOST_COPY #265000 bytes=2624512 total=238539741696
GGML_VK_HOST_COPY #265100 bytes=1574912 total=238672566784
GGML_VK_HOST_COPY #265200 bytes=461312 total=238800604672
GGML_VK_HOST_COPY #265300 bytes=1075712 total=238908277760
GGML_VK_HOST_COPY #265400 bytes=1434112 total=238999362048
GGML_VK_HOST_COPY #265500 bytes=358912 total=239084354048
GGML_VK_HOST_COPY #265600 bytes=922112 total=239185319936
GGML_VK_HOST_COPY #265700 bytes=845312 total=239308711424
GGML_VK_HOST_COPY #265800 bytes=845312 total=239409716224
GGML_VK_HOST_COPY #265900 bytes=461312 total=239511181824
GGML_VK_HOST_COPY #266000 bytes=461312 total=239619521024
GGML_VK_HOST_COPY #266100 bytes=525312 total=239739802624
GGML_VK_HOST_COPY #266200 bytes=525312 total=239882074624
GGML_VK_HOST_COPY #266300 bytes=461312 total=240025665024
GGML_SCHED_UPLOAD_STATS layers=48 copies=6006 bytes=5672313856 branch_ms=46.76 id_ms=38.63 wait_ms=1139.47
2.26.210.049 I slot print_timing: id  0 | task 8 | prompt processing, n_tokens =  15868, progress = 0.97, t =  64.57 s / 245.74 tokens per second
GGML_VK_HOST_COPY #266400 bytes=525312 total=240160392192
GGML_VK_HOST_COPY #266500 bytes=525312 total=240263304192
GGML_VK_HOST_COPY #266600 bytes=525312 total=240354145280
GGML_VK_HOST_COPY #266700 bytes=1382912 total=240442631168
GGML_VK_HOST_COPY #266800 bytes=422912 total=240528372224
GGML_VK_HOST_COPY #266900 bytes=422912 total=240602343424
GGML_VK_HOST_COPY #267000 bytes=422912 total=240680961024
GGML_VK_HOST_COPY #267100 bytes=1843712 total=240760116224
GGML_VK_HOST_COPY #267200 bytes=525312 total=240843482624
GGML_VK_HOST_COPY #267300 bytes=525312 total=240939571712
GGML_VK_HOST_COPY #267400 bytes=525312 total=241031462912
GGML_VK_HOST_COPY #267500 bytes=461312 total=241118208000
GGML_VK_HOST_COPY #267600 bytes=1050112 total=241202610688
GGML_VK_HOST_COPY #267700 bytes=525312 total=241281381888
GGML_VK_HOST_COPY #267800 bytes=1050112 total=241362252288
GGML_VK_HOST_COPY #267900 bytes=461312 total=241435391488
GGML_VK_HOST_COPY #268000 bytes=422912 total=241504524288
GGML_VK_HOST_COPY #268100 bytes=1690112 total=241579762688
GGML_VK_HOST_COPY #268200 bytes=922112 total=241651199488
GGML_VK_HOST_COPY #268300 bytes=461312 total=241726821888
GGML_VK_HOST_COPY #268400 bytes=525312 total=241818469888
GGML_VK_HOST_COPY #268500 bytes=1574912 total=241905113088
GGML_VK_HOST_COPY #268600 bytes=1382912 total=241993061888
GGML_VK_HOST_COPY #268700 bytes=525312 total=242080972288
GGML_VK_HOST_COPY #268800 bytes=525312 total=242176537088
GGML_VK_HOST_COPY #268900 bytes=1050112 total=242277349888
GGML_VK_HOST_COPY #269000 bytes=922112 total=242364133888
GGML_VK_HOST_COPY #269100 bytes=525312 total=242447538688
GGML_VK_HOST_COPY #269200 bytes=525312 total=242560421888
GGML_VK_HOST_COPY #269300 bytes=2624512 total=242674354688
GGML_VK_HOST_COPY #269400 bytes=922112 total=242766617088
GGML_VK_HOST_COPY #269500 bytes=358912 total=242847820288
GGML_VK_HOST_COPY #269600 bytes=358912 total=242913816576
GGML_VK_HOST_COPY #269700 bytes=1382912 total=242989540864
GGML_VK_HOST_COPY #269800 bytes=422912 total=243076913152
GGML_VK_HOST_COPY #269900 bytes=422912 total=243157642752
GGML_VK_HOST_COPY #270000 bytes=1267712 total=243234147840
GGML_VK_HOST_COPY #270100 bytes=461312 total=243321136128
GGML_VK_HOST_COPY #270200 bytes=422912 total=243413270016
GGML_VK_HOST_COPY #270300 bytes=1267712 total=243495266816
GGML_VK_HOST_COPY #270400 bytes=422912 total=243579375104
GGML_VK_HOST_COPY #270500 bytes=461312 total=243667246592
GGML_VK_HOST_COPY #270600 bytes=422912 total=243764334080
GGML_VK_HOST_COPY #270700 bytes=1690112 total=243867027968
GGML_VK_HOST_COPY #270800 bytes=845312 total=243974368768
GGML_VK_HOST_COPY #270900 bytes=461312 total=244088621056
GGML_VK_HOST_COPY #271000 bytes=1574912 total=244200172544
GGML_VK_HOST_COPY #271100 bytes=525312 total=244337720832
GGML_VK_HOST_COPY #271200 bytes=461312 total=244467192320
GGML_VK_HOST_COPY #271300 bytes=358912 total=244579985408
GGML_VK_HOST_COPY #271400 bytes=358912 total=244671428608
GGML_VK_HOST_COPY #271500 bytes=358912 total=244753552896
GGML_VK_HOST_COPY #271600 bytes=461312 total=244856003584
GGML_VK_HOST_COPY #271700 bytes=845312 total=244978012672
GGML_VK_HOST_COPY #271800 bytes=422912 total=245083663360
GGML_VK_HOST_COPY #271900 bytes=422912 total=245183400960
GGML_VK_HOST_COPY #272000 bytes=1382912 total=245291739648
GGML_VK_HOST_COPY #272100 bytes=3674112 total=245410241536
GGML_VK_HOST_COPY #272200 bytes=1574912 total=245563534336
GGML_VK_HOST_COPY #272300 bytes=1382912 total=245711169536
GGML_VK_HOST_COPY #272400 bytes=2304512 total=245850382336
GGML_SCHED_UPLOAD_STATS layers=48 copies=6021 bytes=5701756928 branch_ms=55.56 id_ms=47.84 wait_ms=1153.56
2.28.742.695 I slot print_timing: id  0 | task 8 | prompt processing, n_tokens =  16380, progress = 1.00, t =  67.11 s / 244.09 tokens per second
GGML_SCHED_UPLOAD_STATS layers=0 copies=0 bytes=0 branch_ms=0.00 id_ms=0.00 wait_ms=0.28
2.30.284.986 I slot print_timing: id  0 | task 8 | prompt eval time =   68647.43 ms / 16384 tokens (    4.19 ms per token,   238.67 tokens per second)
2.30.284.989 I slot print_timing: id  0 | task 8 |        eval time =       0.00 ms /     1 tokens (    0.00 ms per token,     0.00 tokens per second)
2.30.284.989 I slot print_timing: id  0 | task 8 |       total time =   68647.43 ms / 16385 tokens
2.30.284.990 I slot print_timing: id  0 | task 8 |    graphs reused =          1
2.30.285.179 I slot      release: id  0 | task 8 | stop processing: n_tokens = 16384, truncated = 0
2.30.303.638 I slot get_availabl: id  0 | task -1 | selected slot by LCP similarity, f_sim_best = 1.000 (> 0.100 thold), f_keep = 1.000
2.30.303.690 I slot launch_slot_: id  0 | task 19 | processing task, is_child = 0
GGML_SCHED_UPLOAD_STATS layers=0 copies=0 bytes=0 branch_ms=0.00 id_ms=0.00 wait_ms=0.24
2.30.560.912 I slot print_timing: id  0 | task 19 | prompt eval time =     257.20 ms /     4 tokens (   64.30 ms per token,    15.55 tokens per second)
2.30.560.914 I slot print_timing: id  0 | task 19 |        eval time =       0.00 ms /     1 tokens (    0.00 ms per token,     0.00 tokens per second)
2.30.560.914 I slot print_timing: id  0 | task 19 |       total time =     257.20 ms /     5 tokens
2.30.560.915 I slot print_timing: id  0 | task 19 |    graphs reused =          2
2.30.561.040 I slot      release: id  0 | task 19 | stop processing: n_tokens = 16384, truncated = 0
2.30.594.375 I slot get_availabl: id  0 | task -1 | selected slot by LCP similarity, f_sim_best = 0.970 (> 0.100 thold), f_keep = 1.000
2.30.594.421 I slot launch_slot_: id  0 | task 21 | processing task, is_child = 0
GGML_VK_HOST_COPY #272500 bytes=525312 total=245948679680
GGML_VK_HOST_COPY #272600 bytes=525312 total=246069959168
GGML_VK_HOST_COPY #272700 bytes=1382912 total=246199328256
GGML_VK_HOST_COPY #272800 bytes=1382912 total=246314118656
GGML_VK_HOST_COPY #272900 bytes=1267712 total=246432169472
GGML_VK_HOST_COPY #273000 bytes=1690112 total=246536131072
GGML_VK_HOST_COPY #273100 bytes=461312 total=246644931072
GGML_VK_HOST_COPY #273200 bytes=1574912 total=246773801472
GGML_VK_HOST_COPY #273300 bytes=4198912 total=246941788160
GGML_VK_HOST_COPY #273400 bytes=1382912 total=247111029248
GGML_VK_HOST_COPY #273500 bytes=461312 total=247255771648
GGML_VK_HOST_COPY #273600 bytes=3149312 total=247383118336
GGML_VK_HOST_COPY #273700 bytes=525312 total=247484455424
GGML_VK_HOST_COPY #273800 bytes=461312 total=247599501312
GGML_VK_HOST_COPY #273900 bytes=461312 total=247706918912
GGML_VK_HOST_COPY #274000 bytes=422912 total=247813644800
GGML_VK_HOST_COPY #274100 bytes=1267712 total=247918028800
GGML_VK_HOST_COPY #274200 bytes=922112 total=248027942400
GGML_VK_HOST_COPY #274300 bytes=525312 total=248151603200
GGML_VK_HOST_COPY #274400 bytes=525312 total=248310668800
GGML_VK_HOST_COPY #274500 bytes=1574912 total=248468684800
GGML_VK_HOST_COPY #274600 bytes=461312 total=248600051200
GGML_VK_HOST_COPY #274700 bytes=2099712 total=248752076800
GGML_VK_HOST_COPY #274800 bytes=525312 total=248903269888
GGML_VK_HOST_COPY #274900 bytes=461312 total=249040267776
GGML_VK_HOST_COPY #275000 bytes=2624512 total=249171172864
GGML_VK_HOST_COPY #275100 bytes=2624512 total=249343358464
GGML_VK_HOST_COPY #275200 bytes=4198912 total=249519217664
GGML_VK_HOST_COPY #275300 bytes=461312 total=249669489664
GGML_VK_HOST_COPY #275400 bytes=358912 total=249766923264
GGML_VK_HOST_COPY #275500 bytes=1075712 total=249858724864
GGML_VK_HOST_COPY #275600 bytes=1382912 total=249953700864
GGML_VK_HOST_COPY #275700 bytes=461312 total=250059736064
GGML_VK_HOST_COPY #275800 bytes=1267712 total=250182513664
GGML_VK_HOST_COPY #275900 bytes=2534912 total=250308861952
GGML_VK_HOST_COPY #276000 bytes=461312 total=250444503040
GGML_VK_HOST_COPY #276100 bytes=422912 total=250566320128
GGML_VK_HOST_COPY #276200 bytes=422912 total=250696470528
GGML_VK_HOST_COPY #276300 bytes=922112 total=250824124928
GGML_VK_HOST_COPY #276400 bytes=1267712 total=250963683328
GGML_VK_HOST_COPY #276500 bytes=845312 total=251090454528
GGML_VK_HOST_COPY #276600 bytes=1690112 total=251217647616
GGML_VK_HOST_COPY #276700 bytes=461312 total=251354171904
GGML_VK_HOST_COPY #276800 bytes=1050112 total=251493358592
GGML_VK_HOST_COPY #276900 bytes=1050112 total=251646650880
GGML_VK_HOST_COPY #277000 bytes=1843712 total=251794055168
GGML_VK_HOST_COPY #277100 bytes=358912 total=251915808256
GGML_VK_HOST_COPY #277200 bytes=1434112 total=251993632256
GGML_VK_HOST_COPY #277300 bytes=358912 total=252065362944
GGML_VK_HOST_COPY #277400 bytes=461312 total=252155218432
GGML_VK_HOST_COPY #277500 bytes=1267712 total=252271544320
GGML_VK_HOST_COPY #277600 bytes=2957312 total=252405918720
GGML_VK_HOST_COPY #277700 bytes=422912 total=252540293120
GGML_VK_HOST_COPY #277800 bytes=461312 total=252678661120
GGML_VK_HOST_COPY #277900 bytes=525312 total=252840670720
GGML_VK_HOST_COPY #278000 bytes=525312 total=252997112320
GGML_VK_HOST_COPY #278100 bytes=2765312 total=253144427520
GGML_SCHED_UPLOAD_STATS layers=48 copies=5721 bytes=7351704064 branch_ms=44.60 id_ms=36.95 wait_ms=1273.45
GGML_SCHED_UPLOAD_STATS layers=0 copies=0 bytes=0 branch_ms=0.00 id_ms=0.00 wait_ms=0.40
2.33.641.451 I slot print_timing: id  0 | task 21 | prompt eval time =    3047.01 ms /   510 tokens (    5.97 ms per token,   167.38 tokens per second)
2.33.641.454 I slot print_timing: id  0 | task 21 |        eval time =       0.00 ms /     1 tokens (    0.00 ms per token,     0.00 tokens per second)
2.33.641.454 I slot print_timing: id  0 | task 21 |       total time =    3047.01 ms /   511 tokens
2.33.641.455 I slot print_timing: id  0 | task 21 |    graphs reused =          2
2.33.641.588 I slot      release: id  0 | task 21 | stop processing: n_tokens = 16894, truncated = 0
2.33.656.194 I slot get_availabl: id  0 | task -1 | selected slot by LCP similarity, f_sim_best = 1.000 (> 0.100 thold), f_keep = 0.970
2.33.656.240 I slot launch_slot_: id  0 | task 24 | processing task, is_child = 0
GGML_SCHED_UPLOAD_STATS layers=0 copies=0 bytes=0 branch_ms=0.00 id_ms=0.00 wait_ms=0.27
2.33.918.980 I slot print_timing: id  0 | task 24 | prompt eval time =     262.72 ms /     4 tokens (   65.68 ms per token,    15.23 tokens per second)
2.33.918.982 I slot print_timing: id  0 | task 24 |        eval time =       0.00 ms /     1 tokens (    0.00 ms per token,     0.00 tokens per second)
2.33.918.983 I slot print_timing: id  0 | task 24 |       total time =     262.72 ms /     5 tokens
2.33.918.983 I slot print_timing: id  0 | task 24 |    graphs reused =          2
2.33.919.109 I slot      release: id  0 | task 24 | stop processing: n_tokens = 16384, truncated = 0
2.33.933.475 I slot get_availabl: id  0 | task -1 | selected slot by LCP similarity, f_sim_best = 1.000 (> 0.100 thold), f_keep = 1.000
2.33.933.519 I slot launch_slot_: id  0 | task 26 | processing task, is_child = 0
GGML_VK_HOST_COPY #278200 bytes=409600 total=253245474304
GGML_SCHED_UPLOAD_STATS layers=0 copies=0 bytes=0 branch_ms=0.00 id_ms=0.00 wait_ms=0.25
GGML_SCHED_UPLOAD_STATS layers=0 copies=0 bytes=0 branch_ms=0.00 id_ms=0.00 wait_ms=0.05
GGML_SCHED_UPLOAD_STATS layers=0 copies=0 bytes=0 branch_ms=0.00 id_ms=0.00 wait_ms=0.05
GGML_SCHED_UPLOAD_STATS layers=0 copies=0 bytes=0 branch_ms=0.00 id_ms=0.00 wait_ms=0.06
GGML_SCHED_UPLOAD_STATS layers=0 copies=0 bytes=0 branch_ms=0.00 id_ms=0.00 wait_ms=0.06
GGML_SCHED_UPLOAD_STATS layers=0 copies=0 bytes=0 branch_ms=0.00 id_ms=0.00 wait_ms=0.06
GGML_SCHED_UPLOAD_STATS layers=0 copies=0 bytes=0 branch_ms=0.00 id_ms=0.00 wait_ms=0.05
GGML_SCHED_UPLOAD_STATS layers=0 copies=0 bytes=0 branch_ms=0.00 id_ms=0.00 wait_ms=0.05
GGML_SCHED_UPLOAD_STATS layers=0 copies=0 bytes=0 branch_ms=0.00 id_ms=0.00 wait_ms=0.06
GGML_SCHED_UPLOAD_STATS layers=0 copies=0 bytes=0 branch_ms=0.00 id_ms=0.00 wait_ms=0.06
GGML_SCHED_UPLOAD_STATS layers=0 copies=0 bytes=0 branch_ms=0.00 id_ms=0.00 wait_ms=0.06
GGML_SCHED_UPLOAD_STATS layers=0 copies=0 bytes=0 branch_ms=0.00 id_ms=0.00 wait_ms=0.06
GGML_SCHED_UPLOAD_STATS layers=0 copies=0 bytes=0 branch_ms=0.00 id_ms=0.00 wait_ms=0.06
GGML_SCHED_UPLOAD_STATS layers=0 copies=0 bytes=0 branch_ms=0.00 id_ms=0.00 wait_ms=0.06
GGML_SCHED_UPLOAD_STATS layers=0 copies=0 bytes=0 branch_ms=0.00 id_ms=0.00 wait_ms=0.06
GGML_SCHED_UPLOAD_STATS layers=0 copies=0 bytes=0 branch_ms=0.00 id_ms=0.00 wait_ms=0.06
GGML_SCHED_UPLOAD_STATS layers=0 copies=0 bytes=0 branch_ms=0.00 id_ms=0.00 wait_ms=0.06
GGML_SCHED_UPLOAD_STATS layers=0 copies=0 bytes=0 branch_ms=0.00 id_ms=0.00 wait_ms=0.06
GGML_SCHED_UPLOAD_STATS layers=0 copies=0 bytes=0 branch_ms=0.00 id_ms=0.00 wait_ms=0.05
GGML_SCHED_UPLOAD_STATS layers=0 copies=0 bytes=0 branch_ms=0.00 id_ms=0.00 wait_ms=0.06
GGML_SCHED_UPLOAD_STATS layers=0 copies=0 bytes=0 branch_ms=0.00 id_ms=0.00 wait_ms=0.06
GGML_SCHED_UPLOAD_STATS layers=0 copies=0 bytes=0 branch_ms=0.00 id_ms=0.00 wait_ms=0.05
GGML_SCHED_UPLOAD_STATS layers=0 copies=0 bytes=0 branch_ms=0.00 id_ms=0.00 wait_ms=0.06
GGML_SCHED_UPLOAD_STATS layers=0 copies=0 bytes=0 branch_ms=0.00 id_ms=0.00 wait_ms=0.06
GGML_SCHED_UPLOAD_STATS layers=0 copies=0 bytes=0 branch_ms=0.00 id_ms=0.00 wait_ms=0.06
GGML_SCHED_UPLOAD_STATS layers=0 copies=0 bytes=0 branch_ms=0.00 id_ms=0.00 wait_ms=0.06
GGML_SCHED_UPLOAD_STATS layers=0 copies=0 bytes=0 branch_ms=0.00 id_ms=0.00 wait_ms=0.06
GGML_SCHED_UPLOAD_STATS layers=0 copies=0 bytes=0 branch_ms=0.00 id_ms=0.00 wait_ms=0.05
GGML_SCHED_UPLOAD_STATS layers=0 copies=0 bytes=0 branch_ms=0.00 id_ms=0.00 wait_ms=0.05
GGML_SCHED_UPLOAD_STATS layers=0 copies=0 bytes=0 branch_ms=0.00 id_ms=0.00 wait_ms=0.07
GGML_SCHED_UPLOAD_STATS layers=0 copies=0 bytes=0 branch_ms=0.00 id_ms=0.00 wait_ms=0.05
GGML_SCHED_UPLOAD_STATS layers=0 copies=0 bytes=0 branch_ms=0.00 id_ms=0.00 wait_ms=0.06
2.36.627.004 I slot print_timing: id  0 | task 26 | prompt eval time =     254.89 ms /     4 tokens (   63.72 ms per token,    15.69 tokens per second)
2.36.627.006 I slot print_timing: id  0 | task 26 |        eval time =    2438.57 ms /    32 tokens (   78.66 ms per token,    12.71 tokens per second)
2.36.627.006 I slot print_timing: id  0 | task 26 |       total time =    2693.46 ms /    36 tokens
2.36.627.007 I slot print_timing: id  0 | task 26 |    graphs reused =         33
2.36.627.131 I slot      release: id  0 | task 26 | stop processing: n_tokens = 16415, truncated = 0
2.36.636.100 I srv    operator(): operator(): cleaning up before exit...
